{"timestamp":"2026-08-28T21:30:39.640865Z","level":"info","event":"DAG bundles loaded: dags-folder","logger":"airflow.dag_processing.bundles.manager.DagBundlesManager","filename":"manager.py","lineno":209}
{"timestamp":"2026-08-28T21:30:39.643559Z","level":"info","event":"Filling up the DagBag from /opt/airflow/dags/meddata_pipeline.py","logger":"airflow.dag_processing.dagbag.BundleDagBag","filename":"dagbag.py","lineno":469}
{"timestamp":"2026-08-28T21:30:40.220761Z","level":"info","event":"Default Auth client Circuit breaker strategy enabled","logger":"oci.circuit_breaker","filename":"__init__.py","lineno":28}
{"timestamp":"2026-08-28T21:30:40.563116Z","level":"warning","event":"The `airflow.hooks.base.BaseHook` attribute is deprecated. Please use `'airflow.sdk.bases.hook.BaseHook'`.","category":"UserWarning","filename":"/opt/airflow/dags/meddata_pipeline.py","lineno":11,"logger":"py.warnings"}
{"timestamp":"2026-08-28T21:30:40.600104Z","level":"info","event":"[INGESTAO] Baixando dados para SP/2024/08","logger":"task.stdout"}
{"timestamp":"2026-08-28T21:30:40.600910Z","level":"info","event":"==================================================","logger":"task.stdout"}
{"timestamp":"2026-08-28T21:30:40.601459Z","level":"info","event":"INICIANDO INGESTÃO DE DADOS","logger":"task.stdout"}
{"timestamp":"2026-08-28T21:30:40.601941Z","level":"info","event":"UF: SP | Ano: 2024 | Mês: 08","logger":"task.stdout"}
{"timestamp":"2026-08-28T21:30:40.602416Z","level":"info","event":"Upload para OCI: NÃO","logger":"task.stdout"}
{"timestamp":"2026-08-28T21:30:40.602900Z","level":"info","event":"==================================================","logger":"task.stdout"}
{"timestamp":"2026-08-28T21:30:40.603359Z","level":"info","event":"[SIH] Baixando dados: SP 2024/08","logger":"task.stdout"}
{"timestamp":"2026-08-28T21:30:53.411587Z","level":"error","event":"\rDownloading sih:   0%|          | 0/3 [00:00<?, ?file/s]","logger":"task.stderr"}
{"timestamp":"2026-08-28T21:30:53.486593Z","level":"error","event":"\rRJSP2408.parquet: 0.00B [00:00, ?B/s]\u001b[A","logger":"task.stderr"}
{"timestamp":"2026-08-28T21:30:53.487586Z","level":"error","event":"","logger":"task.stderr"}
{"timestamp":"2026-08-28T21:30:53.533498Z","level":"error","event":"\rERSP2408.parquet: 0.00B [00:00, ?B/s]\u001b[A\u001b[A","logger":"task.stderr"}
{"timestamp":"2026-08-28T21:30:53.534355Z","level":"error","event":"","logger":"task.stderr"}
{"timestamp":"2026-08-28T21:30:53.534948Z","level":"error","event":"","logger":"task.stderr"}
{"timestamp":"2026-08-28T21:30:55.136201Z","level":"error","event":"\rRDSP2408.parquet: 0.00B [00:00, ?B/s]\u001b[A\u001b[A\u001b[A","logger":"task.stderr"}
{"timestamp":"2026-08-28T21:30:55.136985Z","level":"error","event":"","logger":"task.stderr"}
{"timestamp":"2026-08-28T21:30:55.137638Z","level":"error","event":"","logger":"task.stderr"}
{"timestamp":"2026-08-28T21:30:55.138398Z","level":"error","event":"\rRDSP2408.parquet:   0%|          | 0.00/14.3M [00:00<?, ?B/s]\u001b[A\u001b[A\u001b[A","logger":"task.stderr"}
{"timestamp":"2026-08-28T21:30:55.139019Z","level":"error","event":"","logger":"task.stderr"}
{"timestamp":"2026-08-28T21:30:55.139598Z","level":"error","event":"","logger":"task.stderr"}
{"timestamp":"2026-08-28T21:30:55.142221Z","level":"error","event":"\rRDSP2408.parquet:   0%|          | 65.5k/14.3M [00:00<00:00, 405MB/s]\u001b[A\u001b[A\u001b[A","logger":"task.stderr"}
{"timestamp":"2026-08-28T21:30:55.143073Z","level":"error","event":"","logger":"task.stderr"}
{"timestamp":"2026-08-28T21:30:55.143764Z","level":"error","event":"\rERSP2408.parquet:   0%|          | 0.00/255k [00:00<?, ?B/s]\u001b[A\u001b[A","logger":"task.stderr"}
{"timestamp":"2026-08-28T21:30:55.144305Z","level":"error","event":"","logger":"task.stderr"}
{"timestamp":"2026-08-28T21:30:55.280826Z","level":"error","event":"\rERSP2408.parquet:  26%|██▌       | 65.5k/255k [00:00<00:00, 394MB/s]\u001b[A\u001b[A","logger":"task.stderr"}
{"timestamp":"2026-08-28T21:30:55.281705Z","level":"error","event":"\rRJSP2408.parquet:   0%|          | 0.00/595k [00:00<?, ?B/s]\u001b[A","logger":"task.stderr"}
{"timestamp":"2026-08-28T21:30:55.327151Z","level":"error","event":"\rRJSP2408.parquet:  11%|█         | 65.5k/595k [00:00<00:00, 441MB/s]\u001b[A","logger":"task.stderr"}
{"timestamp":"2026-08-28T21:30:55.328037Z","level":"error","event":"","logger":"task.stderr"}
{"timestamp":"2026-08-28T21:30:55.328798Z","level":"error","event":"","logger":"task.stderr"}
{"timestamp":"2026-08-28T21:30:55.342314Z","level":"error","event":"\rRDSP2408.parquet:   1%|          | 131k/14.3M [00:00<00:20, 686kB/s] \u001b[A\u001b[A\u001b[A","logger":"task.stderr"}
{"timestamp":"2026-08-28T21:30:55.343183Z","level":"error","event":"","logger":"task.stderr"}
{"timestamp":"2026-08-28T21:30:55.433609Z","level":"error","event":"\rERSP2408.parquet:  51%|█████▏    | 131k/255k [00:00<00:00, 655kB/s] \u001b[A\u001b[A","logger":"task.stderr"}
{"timestamp":"2026-08-28T21:30:55.434515Z","level":"error","event":"","logger":"task.stderr"}
{"timestamp":"2026-08-28T21:30:55.435085Z","level":"error","event":"","logger":"task.stderr"}
{"timestamp":"2026-08-28T21:30:55.457819Z","level":"error","event":"\rRDSP2408.parquet:   1%|▏         | 197k/14.3M [00:00<00:21, 661kB/s]\u001b[A\u001b[A\u001b[A","logger":"task.stderr"}
{"timestamp":"2026-08-28T21:30:55.458606Z","level":"error","event":"","logger":"task.stderr"}
{"timestamp":"2026-08-28T21:30:55.473519Z","level":"error","event":"\rERSP2408.parquet:  77%|███████▋  | 197k/255k [00:00<00:00, 623kB/s]\u001b[A\u001b[A","logger":"task.stderr"}
{"timestamp":"2026-08-28T21:30:55.533179Z","level":"error","event":"\rRJSP2408.parquet:  22%|██▏       | 131k/595k [00:00<00:00, 680kB/s] \u001b[A","logger":"task.stderr"}
{"timestamp":"2026-08-28T21:30:55.534061Z","level":"error","event":"","logger":"task.stderr"}
{"timestamp":"2026-08-28T21:30:55.534648Z","level":"error","event":"","logger":"task.stderr"}
{"timestamp":"2026-08-28T21:30:55.544568Z","level":"error","event":"\rRDSP2408.parquet:   2%|▏         | 262k/14.3M [00:00<00:21, 660kB/s]\u001b[A\u001b[A\u001b[A","logger":"task.stderr"}
{"timestamp":"2026-08-28T21:30:55.545583Z","level":"error","event":"","logger":"task.stderr"}
{"timestamp":"2026-08-28T21:30:55.588116Z","level":"error","event":"\rERSP2408.parquet: 100%|██████████| 255k/255k [00:00<00:00, 634kB/s]\u001b[A\u001b[A\rERSP2408.parquet: 100%|██████████| 255k/255k [00:00<00:00, 572kB/s]","logger":"task.stderr"}
{"timestamp":"2026-08-28T21:30:55.590039Z","level":"error","event":"","logger":"task.stderr"}
{"timestamp":"2026-08-28T21:30:55.614567Z","level":"error","event":"\rRJSP2408.parquet:  33%|███▎      | 197k/595k [00:00<00:00, 636kB/s]\u001b[A\rDownloading sih:  33%|███▎      | 1/3 [00:02<00:04,  2.19s/file]","logger":"task.stderr"}
{"timestamp":"2026-08-28T21:30:55.615438Z","level":"error","event":"","logger":"task.stderr"}
{"timestamp":"2026-08-28T21:30:55.616126Z","level":"error","event":"","logger":"task.stderr"}
{"timestamp":"2026-08-28T21:30:55.664782Z","level":"error","event":"\rRDSP2408.parquet:   2%|▏         | 328k/14.3M [00:00<00:20, 685kB/s]\u001b[A\u001b[A\u001b[A","logger":"task.stderr"}
{"timestamp":"2026-08-28T21:30:55.665562Z","level":"error","event":"","logger":"task.stderr"}
{"timestamp":"2026-08-28T21:30:55.666236Z","level":"error","event":"","logger":"task.stderr"}
{"timestamp":"2026-08-28T21:30:55.678592Z","level":"error","event":"\rRDSP2408.parquet:   3%|▎         | 393k/14.3M [00:00<00:18, 744kB/s]\u001b[A\u001b[A\u001b[A","logger":"task.stderr"}
{"timestamp":"2026-08-28T21:30:55.708208Z","level":"error","event":"\rRJSP2408.parquet:  44%|████▍     | 262k/595k [00:00<00:00, 659kB/s]\u001b[A","logger":"task.stderr"}
{"timestamp":"2026-08-28T21:30:55.709051Z","level":"error","event":"","logger":"task.stderr"}
{"timestamp":"2026-08-28T21:30:55.709663Z","level":"error","event":"","logger":"task.stderr"}
{"timestamp":"2026-08-28T21:30:55.759503Z","level":"error","event":"\rRDSP2408.parquet:   3%|▎         | 459k/14.3M [00:00<00:17, 802kB/s]\u001b[A\u001b[A\u001b[A","logger":"task.stderr"}
{"timestamp":"2026-08-28T21:30:55.765533Z","level":"error","event":"\rRJSP2408.parquet:  55%|█████▌    | 328k/595k [00:00<00:00, 684kB/s]\u001b[A","logger":"task.stderr"}
{"timestamp":"2026-08-28T21:30:55.766351Z","level":"error","event":"","logger":"task.stderr"}
{"timestamp":"2026-08-28T21:30:55.766947Z","level":"error","event":"","logger":"task.stderr"}
{"timestamp":"2026-08-28T21:30:55.798633Z","level":"error","event":"\rRDSP2408.parquet:   4%|▎         | 524k/14.3M [00:00<00:16, 833kB/s]\u001b[A\u001b[A\u001b[A","logger":"task.stderr"}
{"timestamp":"2026-08-28T21:30:55.799486Z","level":"error","event":"","logger":"task.stderr"}
{"timestamp":"2026-08-28T21:30:55.800068Z","level":"error","event":"","logger":"task.stderr"}
{"timestamp":"2026-08-28T21:30:55.810441Z","level":"error","event":"\rRDSP2408.parquet:   4%|▍         | 590k/14.3M [00:00<00:15, 890kB/s]\u001b[A\u001b[A\u001b[A","logger":"task.stderr"}
{"timestamp":"2026-08-28T21:30:55.831760Z","level":"error","event":"\rRJSP2408.parquet:  66%|██████▌   | 393k/595k [00:00<00:00, 742kB/s]\u001b[A","logger":"task.stderr"}
{"timestamp":"2026-08-28T21:30:55.832600Z","level":"error","event":"","logger":"task.stderr"}
{"timestamp":"2026-08-28T21:30:55.833264Z","level":"error","event":"","logger":"task.stderr"}
{"timestamp":"2026-08-28T21:30:55.854743Z","level":"error","event":"\rRDSP2408.parquet:   5%|▍         | 655k/14.3M [00:00<00:14, 942kB/s]\u001b[A\u001b[A\u001b[A","logger":"task.stderr"}
{"timestamp":"2026-08-28T21:30:55.857845Z","level":"error","event":"\rRJSP2408.parquet:  77%|███████▋  | 459k/595k [00:00<00:00, 799kB/s]\u001b[A","logger":"task.stderr"}
{"timestamp":"2026-08-28T21:30:55.858531Z","level":"error","event":"","logger":"task.stderr"}
{"timestamp":"2026-08-28T21:30:55.859084Z","level":"error","event":"","logger":"task.stderr"}
{"timestamp":"2026-08-28T21:30:55.889431Z","level":"error","event":"\rRDSP2408.parquet:   5%|▌         | 721k/14.3M [00:00<00:13, 999kB/s]\u001b[A\u001b[A\u001b[A","logger":"task.stderr"}
{"timestamp":"2026-08-28T21:30:55.890213Z","level":"error","event":"","logger":"task.stderr"}
{"timestamp":"2026-08-28T21:30:55.890861Z","level":"error","event":"","logger":"task.stderr"}
{"timestamp":"2026-08-28T21:30:55.899657Z","level":"error","event":"\rRDSP2408.parquet:   6%|▌         | 786k/14.3M [00:00<00:12, 1.04MB/s]\u001b[A\u001b[A\u001b[A","logger":"task.stderr"}
{"timestamp":"2026-08-28T21:30:55.913900Z","level":"error","event":"\rRJSP2408.parquet:  88%|████████▊ | 524k/595k [00:00<00:00, 847kB/s]\u001b[A","logger":"task.stderr"}
{"timestamp":"2026-08-28T21:30:55.914691Z","level":"error","event":"","logger":"task.stderr"}
{"timestamp":"2026-08-28T21:30:55.915307Z","level":"error","event":"","logger":"task.stderr"}
{"timestamp":"2026-08-28T21:30:55.935778Z","level":"error","event":"\rRDSP2408.parquet:   6%|▌         | 852k/14.3M [00:00<00:12, 1.10MB/s]\u001b[A\u001b[A\u001b[A","logger":"task.stderr"}
{"timestamp":"2026-08-28T21:30:55.936593Z","level":"error","event":"","logger":"task.stderr"}
{"timestamp":"2026-08-28T21:30:55.937294Z","level":"error","event":"","logger":"task.stderr"}
{"timestamp":"2026-08-28T21:30:55.939152Z","level":"error","event":"\rRDSP2408.parquet:   6%|▋         | 918k/14.3M [00:00<00:11, 1.15MB/s]\u001b[A\u001b[A\u001b[A","logger":"task.stderr"}
{"timestamp":"2026-08-28T21:30:55.939863Z","level":"error","event":"\rRJSP2408.parquet:  99%|█████████▉| 590k/595k [00:00<00:00, 896kB/s]\u001b[A","logger":"task.stderr"}
{"timestamp":"2026-08-28T21:30:55.970937Z","level":"error","event":"\rRJSP2408.parquet: 100%|██████████| 595k/595k [00:00<00:00, 902kB/s]\u001b[A\rRJSP2408.parquet: 100%|██████████| 595k/595k [00:00<00:00, 862kB/s]","logger":"task.stderr"}
{"timestamp":"2026-08-28T21:30:55.972467Z","level":"error","event":"","logger":"task.stderr"}
{"timestamp":"2026-08-28T21:30:55.973239Z","level":"error","event":"","logger":"task.stderr"}
{"timestamp":"2026-08-28T21:30:55.974033Z","level":"error","event":"","logger":"task.stderr"}
{"timestamp":"2026-08-28T21:30:55.983078Z","level":"error","event":"\rRDSP2408.parquet:   7%|▋         | 983k/14.3M [00:00<00:11, 1.18MB/s]\u001b[A\u001b[A\u001b[A\rDownloading sih:  67%|██████▋   | 2/3 [00:02<00:01,  1.12s/file]","logger":"task.stderr"}
{"timestamp":"2026-08-28T21:30:55.983774Z","level":"error","event":"","logger":"task.stderr"}
{"timestamp":"2026-08-28T21:30:55.984355Z","level":"error","event":"","logger":"task.stderr"}
{"timestamp":"2026-08-28T21:30:56.001977Z","level":"error","event":"\rRDSP2408.parquet:   7%|▋         | 1.05M/14.3M [00:00<00:10, 1.24MB/s]\u001b[A\u001b[A\u001b[A","logger":"task.stderr"}
{"timestamp":"2026-08-28T21:30:56.002757Z","level":"error","event":"","logger":"task.stderr"}
{"timestamp":"2026-08-28T21:30:56.003323Z","level":"error","event":"","logger":"task.stderr"}
{"timestamp":"2026-08-28T21:30:56.018474Z","level":"error","event":"\rRDSP2408.parquet:   8%|▊         | 1.11M/14.3M [00:00<00:10, 1.29MB/s]\u001b[A\u001b[A\u001b[A","logger":"task.stderr"}
{"timestamp":"2026-08-28T21:30:56.019320Z","level":"error","event":"","logger":"task.stderr"}
{"timestamp":"2026-08-28T21:30:56.019890Z","level":"error","event":"","logger":"task.stderr"}
{"timestamp":"2026-08-28T21:30:56.034237Z","level":"error","event":"\rRDSP2408.parquet:   8%|▊         | 1.18M/14.3M [00:00<00:09, 1.34MB/s]\u001b[A\u001b[A\u001b[A","logger":"task.stderr"}
{"timestamp":"2026-08-28T21:30:56.035098Z","level":"error","event":"","logger":"task.stderr"}
{"timestamp":"2026-08-28T21:30:56.035703Z","level":"error","event":"","logger":"task.stderr"}
{"timestamp":"2026-08-28T21:30:56.053000Z","level":"error","event":"\rRDSP2408.parquet:   9%|▊         | 1.25M/14.3M [00:00<00:09, 1.39MB/s]\u001b[A\u001b[A\u001b[A","logger":"task.stderr"}
{"timestamp":"2026-08-28T21:30:56.053845Z","level":"error","event":"","logger":"task.stderr"}
{"timestamp":"2026-08-28T21:30:56.054493Z","level":"error","event":"","logger":"task.stderr"}
{"timestamp":"2026-08-28T21:30:56.066346Z","level":"error","event":"\rRDSP2408.parquet:   9%|▉         | 1.31M/14.3M [00:00<00:09, 1.43MB/s]\u001b[A\u001b[A\u001b[A","logger":"task.stderr"}
{"timestamp":"2026-08-28T21:30:56.067087Z","level":"error","event":"","logger":"task.stderr"}
{"timestamp":"2026-08-28T21:30:56.067694Z","level":"error","event":"","logger":"task.stderr"}
{"timestamp":"2026-08-28T21:30:56.080592Z","level":"error","event":"\rRDSP2408.parquet:  10%|▉         | 1.38M/14.3M [00:00<00:08, 1.48MB/s]\u001b[A\u001b[A\u001b[A","logger":"task.stderr"}
{"timestamp":"2026-08-28T21:30:56.081304Z","level":"error","event":"","logger":"task.stderr"}
{"timestamp":"2026-08-28T21:30:56.081973Z","level":"error","event":"","logger":"task.stderr"}
{"timestamp":"2026-08-28T21:30:56.097289Z","level":"error","event":"\rRDSP2408.parquet:  10%|█         | 1.44M/14.3M [00:00<00:08, 1.53MB/s]\u001b[A\u001b[A\u001b[A","logger":"task.stderr"}
{"timestamp":"2026-08-28T21:30:56.098023Z","level":"error","event":"","logger":"task.stderr"}
{"timestamp":"2026-08-28T21:30:56.098666Z","level":"error","event":"","logger":"task.stderr"}
{"timestamp":"2026-08-28T21:30:56.111246Z","level":"error","event":"\rRDSP2408.parquet:  11%|█         | 1.51M/14.3M [00:00<00:08, 1.57MB/s]\u001b[A\u001b[A\u001b[A","logger":"task.stderr"}
{"timestamp":"2026-08-28T21:30:56.112098Z","level":"error","event":"","logger":"task.stderr"}
{"timestamp":"2026-08-28T21:30:56.112751Z","level":"error","event":"","logger":"task.stderr"}
{"timestamp":"2026-08-28T21:30:56.121461Z","level":"error","event":"\rRDSP2408.parquet:  11%|█         | 1.57M/14.3M [00:00<00:07, 1.61MB/s]\u001b[A\u001b[A\u001b[A","logger":"task.stderr"}
{"timestamp":"2026-08-28T21:30:56.122214Z","level":"error","event":"","logger":"task.stderr"}
{"timestamp":"2026-08-28T21:30:56.122731Z","level":"error","event":"","logger":"task.stderr"}
{"timestamp":"2026-08-28T21:30:56.133175Z","level":"error","event":"\rRDSP2408.parquet:  11%|█▏        | 1.64M/14.3M [00:00<00:07, 1.66MB/s]\u001b[A\u001b[A\u001b[A","logger":"task.stderr"}
{"timestamp":"2026-08-28T21:30:56.134082Z","level":"error","event":"","logger":"task.stderr"}
{"timestamp":"2026-08-28T21:30:56.134733Z","level":"error","event":"","logger":"task.stderr"}
{"timestamp":"2026-08-28T21:30:56.146881Z","level":"error","event":"\rRDSP2408.parquet:  12%|█▏        | 1.70M/14.3M [00:00<00:07, 1.71MB/s]\u001b[A\u001b[A\u001b[A","logger":"task.stderr"}
{"timestamp":"2026-08-28T21:30:56.147754Z","level":"error","event":"","logger":"task.stderr"}
{"timestamp":"2026-08-28T21:30:56.148510Z","level":"error","event":"","logger":"task.stderr"}
{"timestamp":"2026-08-28T21:30:56.157875Z","level":"error","event":"\rRDSP2408.parquet:  12%|█▏        | 1.77M/14.3M [00:01<00:07, 1.75MB/s]\u001b[A\u001b[A\u001b[A","logger":"task.stderr"}
{"timestamp":"2026-08-28T21:30:56.158583Z","level":"error","event":"","logger":"task.stderr"}
{"timestamp":"2026-08-28T21:30:56.159114Z","level":"error","event":"","logger":"task.stderr"}
{"timestamp":"2026-08-28T21:30:56.168814Z","level":"error","event":"\rRDSP2408.parquet:  13%|█▎        | 1.84M/14.3M [00:01<00:06, 1.80MB/s]\u001b[A\u001b[A\u001b[A","logger":"task.stderr"}
{"timestamp":"2026-08-28T21:30:56.169593Z","level":"error","event":"","logger":"task.stderr"}
{"timestamp":"2026-08-28T21:30:56.170258Z","level":"error","event":"","logger":"task.stderr"}
{"timestamp":"2026-08-28T21:30:56.181112Z","level":"error","event":"\rRDSP2408.parquet:  13%|█▎        | 1.90M/14.3M [00:01<00:06, 1.84MB/s]\u001b[A\u001b[A\u001b[A","logger":"task.stderr"}
{"timestamp":"2026-08-28T21:30:56.181948Z","level":"error","event":"","logger":"task.stderr"}
{"timestamp":"2026-08-28T21:30:56.182865Z","level":"error","event":"","logger":"task.stderr"}
{"timestamp":"2026-08-28T21:30:56.191178Z","level":"error","event":"\rRDSP2408.parquet:  14%|█▍        | 1.97M/14.3M [00:01<00:06, 1.88MB/s]\u001b[A\u001b[A\u001b[A","logger":"task.stderr"}
{"timestamp":"2026-08-28T21:30:56.191901Z","level":"error","event":"","logger":"task.stderr"}
{"timestamp":"2026-08-28T21:30:56.192495Z","level":"error","event":"","logger":"task.stderr"}
{"timestamp":"2026-08-28T21:30:56.204122Z","level":"error","event":"\rRDSP2408.parquet:  14%|█▍        | 2.03M/14.3M [00:01<00:06, 1.93MB/s]\u001b[A\u001b[A\u001b[A","logger":"task.stderr"}
{"timestamp":"2026-08-28T21:30:56.204868Z","level":"error","event":"","logger":"task.stderr"}
{"timestamp":"2026-08-28T21:30:56.205460Z","level":"error","event":"","logger":"task.stderr"}
{"timestamp":"2026-08-28T21:30:56.214370Z","level":"error","event":"\rRDSP2408.parquet:  15%|█▍        | 2.10M/14.3M [00:01<00:06, 1.96MB/s]\u001b[A\u001b[A\u001b[A","logger":"task.stderr"}
{"timestamp":"2026-08-28T21:30:56.215603Z","level":"error","event":"","logger":"task.stderr"}
{"timestamp":"2026-08-28T21:30:56.216236Z","level":"error","event":"","logger":"task.stderr"}
{"timestamp":"2026-08-28T21:30:56.226441Z","level":"error","event":"\rRDSP2408.parquet:  15%|█▌        | 2.16M/14.3M [00:01<00:06, 2.01MB/s]\u001b[A\u001b[A\u001b[A","logger":"task.stderr"}
{"timestamp":"2026-08-28T21:30:56.227218Z","level":"error","event":"","logger":"task.stderr"}
{"timestamp":"2026-08-28T21:30:56.227891Z","level":"error","event":"","logger":"task.stderr"}
{"timestamp":"2026-08-28T21:30:56.233807Z","level":"error","event":"\rRDSP2408.parquet:  16%|█▌        | 2.23M/14.3M [00:01<00:05, 2.05MB/s]\u001b[A\u001b[A\u001b[A","logger":"task.stderr"}
{"timestamp":"2026-08-28T21:30:56.234572Z","level":"error","event":"","logger":"task.stderr"}
{"timestamp":"2026-08-28T21:30:56.235179Z","level":"error","event":"","logger":"task.stderr"}
{"timestamp":"2026-08-28T21:30:56.242112Z","level":"error","event":"\rRDSP2408.parquet:  16%|█▌        | 2.29M/14.3M [00:01<00:05, 2.09MB/s]\u001b[A\u001b[A\u001b[A","logger":"task.stderr"}
{"timestamp":"2026-08-28T21:30:56.242891Z","level":"error","event":"","logger":"task.stderr"}
{"timestamp":"2026-08-28T21:30:56.243596Z","level":"error","event":"","logger":"task.stderr"}
{"timestamp":"2026-08-28T21:30:56.250781Z","level":"error","event":"\rRDSP2408.parquet:  17%|█▋        | 2.36M/14.3M [00:01<00:05, 2.13MB/s]\u001b[A\u001b[A\u001b[A","logger":"task.stderr"}
{"timestamp":"2026-08-28T21:30:56.251577Z","level":"error","event":"","logger":"task.stderr"}
{"timestamp":"2026-08-28T21:30:56.252362Z","level":"error","event":"","logger":"task.stderr"}
{"timestamp":"2026-08-28T21:30:56.259484Z","level":"error","event":"\rRDSP2408.parquet:  17%|█▋        | 2.42M/14.3M [00:01<00:05, 2.18MB/s]\u001b[A\u001b[A\u001b[A","logger":"task.stderr"}
{"timestamp":"2026-08-28T21:30:56.260259Z","level":"error","event":"","logger":"task.stderr"}
{"timestamp":"2026-08-28T21:30:56.260870Z","level":"error","event":"","logger":"task.stderr"}
{"timestamp":"2026-08-28T21:30:56.267664Z","level":"error","event":"\rRDSP2408.parquet:  17%|█▋        | 2.49M/14.3M [00:01<00:05, 2.22MB/s]\u001b[A\u001b[A\u001b[A","logger":"task.stderr"}
{"timestamp":"2026-08-28T21:30:56.268457Z","level":"error","event":"","logger":"task.stderr"}
{"timestamp":"2026-08-28T21:30:56.269098Z","level":"error","event":"","logger":"task.stderr"}
{"timestamp":"2026-08-28T21:30:56.275264Z","level":"error","event":"\rRDSP2408.parquet:  18%|█▊        | 2.56M/14.3M [00:01<00:05, 2.26MB/s]\u001b[A\u001b[A\u001b[A","logger":"task.stderr"}
{"timestamp":"2026-08-28T21:30:56.276048Z","level":"error","event":"","logger":"task.stderr"}
{"timestamp":"2026-08-28T21:30:56.276634Z","level":"error","event":"","logger":"task.stderr"}
{"timestamp":"2026-08-28T21:30:56.283082Z","level":"error","event":"\rRDSP2408.parquet:  18%|█▊        | 2.62M/14.3M [00:01<00:05, 2.30MB/s]\u001b[A\u001b[A\u001b[A","logger":"task.stderr"}
{"timestamp":"2026-08-28T21:30:56.283796Z","level":"error","event":"","logger":"task.stderr"}
{"timestamp":"2026-08-28T21:30:56.284440Z","level":"error","event":"","logger":"task.stderr"}
{"timestamp":"2026-08-28T21:30:56.290567Z","level":"error","event":"\rRDSP2408.parquet:  19%|█▉        | 2.69M/14.3M [00:01<00:04, 2.34MB/s]\u001b[A\u001b[A\u001b[A","logger":"task.stderr"}
{"timestamp":"2026-08-28T21:30:56.291306Z","level":"error","event":"","logger":"task.stderr"}
{"timestamp":"2026-08-28T21:30:56.291959Z","level":"error","event":"","logger":"task.stderr"}
{"timestamp":"2026-08-28T21:30:56.297754Z","level":"error","event":"\rRDSP2408.parquet:  19%|█▉        | 2.75M/14.3M [00:01<00:04, 2.38MB/s]\u001b[A\u001b[A\u001b[A","logger":"task.stderr"}
{"timestamp":"2026-08-28T21:30:56.298516Z","level":"error","event":"","logger":"task.stderr"}
{"timestamp":"2026-08-28T21:30:56.299106Z","level":"error","event":"","logger":"task.stderr"}
{"timestamp":"2026-08-28T21:30:56.305130Z","level":"error","event":"\rRDSP2408.parquet:  20%|█▉        | 2.82M/14.3M [00:01<00:04, 2.43MB/s]\u001b[A\u001b[A\u001b[A","logger":"task.stderr"}
{"timestamp":"2026-08-28T21:30:56.305980Z","level":"error","event":"","logger":"task.stderr"}
{"timestamp":"2026-08-28T21:30:56.306709Z","level":"error","event":"","logger":"task.stderr"}
{"timestamp":"2026-08-28T21:30:56.314388Z","level":"error","event":"\rRDSP2408.parquet:  20%|██        | 2.88M/14.3M [00:01<00:04, 2.47MB/s]\u001b[A\u001b[A\u001b[A","logger":"task.stderr"}
{"timestamp":"2026-08-28T21:30:56.315290Z","level":"error","event":"","logger":"task.stderr"}
{"timestamp":"2026-08-28T21:30:56.316076Z","level":"error","event":"","logger":"task.stderr"}
{"timestamp":"2026-08-28T21:30:56.320739Z","level":"error","event":"\rRDSP2408.parquet:  21%|██        | 2.95M/14.3M [00:01<00:04, 2.50MB/s]\u001b[A\u001b[A\u001b[A","logger":"task.stderr"}
{"timestamp":"2026-08-28T21:30:56.321602Z","level":"error","event":"","logger":"task.stderr"}
{"timestamp":"2026-08-28T21:30:56.322356Z","level":"error","event":"","logger":"task.stderr"}
{"timestamp":"2026-08-28T21:30:56.327164Z","level":"error","event":"\rRDSP2408.parquet:  21%|██        | 3.01M/14.3M [00:01<00:04, 2.54MB/s]\u001b[A\u001b[A\u001b[A","logger":"task.stderr"}
{"timestamp":"2026-08-28T21:30:56.327910Z","level":"error","event":"","logger":"task.stderr"}
{"timestamp":"2026-08-28T21:30:56.328588Z","level":"error","event":"","logger":"task.stderr"}
{"timestamp":"2026-08-28T21:30:56.333848Z","level":"error","event":"\rRDSP2408.parquet:  22%|██▏       | 3.08M/14.3M [00:01<00:04, 2.59MB/s]\u001b[A\u001b[A\u001b[A","logger":"task.stderr"}
{"timestamp":"2026-08-28T21:30:56.334649Z","level":"error","event":"","logger":"task.stderr"}
{"timestamp":"2026-08-28T21:30:56.335414Z","level":"error","event":"","logger":"task.stderr"}
{"timestamp":"2026-08-28T21:30:56.340083Z","level":"error","event":"\rRDSP2408.parquet:  22%|██▏       | 3.15M/14.3M [00:01<00:04, 2.63MB/s]\u001b[A\u001b[A\u001b[A","logger":"task.stderr"}
{"timestamp":"2026-08-28T21:30:56.340884Z","level":"error","event":"","logger":"task.stderr"}
{"timestamp":"2026-08-28T21:30:56.341594Z","level":"error","event":"","logger":"task.stderr"}
{"timestamp":"2026-08-28T21:30:56.345796Z","level":"error","event":"\rRDSP2408.parquet:  23%|██▎       | 3.21M/14.3M [00:01<00:04, 2.67MB/s]\u001b[A\u001b[A\u001b[A","logger":"task.stderr"}
{"timestamp":"2026-08-28T21:30:56.346632Z","level":"error","event":"","logger":"task.stderr"}
{"timestamp":"2026-08-28T21:30:56.347334Z","level":"error","event":"","logger":"task.stderr"}
{"timestamp":"2026-08-28T21:30:56.351376Z","level":"error","event":"\rRDSP2408.parquet:  23%|██▎       | 3.28M/14.3M [00:01<00:04, 2.71MB/s]\u001b[A\u001b[A\u001b[A","logger":"task.stderr"}
{"timestamp":"2026-08-28T21:30:56.352172Z","level":"error","event":"","logger":"task.stderr"}
{"timestamp":"2026-08-28T21:30:56.352864Z","level":"error","event":"","logger":"task.stderr"}
{"timestamp":"2026-08-28T21:30:56.358443Z","level":"error","event":"\rRDSP2408.parquet:  23%|██▎       | 3.34M/14.3M [00:01<00:03, 2.75MB/s]\u001b[A\u001b[A\u001b[A","logger":"task.stderr"}
{"timestamp":"2026-08-28T21:30:56.359496Z","level":"error","event":"","logger":"task.stderr"}
{"timestamp":"2026-08-28T21:30:56.360174Z","level":"error","event":"","logger":"task.stderr"}
{"timestamp":"2026-08-28T21:30:56.365878Z","level":"error","event":"\rRDSP2408.parquet:  24%|██▍       | 3.41M/14.3M [00:01<00:03, 2.79MB/s]\u001b[A\u001b[A\u001b[A","logger":"task.stderr"}
{"timestamp":"2026-08-28T21:30:56.366802Z","level":"error","event":"","logger":"task.stderr"}
{"timestamp":"2026-08-28T21:30:56.367490Z","level":"error","event":"","logger":"task.stderr"}
{"timestamp":"2026-08-28T21:30:56.371736Z","level":"error","event":"\rRDSP2408.parquet:  24%|██▍       | 3.47M/14.3M [00:01<00:03, 2.82MB/s]\u001b[A\u001b[A\u001b[A","logger":"task.stderr"}
{"timestamp":"2026-08-28T21:30:56.372581Z","level":"error","event":"","logger":"task.stderr"}
{"timestamp":"2026-08-28T21:30:56.373291Z","level":"error","event":"","logger":"task.stderr"}
{"timestamp":"2026-08-28T21:30:56.377906Z","level":"error","event":"\rRDSP2408.parquet:  25%|██▍       | 3.54M/14.3M [00:01<00:03, 2.86MB/s]\u001b[A\u001b[A\u001b[A","logger":"task.stderr"}
{"timestamp":"2026-08-28T21:30:56.378854Z","level":"error","event":"","logger":"task.stderr"}
{"timestamp":"2026-08-28T21:30:56.379557Z","level":"error","event":"","logger":"task.stderr"}
{"timestamp":"2026-08-28T21:30:56.381300Z","level":"error","event":"\rRDSP2408.parquet:  25%|██▌       | 3.60M/14.3M [00:01<00:03, 2.90MB/s]\u001b[A\u001b[A\u001b[A","logger":"task.stderr"}
{"timestamp":"2026-08-28T21:30:56.382000Z","level":"error","event":"","logger":"task.stderr"}
{"timestamp":"2026-08-28T21:30:56.382626Z","level":"error","event":"","logger":"task.stderr"}
{"timestamp":"2026-08-28T21:30:56.385709Z","level":"error","event":"\rRDSP2408.parquet:  26%|██▌       | 3.67M/14.3M [00:01<00:03, 2.95MB/s]\u001b[A\u001b[A\u001b[A","logger":"task.stderr"}
{"timestamp":"2026-08-28T21:30:56.386486Z","level":"error","event":"","logger":"task.stderr"}
{"timestamp":"2026-08-28T21:30:56.387161Z","level":"error","event":"","logger":"task.stderr"}
{"timestamp":"2026-08-28T21:30:56.391557Z","level":"error","event":"\rRDSP2408.parquet:  26%|██▌       | 3.74M/14.3M [00:01<00:03, 2.99MB/s]\u001b[A\u001b[A\u001b[A","logger":"task.stderr"}
{"timestamp":"2026-08-28T21:30:56.392455Z","level":"error","event":"","logger":"task.stderr"}
{"timestamp":"2026-08-28T21:30:56.393210Z","level":"error","event":"","logger":"task.stderr"}
{"timestamp":"2026-08-28T21:30:56.398356Z","level":"error","event":"\rRDSP2408.parquet:  27%|██▋       | 3.80M/14.3M [00:01<00:03, 3.03MB/s]\u001b[A\u001b[A\u001b[A","logger":"task.stderr"}
{"timestamp":"2026-08-28T21:30:56.399270Z","level":"error","event":"","logger":"task.stderr"}
{"timestamp":"2026-08-28T21:30:56.400095Z","level":"error","event":"","logger":"task.stderr"}
{"timestamp":"2026-08-28T21:30:56.406252Z","level":"error","event":"\rRDSP2408.parquet:  27%|██▋       | 3.87M/14.3M [00:01<00:03, 3.06MB/s]\u001b[A\u001b[A\u001b[A","logger":"task.stderr"}
{"timestamp":"2026-08-28T21:30:56.407222Z","level":"error","event":"","logger":"task.stderr"}
{"timestamp":"2026-08-28T21:30:56.407935Z","level":"error","event":"","logger":"task.stderr"}
{"timestamp":"2026-08-28T21:30:56.410017Z","level":"error","event":"\rRDSP2408.parquet:  28%|██▊       | 3.93M/14.3M [00:01<00:03, 3.10MB/s]\u001b[A\u001b[A\u001b[A","logger":"task.stderr"}
{"timestamp":"2026-08-28T21:30:56.410771Z","level":"error","event":"","logger":"task.stderr"}
{"timestamp":"2026-08-28T21:30:56.411574Z","level":"error","event":"","logger":"task.stderr"}
{"timestamp":"2026-08-28T21:30:56.414424Z","level":"error","event":"\rRDSP2408.parquet:  28%|██▊       | 4.00M/14.3M [00:01<00:03, 3.14MB/s]\u001b[A\u001b[A\u001b[A","logger":"task.stderr"}
{"timestamp":"2026-08-28T21:30:56.415281Z","level":"error","event":"","logger":"task.stderr"}
{"timestamp":"2026-08-28T21:30:56.416045Z","level":"error","event":"","logger":"task.stderr"}
{"timestamp":"2026-08-28T21:30:56.418555Z","level":"error","event":"\rRDSP2408.parquet:  29%|██▊       | 4.06M/14.3M [00:01<00:03, 3.18MB/s]\u001b[A\u001b[A\u001b[A","logger":"task.stderr"}
{"timestamp":"2026-08-28T21:30:56.419388Z","level":"error","event":"","logger":"task.stderr"}
{"timestamp":"2026-08-28T21:30:56.420078Z","level":"error","event":"","logger":"task.stderr"}
{"timestamp":"2026-08-28T21:30:56.429617Z","level":"error","event":"\rRDSP2408.parquet:  29%|██▉       | 4.13M/14.3M [00:01<00:03, 3.22MB/s]\u001b[A\u001b[A\u001b[A","logger":"task.stderr"}
{"timestamp":"2026-08-28T21:30:56.430564Z","level":"error","event":"","logger":"task.stderr"}
{"timestamp":"2026-08-28T21:30:56.431369Z","level":"error","event":"","logger":"task.stderr"}
{"timestamp":"2026-08-28T21:30:56.434282Z","level":"error","event":"\rRDSP2408.parquet:  29%|██▉       | 4.19M/14.3M [00:01<00:03, 3.24MB/s]\u001b[A\u001b[A\u001b[A","logger":"task.stderr"}
{"timestamp":"2026-08-28T21:30:56.435029Z","level":"error","event":"","logger":"task.stderr"}
{"timestamp":"2026-08-28T21:30:56.435676Z","level":"error","event":"","logger":"task.stderr"}
{"timestamp":"2026-08-28T21:30:56.440406Z","level":"error","event":"\rRDSP2408.parquet:  30%|██▉       | 4.26M/14.3M [00:01<00:03, 3.28MB/s]\u001b[A\u001b[A\u001b[A","logger":"task.stderr"}
{"timestamp":"2026-08-28T21:30:56.443284Z","level":"error","event":"","logger":"task.stderr"}
{"timestamp":"2026-08-28T21:30:56.444158Z","level":"error","event":"","logger":"task.stderr"}
{"timestamp":"2026-08-28T21:30:56.446162Z","level":"error","event":"\rRDSP2408.parquet:  30%|███       | 4.33M/14.3M [00:01<00:02, 3.32MB/s]\u001b[A\u001b[A\u001b[A","logger":"task.stderr"}
{"timestamp":"2026-08-28T21:30:56.447128Z","level":"error","event":"","logger":"task.stderr"}
{"timestamp":"2026-08-28T21:30:56.447926Z","level":"error","event":"","logger":"task.stderr"}
{"timestamp":"2026-08-28T21:30:56.448808Z","level":"error","event":"\rRDSP2408.parquet:  31%|███       | 4.39M/14.3M [00:01<00:02, 3.35MB/s]\u001b[A\u001b[A\u001b[A","logger":"task.stderr"}
{"timestamp":"2026-08-28T21:30:56.449506Z","level":"error","event":"","logger":"task.stderr"}
{"timestamp":"2026-08-28T21:30:56.450159Z","level":"error","event":"","logger":"task.stderr"}
{"timestamp":"2026-08-28T21:30:56.452752Z","level":"error","event":"\rRDSP2408.parquet:  31%|███▏      | 4.46M/14.3M [00:01<00:02, 3.40MB/s]\u001b[A\u001b[A\u001b[A","logger":"task.stderr"}
{"timestamp":"2026-08-28T21:30:56.453877Z","level":"error","event":"","logger":"task.stderr"}
{"timestamp":"2026-08-28T21:30:56.454629Z","level":"error","event":"","logger":"task.stderr"}
{"timestamp":"2026-08-28T21:30:56.461431Z","level":"error","event":"\rRDSP2408.parquet:  32%|███▏      | 4.52M/14.3M [00:01<00:02, 3.43MB/s]\u001b[A\u001b[A\u001b[A","logger":"task.stderr"}
{"timestamp":"2026-08-28T21:30:56.462321Z","level":"error","event":"","logger":"task.stderr"}
{"timestamp":"2026-08-28T21:30:56.463016Z","level":"error","event":"","logger":"task.stderr"}
{"timestamp":"2026-08-28T21:30:56.467907Z","level":"error","event":"\rRDSP2408.parquet:  32%|███▏      | 4.59M/14.3M [00:01<00:02, 3.46MB/s]\u001b[A\u001b[A\u001b[A","logger":"task.stderr"}
{"timestamp":"2026-08-28T21:30:56.468950Z","level":"error","event":"","logger":"task.stderr"}
{"timestamp":"2026-08-28T21:30:56.469688Z","level":"error","event":"","logger":"task.stderr"}
{"timestamp":"2026-08-28T21:30:56.475117Z","level":"error","event":"\rRDSP2408.parquet:  33%|███▎      | 4.65M/14.3M [00:01<00:02, 3.49MB/s]\u001b[A\u001b[A\u001b[A","logger":"task.stderr"}
{"timestamp":"2026-08-28T21:30:56.475968Z","level":"error","event":"","logger":"task.stderr"}
{"timestamp":"2026-08-28T21:30:56.476629Z","level":"error","event":"","logger":"task.stderr"}
{"timestamp":"2026-08-28T21:30:56.482018Z","level":"error","event":"\rRDSP2408.parquet:  33%|███▎      | 4.72M/14.3M [00:01<00:02, 3.52MB/s]\u001b[A\u001b[A\u001b[A","logger":"task.stderr"}
{"timestamp":"2026-08-28T21:30:56.482908Z","level":"error","event":"","logger":"task.stderr"}
{"timestamp":"2026-08-28T21:30:56.483565Z","level":"error","event":"","logger":"task.stderr"}
{"timestamp":"2026-08-28T21:30:56.487297Z","level":"error","event":"\rRDSP2408.parquet:  34%|███▎      | 4.78M/14.3M [00:01<00:02, 3.55MB/s]\u001b[A\u001b[A\u001b[A","logger":"task.stderr"}
{"timestamp":"2026-08-28T21:30:56.488121Z","level":"error","event":"","logger":"task.stderr"}
{"timestamp":"2026-08-28T21:30:56.488834Z","level":"error","event":"","logger":"task.stderr"}
{"timestamp":"2026-08-28T21:30:56.490391Z","level":"error","event":"\rRDSP2408.parquet:  34%|███▍      | 4.85M/14.3M [00:01<00:02, 3.59MB/s]\u001b[A\u001b[A\u001b[A","logger":"task.stderr"}
{"timestamp":"2026-08-28T21:30:56.491237Z","level":"error","event":"","logger":"task.stderr"}
{"timestamp":"2026-08-28T21:30:56.492109Z","level":"error","event":"","logger":"task.stderr"}
{"timestamp":"2026-08-28T21:30:56.492975Z","level":"error","event":"\rRDSP2408.parquet:  34%|███▍      | 4.92M/14.3M [00:01<00:02, 3.63MB/s]\u001b[A\u001b[A\u001b[A","logger":"task.stderr"}
{"timestamp":"2026-08-28T21:30:56.493705Z","level":"error","event":"","logger":"task.stderr"}
{"timestamp":"2026-08-28T21:30:56.494497Z","level":"error","event":"","logger":"task.stderr"}
{"timestamp":"2026-08-28T21:30:56.496032Z","level":"error","event":"\rRDSP2408.parquet:  35%|███▍      | 4.98M/14.3M [00:01<00:02, 3.67MB/s]\u001b[A\u001b[A\u001b[A","logger":"task.stderr"}
{"timestamp":"2026-08-28T21:30:56.496712Z","level":"error","event":"","logger":"task.stderr"}
{"timestamp":"2026-08-28T21:30:56.497384Z","level":"error","event":"","logger":"task.stderr"}
{"timestamp":"2026-08-28T21:30:56.498387Z","level":"error","event":"\rRDSP2408.parquet:  35%|███▌      | 5.05M/14.3M [00:01<00:02, 3.71MB/s]\u001b[A\u001b[A\u001b[A","logger":"task.stderr"}
{"timestamp":"2026-08-28T21:30:56.499033Z","level":"error","event":"","logger":"task.stderr"}
{"timestamp":"2026-08-28T21:30:56.499734Z","level":"error","event":"","logger":"task.stderr"}
{"timestamp":"2026-08-28T21:30:56.500704Z","level":"error","event":"\rRDSP2408.parquet:  36%|███▌      | 5.11M/14.3M [00:01<00:02, 3.75MB/s]\u001b[A\u001b[A\u001b[A","logger":"task.stderr"}
{"timestamp":"2026-08-28T21:30:56.501369Z","level":"error","event":"","logger":"task.stderr"}
{"timestamp":"2026-08-28T21:30:56.502168Z","level":"error","event":"","logger":"task.stderr"}
{"timestamp":"2026-08-28T21:30:56.503416Z","level":"error","event":"\rRDSP2408.parquet:  36%|███▋      | 5.18M/14.3M [00:01<00:02, 3.79MB/s]\u001b[A\u001b[A\u001b[A","logger":"task.stderr"}
{"timestamp":"2026-08-28T21:30:56.504066Z","level":"error","event":"","logger":"task.stderr"}
{"timestamp":"2026-08-28T21:30:56.504728Z","level":"error","event":"","logger":"task.stderr"}
{"timestamp":"2026-08-28T21:30:56.507968Z","level":"error","event":"\rRDSP2408.parquet:  37%|███▋      | 5.24M/14.3M [00:01<00:02, 3.83MB/s]\u001b[A\u001b[A\u001b[A","logger":"task.stderr"}
{"timestamp":"2026-08-28T21:30:56.508864Z","level":"error","event":"","logger":"task.stderr"}
{"timestamp":"2026-08-28T21:30:56.509673Z","level":"error","event":"","logger":"task.stderr"}
{"timestamp":"2026-08-28T21:30:56.514973Z","level":"error","event":"\rRDSP2408.parquet:  37%|███▋      | 5.31M/14.3M [00:01<00:02, 3.87MB/s]\u001b[A\u001b[A\u001b[A","logger":"task.stderr"}
{"timestamp":"2026-08-28T21:30:56.515919Z","level":"error","event":"","logger":"task.stderr"}
{"timestamp":"2026-08-28T21:30:56.516722Z","level":"error","event":"","logger":"task.stderr"}
{"timestamp":"2026-08-28T21:30:56.519522Z","level":"error","event":"\rRDSP2408.parquet:  38%|███▊      | 5.37M/14.3M [00:01<00:02, 3.90MB/s]\u001b[A\u001b[A\u001b[A","logger":"task.stderr"}
{"timestamp":"2026-08-28T21:30:56.520351Z","level":"error","event":"","logger":"task.stderr"}
{"timestamp":"2026-08-28T21:30:56.521061Z","level":"error","event":"","logger":"task.stderr"}
{"timestamp":"2026-08-28T21:30:56.522118Z","level":"error","event":"\rRDSP2408.parquet:  38%|███▊      | 5.44M/14.3M [00:01<00:02, 3.93MB/s]\u001b[A\u001b[A\u001b[A","logger":"task.stderr"}
{"timestamp":"2026-08-28T21:30:56.522865Z","level":"error","event":"","logger":"task.stderr"}
{"timestamp":"2026-08-28T21:30:56.523520Z","level":"error","event":"","logger":"task.stderr"}
{"timestamp":"2026-08-28T21:30:56.524695Z","level":"error","event":"\rRDSP2408.parquet:  39%|███▊      | 5.51M/14.3M [00:01<00:02, 3.97MB/s]\u001b[A\u001b[A\u001b[A","logger":"task.stderr"}
{"timestamp":"2026-08-28T21:30:56.525345Z","level":"error","event":"","logger":"task.stderr"}
{"timestamp":"2026-08-28T21:30:56.526066Z","level":"error","event":"","logger":"task.stderr"}
{"timestamp":"2026-08-28T21:30:56.527683Z","level":"error","event":"\rRDSP2408.parquet:  39%|███▉      | 5.57M/14.3M [00:01<00:02, 4.01MB/s]\u001b[A\u001b[A\u001b[A","logger":"task.stderr"}
{"timestamp":"2026-08-28T21:30:56.528436Z","level":"error","event":"","logger":"task.stderr"}
{"timestamp":"2026-08-28T21:30:56.529220Z","level":"error","event":"","logger":"task.stderr"}
{"timestamp":"2026-08-28T21:30:56.531032Z","level":"error","event":"\rRDSP2408.parquet:  40%|███▉      | 5.64M/14.3M [00:01<00:02, 4.05MB/s]\u001b[A\u001b[A\u001b[A","logger":"task.stderr"}
{"timestamp":"2026-08-28T21:30:56.531837Z","level":"error","event":"","logger":"task.stderr"}
{"timestamp":"2026-08-28T21:30:56.532623Z","level":"error","event":"","logger":"task.stderr"}
{"timestamp":"2026-08-28T21:30:56.533441Z","level":"error","event":"\rRDSP2408.parquet:  40%|████      | 5.70M/14.3M [00:01<00:02, 4.09MB/s]\u001b[A\u001b[A\u001b[A","logger":"task.stderr"}
{"timestamp":"2026-08-28T21:30:56.534196Z","level":"error","event":"","logger":"task.stderr"}
{"timestamp":"2026-08-28T21:30:56.534960Z","level":"error","event":"","logger":"task.stderr"}
{"timestamp":"2026-08-28T21:30:56.535831Z","level":"error","event":"\rRDSP2408.parquet:  40%|████      | 5.77M/14.3M [00:01<00:02, 4.13MB/s]\u001b[A\u001b[A\u001b[A","logger":"task.stderr"}
{"timestamp":"2026-08-28T21:30:56.536686Z","level":"error","event":"","logger":"task.stderr"}
{"timestamp":"2026-08-28T21:30:56.537497Z","level":"error","event":"","logger":"task.stderr"}
{"timestamp":"2026-08-28T21:30:56.538224Z","level":"error","event":"\rRDSP2408.parquet:  41%|████      | 5.83M/14.3M [00:01<00:02, 4.17MB/s]\u001b[A\u001b[A\u001b[A","logger":"task.stderr"}
{"timestamp":"2026-08-28T21:30:56.538930Z","level":"error","event":"","logger":"task.stderr"}
{"timestamp":"2026-08-28T21:30:56.539591Z","level":"error","event":"","logger":"task.stderr"}
{"timestamp":"2026-08-28T21:30:56.541615Z","level":"error","event":"\rRDSP2408.parquet:  41%|████▏     | 5.90M/14.3M [00:01<00:01, 4.21MB/s]\u001b[A\u001b[A\u001b[A","logger":"task.stderr"}
{"timestamp":"2026-08-28T21:30:56.542510Z","level":"error","event":"","logger":"task.stderr"}
{"timestamp":"2026-08-28T21:30:56.543329Z","level":"error","event":"","logger":"task.stderr"}
{"timestamp":"2026-08-28T21:30:56.544569Z","level":"error","event":"\rRDSP2408.parquet:  42%|████▏     | 5.96M/14.3M [00:01<00:01, 4.24MB/s]\u001b[A\u001b[A\u001b[A","logger":"task.stderr"}
{"timestamp":"2026-08-28T21:30:56.545292Z","level":"error","event":"","logger":"task.stderr"}
{"timestamp":"2026-08-28T21:30:56.546045Z","level":"error","event":"","logger":"task.stderr"}
{"timestamp":"2026-08-28T21:30:56.546762Z","level":"error","event":"\rRDSP2408.parquet:  42%|████▏     | 6.03M/14.3M [00:01<00:01, 4.28MB/s]\u001b[A\u001b[A\u001b[A","logger":"task.stderr"}
{"timestamp":"2026-08-28T21:30:56.547528Z","level":"error","event":"","logger":"task.stderr"}
{"timestamp":"2026-08-28T21:30:56.548146Z","level":"error","event":"","logger":"task.stderr"}
{"timestamp":"2026-08-28T21:30:56.550016Z","level":"error","event":"\rRDSP2408.parquet:  43%|████▎     | 6.09M/14.3M [00:01<00:01, 4.32MB/s]\u001b[A\u001b[A\u001b[A","logger":"task.stderr"}
{"timestamp":"2026-08-28T21:30:56.550953Z","level":"error","event":"","logger":"task.stderr"}
{"timestamp":"2026-08-28T21:30:56.551661Z","level":"error","event":"","logger":"task.stderr"}
{"timestamp":"2026-08-28T21:30:56.554043Z","level":"error","event":"\rRDSP2408.parquet:  43%|████▎     | 6.16M/14.3M [00:01<00:01, 4.36MB/s]\u001b[A\u001b[A\u001b[A","logger":"task.stderr"}
{"timestamp":"2026-08-28T21:30:56.554854Z","level":"error","event":"","logger":"task.stderr"}
{"timestamp":"2026-08-28T21:30:56.555662Z","level":"error","event":"","logger":"task.stderr"}
{"timestamp":"2026-08-28T21:30:56.556419Z","level":"error","event":"\rRDSP2408.parquet:  44%|████▎     | 6.23M/14.3M [00:01<00:01, 4.39MB/s]\u001b[A\u001b[A\u001b[A","logger":"task.stderr"}
{"timestamp":"2026-08-28T21:30:56.557038Z","level":"error","event":"","logger":"task.stderr"}
{"timestamp":"2026-08-28T21:30:56.557791Z","level":"error","event":"","logger":"task.stderr"}
{"timestamp":"2026-08-28T21:30:56.560014Z","level":"error","event":"\rRDSP2408.parquet:  44%|████▍     | 6.29M/14.3M [00:01<00:01, 4.43MB/s]\u001b[A\u001b[A\u001b[A","logger":"task.stderr"}
{"timestamp":"2026-08-28T21:30:56.560664Z","level":"error","event":"","logger":"task.stderr"}
{"timestamp":"2026-08-28T21:30:56.561352Z","level":"error","event":"","logger":"task.stderr"}
{"timestamp":"2026-08-28T21:30:56.564174Z","level":"error","event":"\rRDSP2408.parquet:  45%|████▍     | 6.36M/14.3M [00:01<00:01, 4.46MB/s]\u001b[A\u001b[A\u001b[A","logger":"task.stderr"}
{"timestamp":"2026-08-28T21:30:56.564993Z","level":"error","event":"","logger":"task.stderr"}
{"timestamp":"2026-08-28T21:30:56.565651Z","level":"error","event":"","logger":"task.stderr"}
{"timestamp":"2026-08-28T21:30:56.567568Z","level":"error","event":"\rRDSP2408.parquet:  45%|████▌     | 6.42M/14.3M [00:01<00:01, 4.50MB/s]\u001b[A\u001b[A\u001b[A","logger":"task.stderr"}
{"timestamp":"2026-08-28T21:30:56.568332Z","level":"error","event":"","logger":"task.stderr"}
{"timestamp":"2026-08-28T21:30:56.568994Z","level":"error","event":"","logger":"task.stderr"}
{"timestamp":"2026-08-28T21:30:56.570783Z","level":"error","event":"\rRDSP2408.parquet:  46%|████▌     | 6.49M/14.3M [00:01<00:01, 4.53MB/s]\u001b[A\u001b[A\u001b[A","logger":"task.stderr"}
{"timestamp":"2026-08-28T21:30:56.571563Z","level":"error","event":"","logger":"task.stderr"}
{"timestamp":"2026-08-28T21:30:56.572266Z","level":"error","event":"","logger":"task.stderr"}
{"timestamp":"2026-08-28T21:30:56.572960Z","level":"error","event":"\rRDSP2408.parquet:  46%|████▌     | 6.55M/14.3M [00:01<00:01, 4.57MB/s]\u001b[A\u001b[A\u001b[A","logger":"task.stderr"}
{"timestamp":"2026-08-28T21:30:56.573817Z","level":"error","event":"","logger":"task.stderr"}
{"timestamp":"2026-08-28T21:30:56.574575Z","level":"error","event":"","logger":"task.stderr"}
{"timestamp":"2026-08-28T21:30:56.577002Z","level":"error","event":"\rRDSP2408.parquet:  46%|████▋     | 6.62M/14.3M [00:01<00:01, 4.61MB/s]\u001b[A\u001b[A\u001b[A","logger":"task.stderr"}
{"timestamp":"2026-08-28T21:30:56.577921Z","level":"error","event":"","logger":"task.stderr"}
{"timestamp":"2026-08-28T21:30:56.578608Z","level":"error","event":"","logger":"task.stderr"}
{"timestamp":"2026-08-28T21:30:56.581096Z","level":"error","event":"\rRDSP2408.parquet:  47%|████▋     | 6.68M/14.3M [00:01<00:01, 4.64MB/s]\u001b[A\u001b[A\u001b[A","logger":"task.stderr"}
{"timestamp":"2026-08-28T21:30:56.582081Z","level":"error","event":"","logger":"task.stderr"}
{"timestamp":"2026-08-28T21:30:56.582833Z","level":"error","event":"","logger":"task.stderr"}
{"timestamp":"2026-08-28T21:30:56.590191Z","level":"error","event":"\rRDSP2408.parquet:  47%|████▋     | 6.75M/14.3M [00:01<00:01, 4.67MB/s]\u001b[A\u001b[A\u001b[A","logger":"task.stderr"}
{"timestamp":"2026-08-28T21:30:56.591188Z","level":"error","event":"","logger":"task.stderr"}
{"timestamp":"2026-08-28T21:30:56.591939Z","level":"error","event":"","logger":"task.stderr"}
{"timestamp":"2026-08-28T21:30:56.597864Z","level":"error","event":"\rRDSP2408.parquet:  48%|████▊     | 6.82M/14.3M [00:01<00:01, 4.69MB/s]\u001b[A\u001b[A\u001b[A","logger":"task.stderr"}
{"timestamp":"2026-08-28T21:30:56.598771Z","level":"error","event":"","logger":"task.stderr"}
{"timestamp":"2026-08-28T21:30:56.599509Z","level":"error","event":"","logger":"task.stderr"}
{"timestamp":"2026-08-28T21:30:56.608605Z","level":"error","event":"\rRDSP2408.parquet:  48%|████▊     | 6.88M/14.3M [00:01<00:01, 4.71MB/s]\u001b[A\u001b[A\u001b[A","logger":"task.stderr"}
{"timestamp":"2026-08-28T21:30:56.609555Z","level":"error","event":"","logger":"task.stderr"}
{"timestamp":"2026-08-28T21:30:56.610323Z","level":"error","event":"","logger":"task.stderr"}
{"timestamp":"2026-08-28T21:30:56.614695Z","level":"error","event":"\rRDSP2408.parquet:  49%|████▊     | 6.95M/14.3M [00:01<00:01, 4.72MB/s]\u001b[A\u001b[A\u001b[A","logger":"task.stderr"}
{"timestamp":"2026-08-28T21:30:56.615581Z","level":"error","event":"","logger":"task.stderr"}
{"timestamp":"2026-08-28T21:30:56.616278Z","level":"error","event":"","logger":"task.stderr"}
{"timestamp":"2026-08-28T21:30:56.618834Z","level":"error","event":"\rRDSP2408.parquet:  49%|████▉     | 7.01M/14.3M [00:01<00:01, 4.74MB/s]\u001b[A\u001b[A\u001b[A","logger":"task.stderr"}
{"timestamp":"2026-08-28T21:30:56.619660Z","level":"error","event":"","logger":"task.stderr"}
{"timestamp":"2026-08-28T21:30:56.620478Z","level":"error","event":"","logger":"task.stderr"}
{"timestamp":"2026-08-28T21:30:56.621481Z","level":"error","event":"\rRDSP2408.parquet:  50%|████▉     | 7.08M/14.3M [00:01<00:01, 4.77MB/s]\u001b[A\u001b[A\u001b[A","logger":"task.stderr"}
{"timestamp":"2026-08-28T21:30:56.622256Z","level":"error","event":"","logger":"task.stderr"}
{"timestamp":"2026-08-28T21:30:56.623008Z","level":"error","event":"","logger":"task.stderr"}
{"timestamp":"2026-08-28T21:30:56.623846Z","level":"error","event":"\rRDSP2408.parquet:  50%|█████     | 7.14M/14.3M [00:01<00:01, 4.81MB/s]\u001b[A\u001b[A\u001b[A","logger":"task.stderr"}
{"timestamp":"2026-08-28T21:30:56.624582Z","level":"error","event":"","logger":"task.stderr"}
{"timestamp":"2026-08-28T21:30:56.625294Z","level":"error","event":"","logger":"task.stderr"}
{"timestamp":"2026-08-28T21:30:56.626200Z","level":"error","event":"\rRDSP2408.parquet:  51%|█████     | 7.21M/14.3M [00:01<00:01, 4.85MB/s]\u001b[A\u001b[A\u001b[A","logger":"task.stderr"}
{"timestamp":"2026-08-28T21:30:56.627868Z","level":"error","event":"","logger":"task.stderr"}
{"timestamp":"2026-08-28T21:30:56.628624Z","level":"error","event":"","logger":"task.stderr"}
{"timestamp":"2026-08-28T21:30:56.629428Z","level":"error","event":"\rRDSP2408.parquet:  51%|█████     | 7.27M/14.3M [00:01<00:01, 4.88MB/s]\u001b[A\u001b[A\u001b[A","logger":"task.stderr"}
{"timestamp":"2026-08-28T21:30:56.630211Z","level":"error","event":"","logger":"task.stderr"}
{"timestamp":"2026-08-28T21:30:56.630855Z","level":"error","event":"","logger":"task.stderr"}
{"timestamp":"2026-08-28T21:30:56.631581Z","level":"error","event":"\rRDSP2408.parquet:  52%|█████▏    | 7.34M/14.3M [00:01<00:01, 4.92MB/s]\u001b[A\u001b[A\u001b[A","logger":"task.stderr"}
{"timestamp":"2026-08-28T21:30:56.632292Z","level":"error","event":"","logger":"task.stderr"}
{"timestamp":"2026-08-28T21:30:56.633036Z","level":"error","event":"","logger":"task.stderr"}
{"timestamp":"2026-08-28T21:30:56.633984Z","level":"error","event":"\rRDSP2408.parquet:  52%|█████▏    | 7.41M/14.3M [00:01<00:01, 4.96MB/s]\u001b[A\u001b[A\u001b[A","logger":"task.stderr"}
{"timestamp":"2026-08-28T21:30:56.634778Z","level":"error","event":"","logger":"task.stderr"}
{"timestamp":"2026-08-28T21:30:56.635479Z","level":"error","event":"","logger":"task.stderr"}
{"timestamp":"2026-08-28T21:30:56.636363Z","level":"error","event":"\rRDSP2408.parquet:  52%|█████▏    | 7.47M/14.3M [00:01<00:01, 4.99MB/s]\u001b[A\u001b[A\u001b[A","logger":"task.stderr"}
{"timestamp":"2026-08-28T21:30:56.637108Z","level":"error","event":"","logger":"task.stderr"}
{"timestamp":"2026-08-28T21:30:56.637851Z","level":"error","event":"","logger":"task.stderr"}
{"timestamp":"2026-08-28T21:30:56.638663Z","level":"error","event":"\rRDSP2408.parquet:  53%|█████▎    | 7.54M/14.3M [00:01<00:01, 5.03MB/s]\u001b[A\u001b[A\u001b[A","logger":"task.stderr"}
{"timestamp":"2026-08-28T21:30:56.639406Z","level":"error","event":"","logger":"task.stderr"}
{"timestamp":"2026-08-28T21:30:56.640156Z","level":"error","event":"","logger":"task.stderr"}
{"timestamp":"2026-08-28T21:30:56.640956Z","level":"error","event":"\rRDSP2408.parquet:  53%|█████▎    | 7.60M/14.3M [00:01<00:01, 5.07MB/s]\u001b[A\u001b[A\u001b[A","logger":"task.stderr"}
{"timestamp":"2026-08-28T21:30:56.641664Z","level":"error","event":"","logger":"task.stderr"}
{"timestamp":"2026-08-28T21:30:56.642349Z","level":"error","event":"","logger":"task.stderr"}
{"timestamp":"2026-08-28T21:30:56.643019Z","level":"error","event":"\rRDSP2408.parquet:  54%|█████▍    | 7.67M/14.3M [00:01<00:01, 5.10MB/s]\u001b[A\u001b[A\u001b[A","logger":"task.stderr"}
{"timestamp":"2026-08-28T21:30:56.643751Z","level":"error","event":"","logger":"task.stderr"}
{"timestamp":"2026-08-28T21:30:56.644507Z","level":"error","event":"","logger":"task.stderr"}
{"timestamp":"2026-08-28T21:30:56.645280Z","level":"error","event":"\rRDSP2408.parquet:  54%|█████▍    | 7.73M/14.3M [00:01<00:01, 5.14MB/s]\u001b[A\u001b[A\u001b[A","logger":"task.stderr"}
{"timestamp":"2026-08-28T21:30:56.645999Z","level":"error","event":"","logger":"task.stderr"}
{"timestamp":"2026-08-28T21:30:56.646730Z","level":"error","event":"","logger":"task.stderr"}
{"timestamp":"2026-08-28T21:30:56.647505Z","level":"error","event":"\rRDSP2408.parquet:  55%|█████▍    | 7.80M/14.3M [00:01<00:01, 5.17MB/s]\u001b[A\u001b[A\u001b[A","logger":"task.stderr"}
{"timestamp":"2026-08-28T21:30:56.648169Z","level":"error","event":"","logger":"task.stderr"}
{"timestamp":"2026-08-28T21:30:56.648889Z","level":"error","event":"","logger":"task.stderr"}
{"timestamp":"2026-08-28T21:30:56.649632Z","level":"error","event":"\rRDSP2408.parquet:  55%|█████▌    | 7.86M/14.3M [00:01<00:01, 5.21MB/s]\u001b[A\u001b[A\u001b[A","logger":"task.stderr"}
{"timestamp":"2026-08-28T21:30:56.650356Z","level":"error","event":"","logger":"task.stderr"}
{"timestamp":"2026-08-28T21:30:56.651130Z","level":"error","event":"","logger":"task.stderr"}
{"timestamp":"2026-08-28T21:30:56.652037Z","level":"error","event":"\rRDSP2408.parquet:  56%|█████▌    | 7.93M/14.3M [00:01<00:01, 5.25MB/s]\u001b[A\u001b[A\u001b[A","logger":"task.stderr"}
{"timestamp":"2026-08-28T21:30:56.652940Z","level":"error","event":"","logger":"task.stderr"}
{"timestamp":"2026-08-28T21:30:56.653676Z","level":"error","event":"","logger":"task.stderr"}
{"timestamp":"2026-08-28T21:30:56.654543Z","level":"error","event":"\rRDSP2408.parquet:  56%|█████▌    | 8.00M/14.3M [00:01<00:01, 5.28MB/s]\u001b[A\u001b[A\u001b[A","logger":"task.stderr"}
{"timestamp":"2026-08-28T21:30:56.655425Z","level":"error","event":"","logger":"task.stderr"}
{"timestamp":"2026-08-28T21:30:56.656165Z","level":"error","event":"","logger":"task.stderr"}
{"timestamp":"2026-08-28T21:30:56.659430Z","level":"error","event":"\rRDSP2408.parquet:  57%|█████▋    | 8.06M/14.3M [00:01<00:01, 5.31MB/s]\u001b[A\u001b[A\u001b[A","logger":"task.stderr"}
{"timestamp":"2026-08-28T21:30:56.660449Z","level":"error","event":"","logger":"task.stderr"}
{"timestamp":"2026-08-28T21:30:56.661255Z","level":"error","event":"","logger":"task.stderr"}
{"timestamp":"2026-08-28T21:30:56.663961Z","level":"error","event":"\rRDSP2408.parquet:  57%|█████▋    | 8.13M/14.3M [00:01<00:01, 5.33MB/s]\u001b[A\u001b[A\u001b[A","logger":"task.stderr"}
{"timestamp":"2026-08-28T21:30:56.664929Z","level":"error","event":"","logger":"task.stderr"}
{"timestamp":"2026-08-28T21:30:56.665625Z","level":"error","event":"","logger":"task.stderr"}
{"timestamp":"2026-08-28T21:30:56.667307Z","level":"error","event":"\rRDSP2408.parquet:  57%|█████▋    | 8.19M/14.3M [00:01<00:01, 5.36MB/s]\u001b[A\u001b[A\u001b[A","logger":"task.stderr"}
{"timestamp":"2026-08-28T21:30:56.668419Z","level":"error","event":"","logger":"task.stderr"}
{"timestamp":"2026-08-28T21:30:56.669339Z","level":"error","event":"","logger":"task.stderr"}
{"timestamp":"2026-08-28T21:30:56.671849Z","level":"error","event":"\rRDSP2408.parquet:  58%|█████▊    | 8.26M/14.3M [00:01<00:01, 5.39MB/s]\u001b[A\u001b[A\u001b[A","logger":"task.stderr"}
{"timestamp":"2026-08-28T21:30:56.672815Z","level":"error","event":"","logger":"task.stderr"}
{"timestamp":"2026-08-28T21:30:56.673666Z","level":"error","event":"","logger":"task.stderr"}
{"timestamp":"2026-08-28T21:30:56.675736Z","level":"error","event":"\rRDSP2408.parquet:  58%|█████▊    | 8.32M/14.3M [00:01<00:01, 5.42MB/s]\u001b[A\u001b[A\u001b[A","logger":"task.stderr"}
{"timestamp":"2026-08-28T21:30:56.676748Z","level":"error","event":"","logger":"task.stderr"}
{"timestamp":"2026-08-28T21:30:56.677633Z","level":"error","event":"","logger":"task.stderr"}
{"timestamp":"2026-08-28T21:30:56.678519Z","level":"error","event":"\rRDSP2408.parquet:  59%|█████▉    | 8.39M/14.3M [00:01<00:01, 5.45MB/s]\u001b[A\u001b[A\u001b[A","logger":"task.stderr"}
{"timestamp":"2026-08-28T21:30:56.679244Z","level":"error","event":"","logger":"task.stderr"}
{"timestamp":"2026-08-28T21:30:56.680068Z","level":"error","event":"","logger":"task.stderr"}
{"timestamp":"2026-08-28T21:30:56.681054Z","level":"error","event":"\rRDSP2408.parquet:  59%|█████▉    | 8.45M/14.3M [00:01<00:01, 5.48MB/s]\u001b[A\u001b[A\u001b[A","logger":"task.stderr"}
{"timestamp":"2026-08-28T21:30:56.682021Z","level":"error","event":"","logger":"task.stderr"}
{"timestamp":"2026-08-28T21:30:56.682891Z","level":"error","event":"","logger":"task.stderr"}
{"timestamp":"2026-08-28T21:30:56.683756Z","level":"error","event":"\rRDSP2408.parquet:  60%|█████▉    | 8.52M/14.3M [00:01<00:01, 5.51MB/s]\u001b[A\u001b[A\u001b[A","logger":"task.stderr"}
{"timestamp":"2026-08-28T21:30:56.684551Z","level":"error","event":"","logger":"task.stderr"}
{"timestamp":"2026-08-28T21:30:56.685315Z","level":"error","event":"","logger":"task.stderr"}
{"timestamp":"2026-08-28T21:30:56.686173Z","level":"error","event":"\rRDSP2408.parquet:  60%|██████    | 8.59M/14.3M [00:01<00:01, 5.55MB/s]\u001b[A\u001b[A\u001b[A","logger":"task.stderr"}
{"timestamp":"2026-08-28T21:30:56.687007Z","level":"error","event":"","logger":"task.stderr"}
{"timestamp":"2026-08-28T21:30:56.687809Z","level":"error","event":"","logger":"task.stderr"}
{"timestamp":"2026-08-28T21:30:56.688805Z","level":"error","event":"\rRDSP2408.parquet:  61%|██████    | 8.65M/14.3M [00:01<00:01, 5.58MB/s]\u001b[A\u001b[A\u001b[A","logger":"task.stderr"}
{"timestamp":"2026-08-28T21:30:56.689688Z","level":"error","event":"","logger":"task.stderr"}
{"timestamp":"2026-08-28T21:30:56.690645Z","level":"error","event":"","logger":"task.stderr"}
{"timestamp":"2026-08-28T21:30:56.691558Z","level":"error","event":"\rRDSP2408.parquet:  61%|██████    | 8.72M/14.3M [00:01<00:00, 5.62MB/s]\u001b[A\u001b[A\u001b[A","logger":"task.stderr"}
{"timestamp":"2026-08-28T21:30:56.692410Z","level":"error","event":"","logger":"task.stderr"}
{"timestamp":"2026-08-28T21:30:56.693248Z","level":"error","event":"","logger":"task.stderr"}
{"timestamp":"2026-08-28T21:30:56.694163Z","level":"error","event":"\rRDSP2408.parquet:  62%|██████▏   | 8.78M/14.3M [00:01<00:00, 5.65MB/s]\u001b[A\u001b[A\u001b[A","logger":"task.stderr"}
{"timestamp":"2026-08-28T21:30:56.695025Z","level":"error","event":"","logger":"task.stderr"}
{"timestamp":"2026-08-28T21:30:56.695860Z","level":"error","event":"","logger":"task.stderr"}
{"timestamp":"2026-08-28T21:30:56.696617Z","level":"error","event":"\rRDSP2408.parquet:  62%|██████▏   | 8.85M/14.3M [00:01<00:00, 5.69MB/s]\u001b[A\u001b[A\u001b[A","logger":"task.stderr"}
{"timestamp":"2026-08-28T21:30:56.697774Z","level":"error","event":"","logger":"task.stderr"}
{"timestamp":"2026-08-28T21:30:56.698695Z","level":"error","event":"","logger":"task.stderr"}
{"timestamp":"2026-08-28T21:30:56.699675Z","level":"error","event":"\rRDSP2408.parquet:  63%|██████▎   | 8.91M/14.3M [00:01<00:00, 5.72MB/s]\u001b[A\u001b[A\u001b[A","logger":"task.stderr"}
{"timestamp":"2026-08-28T21:30:56.700532Z","level":"error","event":"","logger":"task.stderr"}
{"timestamp":"2026-08-28T21:30:56.701424Z","level":"error","event":"","logger":"task.stderr"}
{"timestamp":"2026-08-28T21:30:56.702587Z","level":"error","event":"\rRDSP2408.parquet:  63%|██████▎   | 8.98M/14.3M [00:01<00:00, 5.75MB/s]\u001b[A\u001b[A\u001b[A","logger":"task.stderr"}
{"timestamp":"2026-08-28T21:30:56.703614Z","level":"error","event":"","logger":"task.stderr"}
{"timestamp":"2026-08-28T21:30:56.704539Z","level":"error","event":"","logger":"task.stderr"}
{"timestamp":"2026-08-28T21:30:56.705447Z","level":"error","event":"\rRDSP2408.parquet:  63%|██████▎   | 9.04M/14.3M [00:01<00:00, 5.79MB/s]\u001b[A\u001b[A\u001b[A","logger":"task.stderr"}
{"timestamp":"2026-08-28T21:30:56.706268Z","level":"error","event":"","logger":"task.stderr"}
{"timestamp":"2026-08-28T21:30:56.707046Z","level":"error","event":"","logger":"task.stderr"}
{"timestamp":"2026-08-28T21:30:56.707921Z","level":"error","event":"\rRDSP2408.parquet:  64%|██████▍   | 9.11M/14.3M [00:01<00:00, 5.82MB/s]\u001b[A\u001b[A\u001b[A","logger":"task.stderr"}
{"timestamp":"2026-08-28T21:30:56.708699Z","level":"error","event":"","logger":"task.stderr"}
{"timestamp":"2026-08-28T21:30:56.709450Z","level":"error","event":"","logger":"task.stderr"}
{"timestamp":"2026-08-28T21:30:56.710329Z","level":"error","event":"\rRDSP2408.parquet:  64%|██████▍   | 9.18M/14.3M [00:01<00:00, 5.85MB/s]\u001b[A\u001b[A\u001b[A","logger":"task.stderr"}
{"timestamp":"2026-08-28T21:30:56.711146Z","level":"error","event":"","logger":"task.stderr"}
{"timestamp":"2026-08-28T21:30:56.711939Z","level":"error","event":"","logger":"task.stderr"}
{"timestamp":"2026-08-28T21:30:56.712711Z","level":"error","event":"\rRDSP2408.parquet:  65%|██████▍   | 9.24M/14.3M [00:01<00:00, 5.89MB/s]\u001b[A\u001b[A\u001b[A","logger":"task.stderr"}
{"timestamp":"2026-08-28T21:30:56.713535Z","level":"error","event":"","logger":"task.stderr"}
{"timestamp":"2026-08-28T21:30:56.714463Z","level":"error","event":"","logger":"task.stderr"}
{"timestamp":"2026-08-28T21:30:56.715366Z","level":"error","event":"\rRDSP2408.parquet:  65%|██████▌   | 9.31M/14.3M [00:01<00:00, 5.92MB/s]\u001b[A\u001b[A\u001b[A","logger":"task.stderr"}
{"timestamp":"2026-08-28T21:30:56.716565Z","level":"error","event":"","logger":"task.stderr"}
{"timestamp":"2026-08-28T21:30:56.717413Z","level":"error","event":"","logger":"task.stderr"}
{"timestamp":"2026-08-28T21:30:56.718485Z","level":"error","event":"\rRDSP2408.parquet:  66%|██████▌   | 9.37M/14.3M [00:01<00:00, 5.96MB/s]\u001b[A\u001b[A\u001b[A","logger":"task.stderr"}
{"timestamp":"2026-08-28T21:30:56.719440Z","level":"error","event":"","logger":"task.stderr"}
{"timestamp":"2026-08-28T21:30:56.720292Z","level":"error","event":"","logger":"task.stderr"}
{"timestamp":"2026-08-28T21:30:56.721078Z","level":"error","event":"\rRDSP2408.parquet:  66%|██████▌   | 9.44M/14.3M [00:01<00:00, 5.99MB/s]\u001b[A\u001b[A\u001b[A","logger":"task.stderr"}
{"timestamp":"2026-08-28T21:30:56.722066Z","level":"error","event":"","logger":"task.stderr"}
{"timestamp":"2026-08-28T21:30:56.722976Z","level":"error","event":"","logger":"task.stderr"}
{"timestamp":"2026-08-28T21:30:56.724077Z","level":"error","event":"\rRDSP2408.parquet:  67%|██████▋   | 9.50M/14.3M [00:01<00:00, 6.02MB/s]\u001b[A\u001b[A\u001b[A","logger":"task.stderr"}
{"timestamp":"2026-08-28T21:30:56.724952Z","level":"error","event":"","logger":"task.stderr"}
{"timestamp":"2026-08-28T21:30:56.725973Z","level":"error","event":"","logger":"task.stderr"}
{"timestamp":"2026-08-28T21:30:56.726817Z","level":"error","event":"\rRDSP2408.parquet:  67%|██████▋   | 9.57M/14.3M [00:01<00:00, 6.05MB/s]\u001b[A\u001b[A\u001b[A","logger":"task.stderr"}
{"timestamp":"2026-08-28T21:30:56.727769Z","level":"error","event":"","logger":"task.stderr"}
{"timestamp":"2026-08-28T21:30:56.728990Z","level":"error","event":"","logger":"task.stderr"}
{"timestamp":"2026-08-28T21:30:56.730093Z","level":"error","event":"\rRDSP2408.parquet:  68%|██████▊   | 9.63M/14.3M [00:01<00:00, 6.08MB/s]\u001b[A\u001b[A\u001b[A","logger":"task.stderr"}
{"timestamp":"2026-08-28T21:30:56.731037Z","level":"error","event":"","logger":"task.stderr"}
{"timestamp":"2026-08-28T21:30:56.732049Z","level":"error","event":"","logger":"task.stderr"}
{"timestamp":"2026-08-28T21:30:56.733027Z","level":"error","event":"\rRDSP2408.parquet:  68%|██████▊   | 9.70M/14.3M [00:01<00:00, 6.10MB/s]\u001b[A\u001b[A\u001b[A","logger":"task.stderr"}
{"timestamp":"2026-08-28T21:30:56.733950Z","level":"error","event":"","logger":"task.stderr"}
{"timestamp":"2026-08-28T21:30:56.734788Z","level":"error","event":"","logger":"task.stderr"}
{"timestamp":"2026-08-28T21:30:56.735593Z","level":"error","event":"\rRDSP2408.parquet:  69%|██████▊   | 9.76M/14.3M [00:01<00:00, 6.12MB/s]\u001b[A\u001b[A\u001b[A","logger":"task.stderr"}
{"timestamp":"2026-08-28T21:30:56.736406Z","level":"error","event":"","logger":"task.stderr"}
{"timestamp":"2026-08-28T21:30:56.737319Z","level":"error","event":"","logger":"task.stderr"}
{"timestamp":"2026-08-28T21:30:56.738498Z","level":"error","event":"\rRDSP2408.parquet:  69%|██████▉   | 9.83M/14.3M [00:01<00:00, 6.16MB/s]\u001b[A\u001b[A\u001b[A","logger":"task.stderr"}
{"timestamp":"2026-08-28T21:30:56.739353Z","level":"error","event":"","logger":"task.stderr"}
{"timestamp":"2026-08-28T21:30:56.740183Z","level":"error","event":"","logger":"task.stderr"}
{"timestamp":"2026-08-28T21:30:56.741035Z","level":"error","event":"\rRDSP2408.parquet:  69%|██████▉   | 9.90M/14.3M [00:01<00:00, 6.19MB/s]\u001b[A\u001b[A\u001b[A","logger":"task.stderr"}
{"timestamp":"2026-08-28T21:30:56.741945Z","level":"error","event":"","logger":"task.stderr"}
{"timestamp":"2026-08-28T21:30:56.742880Z","level":"error","event":"","logger":"task.stderr"}
{"timestamp":"2026-08-28T21:30:56.743735Z","level":"error","event":"\rRDSP2408.parquet:  70%|██████▉   | 9.96M/14.3M [00:01<00:00, 6.22MB/s]\u001b[A\u001b[A\u001b[A","logger":"task.stderr"}
{"timestamp":"2026-08-28T21:30:56.744702Z","level":"error","event":"","logger":"task.stderr"}
{"timestamp":"2026-08-28T21:30:56.745540Z","level":"error","event":"","logger":"task.stderr"}
{"timestamp":"2026-08-28T21:30:56.746381Z","level":"error","event":"\rRDSP2408.parquet:  70%|███████   | 10.0M/14.3M [00:01<00:00, 6.25MB/s]\u001b[A\u001b[A\u001b[A","logger":"task.stderr"}
{"timestamp":"2026-08-28T21:30:56.747237Z","level":"error","event":"","logger":"task.stderr"}
{"timestamp":"2026-08-28T21:30:56.748170Z","level":"error","event":"","logger":"task.stderr"}
{"timestamp":"2026-08-28T21:30:56.749074Z","level":"error","event":"\rRDSP2408.parquet:  71%|███████   | 10.1M/14.3M [00:01<00:00, 6.28MB/s]\u001b[A\u001b[A\u001b[A","logger":"task.stderr"}
{"timestamp":"2026-08-28T21:30:56.749932Z","level":"error","event":"","logger":"task.stderr"}
{"timestamp":"2026-08-28T21:30:56.750751Z","level":"error","event":"","logger":"task.stderr"}
{"timestamp":"2026-08-28T21:30:56.751595Z","level":"error","event":"\rRDSP2408.parquet:  71%|███████▏  | 10.2M/14.3M [00:01<00:00, 6.31MB/s]\u001b[A\u001b[A\u001b[A","logger":"task.stderr"}
{"timestamp":"2026-08-28T21:30:56.752423Z","level":"error","event":"","logger":"task.stderr"}
{"timestamp":"2026-08-28T21:30:56.753208Z","level":"error","event":"","logger":"task.stderr"}
{"timestamp":"2026-08-28T21:30:56.754144Z","level":"error","event":"\rRDSP2408.parquet:  72%|███████▏  | 10.2M/14.3M [00:01<00:00, 6.34MB/s]\u001b[A\u001b[A\u001b[A","logger":"task.stderr"}
{"timestamp":"2026-08-28T21:30:56.755229Z","level":"error","event":"","logger":"task.stderr"}
{"timestamp":"2026-08-28T21:30:56.756201Z","level":"error","event":"","logger":"task.stderr"}
{"timestamp":"2026-08-28T21:30:56.757056Z","level":"error","event":"\rRDSP2408.parquet:  72%|███████▏  | 10.3M/14.3M [00:01<00:00, 6.37MB/s]\u001b[A\u001b[A\u001b[A","logger":"task.stderr"}
{"timestamp":"2026-08-28T21:30:56.758382Z","level":"error","event":"","logger":"task.stderr"}
{"timestamp":"2026-08-28T21:30:56.759252Z","level":"error","event":"","logger":"task.stderr"}
{"timestamp":"2026-08-28T21:30:56.760198Z","level":"error","event":"\rRDSP2408.parquet:  73%|███████▎  | 10.4M/14.3M [00:01<00:00, 6.40MB/s]\u001b[A\u001b[A\u001b[A","logger":"task.stderr"}
{"timestamp":"2026-08-28T21:30:56.761045Z","level":"error","event":"","logger":"task.stderr"}
{"timestamp":"2026-08-28T21:30:56.761946Z","level":"error","event":"","logger":"task.stderr"}
{"timestamp":"2026-08-28T21:30:56.762888Z","level":"error","event":"\rRDSP2408.parquet:  73%|███████▎  | 10.4M/14.3M [00:01<00:00, 6.43MB/s]\u001b[A\u001b[A\u001b[A","logger":"task.stderr"}
{"timestamp":"2026-08-28T21:30:56.763956Z","level":"error","event":"","logger":"task.stderr"}
{"timestamp":"2026-08-28T21:30:56.765075Z","level":"error","event":"","logger":"task.stderr"}
{"timestamp":"2026-08-28T21:30:56.766228Z","level":"error","event":"\rRDSP2408.parquet:  74%|███████▎  | 10.5M/14.3M [00:01<00:00, 6.46MB/s]\u001b[A\u001b[A\u001b[A","logger":"task.stderr"}
{"timestamp":"2026-08-28T21:30:56.767624Z","level":"error","event":"","logger":"task.stderr"}
{"timestamp":"2026-08-28T21:30:56.768780Z","level":"error","event":"","logger":"task.stderr"}
{"timestamp":"2026-08-28T21:30:56.770193Z","level":"error","event":"\rRDSP2408.parquet:  74%|███████▍  | 10.6M/14.3M [00:01<00:00, 6.49MB/s]\u001b[A\u001b[A\u001b[A","logger":"task.stderr"}
{"timestamp":"2026-08-28T21:30:56.771399Z","level":"error","event":"","logger":"task.stderr"}
{"timestamp":"2026-08-28T21:30:56.772572Z","level":"error","event":"","logger":"task.stderr"}
{"timestamp":"2026-08-28T21:30:56.774050Z","level":"error","event":"\rRDSP2408.parquet:  75%|███████▍  | 10.6M/14.3M [00:01<00:00, 6.51MB/s]\u001b[A\u001b[A\u001b[A","logger":"task.stderr"}
{"timestamp":"2026-08-28T21:30:56.775169Z","level":"error","event":"","logger":"task.stderr"}
{"timestamp":"2026-08-28T21:30:56.776410Z","level":"error","event":"","logger":"task.stderr"}
{"timestamp":"2026-08-28T21:30:56.777466Z","level":"error","event":"\rRDSP2408.parquet:  75%|███████▍  | 10.7M/14.3M [00:01<00:00, 6.54MB/s]\u001b[A\u001b[A\u001b[A","logger":"task.stderr"}
{"timestamp":"2026-08-28T21:30:56.778721Z","level":"error","event":"","logger":"task.stderr"}
{"timestamp":"2026-08-28T21:30:56.779723Z","level":"error","event":"","logger":"task.stderr"}
{"timestamp":"2026-08-28T21:30:56.780830Z","level":"error","event":"\rRDSP2408.parquet:  75%|███████▌  | 10.7M/14.3M [00:01<00:00, 6.56MB/s]\u001b[A\u001b[A\u001b[A","logger":"task.stderr"}
{"timestamp":"2026-08-28T21:30:56.781989Z","level":"error","event":"","logger":"task.stderr"}
{"timestamp":"2026-08-28T21:30:56.783059Z","level":"error","event":"","logger":"task.stderr"}
{"timestamp":"2026-08-28T21:30:56.784010Z","level":"error","event":"\rRDSP2408.parquet:  76%|███████▌  | 10.8M/14.3M [00:01<00:00, 6.59MB/s]\u001b[A\u001b[A\u001b[A","logger":"task.stderr"}
{"timestamp":"2026-08-28T21:30:56.785113Z","level":"error","event":"","logger":"task.stderr"}
{"timestamp":"2026-08-28T21:30:56.786225Z","level":"error","event":"","logger":"task.stderr"}
{"timestamp":"2026-08-28T21:30:56.787461Z","level":"error","event":"\rRDSP2408.parquet:  76%|███████▋  | 10.9M/14.3M [00:01<00:00, 6.62MB/s]\u001b[A\u001b[A\u001b[A","logger":"task.stderr"}
{"timestamp":"2026-08-28T21:30:56.788638Z","level":"error","event":"","logger":"task.stderr"}
{"timestamp":"2026-08-28T21:30:56.789663Z","level":"error","event":"","logger":"task.stderr"}
{"timestamp":"2026-08-28T21:30:56.790829Z","level":"error","event":"\rRDSP2408.parquet:  77%|███████▋  | 10.9M/14.3M [00:01<00:00, 6.64MB/s]\u001b[A\u001b[A\u001b[A","logger":"task.stderr"}
{"timestamp":"2026-08-28T21:30:56.791838Z","level":"error","event":"","logger":"task.stderr"}
{"timestamp":"2026-08-28T21:30:56.792897Z","level":"error","event":"","logger":"task.stderr"}
{"timestamp":"2026-08-28T21:30:56.793932Z","level":"error","event":"\rRDSP2408.parquet:  77%|███████▋  | 11.0M/14.3M [00:01<00:00, 6.67MB/s]\u001b[A\u001b[A\u001b[A","logger":"task.stderr"}
{"timestamp":"2026-08-28T21:30:56.794891Z","level":"error","event":"","logger":"task.stderr"}
{"timestamp":"2026-08-28T21:30:56.795840Z","level":"error","event":"","logger":"task.stderr"}
{"timestamp":"2026-08-28T21:30:56.796716Z","level":"error","event":"\rRDSP2408.parquet:  78%|███████▊  | 11.1M/14.3M [00:01<00:00, 6.69MB/s]\u001b[A\u001b[A\u001b[A","logger":"task.stderr"}
{"timestamp":"2026-08-28T21:30:56.797837Z","level":"error","event":"","logger":"task.stderr"}
{"timestamp":"2026-08-28T21:30:56.798970Z","level":"error","event":"","logger":"task.stderr"}
{"timestamp":"2026-08-28T21:30:56.800575Z","level":"error","event":"\rRDSP2408.parquet:  78%|███████▊  | 11.1M/14.3M [00:01<00:00, 6.72MB/s]\u001b[A\u001b[A\u001b[A","logger":"task.stderr"}
{"timestamp":"2026-08-28T21:30:56.801802Z","level":"error","event":"","logger":"task.stderr"}
{"timestamp":"2026-08-28T21:30:56.802870Z","level":"error","event":"","logger":"task.stderr"}
{"timestamp":"2026-08-28T21:30:56.803842Z","level":"error","event":"\rRDSP2408.parquet:  79%|███████▊  | 11.2M/14.3M [00:01<00:00, 6.75MB/s]\u001b[A\u001b[A\u001b[A","logger":"task.stderr"}
{"timestamp":"2026-08-28T21:30:56.805068Z","level":"error","event":"","logger":"task.stderr"}
{"timestamp":"2026-08-28T21:30:56.806079Z","level":"error","event":"","logger":"task.stderr"}
{"timestamp":"2026-08-28T21:30:56.807100Z","level":"error","event":"\rRDSP2408.parquet:  79%|███████▉  | 11.3M/14.3M [00:01<00:00, 6.78MB/s]\u001b[A\u001b[A\u001b[A","logger":"task.stderr"}
{"timestamp":"2026-08-28T21:30:56.808039Z","level":"error","event":"","logger":"task.stderr"}
{"timestamp":"2026-08-28T21:30:56.808966Z","level":"error","event":"","logger":"task.stderr"}
{"timestamp":"2026-08-28T21:30:56.809952Z","level":"error","event":"\rRDSP2408.parquet:  80%|███████▉  | 11.3M/14.3M [00:01<00:00, 6.81MB/s]\u001b[A\u001b[A\u001b[A","logger":"task.stderr"}
{"timestamp":"2026-08-28T21:30:56.810878Z","level":"error","event":"","logger":"task.stderr"}
{"timestamp":"2026-08-28T21:30:56.811701Z","level":"error","event":"","logger":"task.stderr"}
{"timestamp":"2026-08-28T21:30:56.812545Z","level":"error","event":"\rRDSP2408.parquet:  80%|████████  | 11.4M/14.3M [00:01<00:00, 6.84MB/s]\u001b[A\u001b[A\u001b[A","logger":"task.stderr"}
{"timestamp":"2026-08-28T21:30:56.813353Z","level":"error","event":"","logger":"task.stderr"}
{"timestamp":"2026-08-28T21:30:56.814142Z","level":"error","event":"","logger":"task.stderr"}
{"timestamp":"2026-08-28T21:30:56.815032Z","level":"error","event":"\rRDSP2408.parquet:  80%|████████  | 11.5M/14.3M [00:01<00:00, 6.87MB/s]\u001b[A\u001b[A\u001b[A","logger":"task.stderr"}
{"timestamp":"2026-08-28T21:30:56.815808Z","level":"error","event":"","logger":"task.stderr"}
{"timestamp":"2026-08-28T21:30:56.816580Z","level":"error","event":"","logger":"task.stderr"}
{"timestamp":"2026-08-28T21:30:56.817298Z","level":"error","event":"\rRDSP2408.parquet:  81%|████████  | 11.5M/14.3M [00:01<00:00, 6.90MB/s]\u001b[A\u001b[A\u001b[A","logger":"task.stderr"}
{"timestamp":"2026-08-28T21:30:56.822592Z","level":"error","event":"","logger":"task.stderr"}
{"timestamp":"2026-08-28T21:30:56.823646Z","level":"error","event":"","logger":"task.stderr"}
{"timestamp":"2026-08-28T21:30:56.824567Z","level":"error","event":"\rRDSP2408.parquet:  81%|████████▏ | 11.6M/14.3M [00:01<00:00, 6.93MB/s]\u001b[A\u001b[A\u001b[A","logger":"task.stderr"}
{"timestamp":"2026-08-28T21:30:56.825652Z","level":"error","event":"","logger":"task.stderr"}
{"timestamp":"2026-08-28T21:30:56.826615Z","level":"error","event":"","logger":"task.stderr"}
{"timestamp":"2026-08-28T21:30:56.828188Z","level":"error","event":"\rRDSP2408.parquet:  82%|████████▏ | 11.7M/14.3M [00:01<00:00, 6.96MB/s]\u001b[A\u001b[A\u001b[A","logger":"task.stderr"}
{"timestamp":"2026-08-28T21:30:56.829886Z","level":"error","event":"","logger":"task.stderr"}
{"timestamp":"2026-08-28T21:30:56.830859Z","level":"error","event":"","logger":"task.stderr"}
{"timestamp":"2026-08-28T21:30:56.831923Z","level":"error","event":"\rRDSP2408.parquet:  82%|████████▏ | 11.7M/14.3M [00:01<00:00, 6.99MB/s]\u001b[A\u001b[A\u001b[A","logger":"task.stderr"}
{"timestamp":"2026-08-28T21:30:56.840274Z","level":"error","event":"","logger":"task.stderr"}
{"timestamp":"2026-08-28T21:30:56.842686Z","level":"error","event":"","logger":"task.stderr"}
{"timestamp":"2026-08-28T21:30:56.844162Z","level":"error","event":"\rRDSP2408.parquet:  83%|████████▎ | 11.8M/14.3M [00:01<00:00, 7.02MB/s]\u001b[A\u001b[A\u001b[A","logger":"task.stderr"}
{"timestamp":"2026-08-28T21:30:56.850709Z","level":"error","event":"","logger":"task.stderr"}
{"timestamp":"2026-08-28T21:30:56.852021Z","level":"error","event":"","logger":"task.stderr"}
{"timestamp":"2026-08-28T21:30:56.853182Z","level":"error","event":"\rRDSP2408.parquet:  83%|████████▎ | 11.9M/14.3M [00:01<00:00, 7.05MB/s]\u001b[A\u001b[A\u001b[A","logger":"task.stderr"}
{"timestamp":"2026-08-28T21:30:56.854368Z","level":"error","event":"","logger":"task.stderr"}
{"timestamp":"2026-08-28T21:30:56.855771Z","level":"error","event":"","logger":"task.stderr"}
{"timestamp":"2026-08-28T21:30:56.856768Z","level":"error","event":"\rRDSP2408.parquet:  84%|████████▎ | 11.9M/14.3M [00:01<00:00, 7.07MB/s]\u001b[A\u001b[A\u001b[A","logger":"task.stderr"}
{"timestamp":"2026-08-28T21:30:56.857913Z","level":"error","event":"","logger":"task.stderr"}
{"timestamp":"2026-08-28T21:30:56.859215Z","level":"error","event":"","logger":"task.stderr"}
{"timestamp":"2026-08-28T21:30:56.860477Z","level":"error","event":"\rRDSP2408.parquet:  84%|████████▍ | 12.0M/14.3M [00:01<00:00, 7.10MB/s]\u001b[A\u001b[A\u001b[A","logger":"task.stderr"}
{"timestamp":"2026-08-28T21:30:56.861581Z","level":"error","event":"","logger":"task.stderr"}
{"timestamp":"2026-08-28T21:30:56.863016Z","level":"error","event":"","logger":"task.stderr"}
{"timestamp":"2026-08-28T21:30:56.864974Z","level":"error","event":"\rRDSP2408.parquet:  85%|████████▍ | 12.1M/14.3M [00:01<00:00, 7.13MB/s]\u001b[A\u001b[A\u001b[A","logger":"task.stderr"}
{"timestamp":"2026-08-28T21:30:56.866480Z","level":"error","event":"","logger":"task.stderr"}
{"timestamp":"2026-08-28T21:30:56.867593Z","level":"error","event":"","logger":"task.stderr"}
{"timestamp":"2026-08-28T21:30:56.868799Z","level":"error","event":"\rRDSP2408.parquet:  85%|████████▌ | 12.1M/14.3M [00:01<00:00, 7.17MB/s]\u001b[A\u001b[A\u001b[A","logger":"task.stderr"}
{"timestamp":"2026-08-28T21:30:56.869980Z","level":"error","event":"","logger":"task.stderr"}
{"timestamp":"2026-08-28T21:30:56.870956Z","level":"error","event":"","logger":"task.stderr"}
{"timestamp":"2026-08-28T21:30:56.872235Z","level":"error","event":"\rRDSP2408.parquet:  86%|████████▌ | 12.2M/14.3M [00:01<00:00, 7.19MB/s]\u001b[A\u001b[A\u001b[A","logger":"task.stderr"}
{"timestamp":"2026-08-28T21:30:56.873313Z","level":"error","event":"","logger":"task.stderr"}
{"timestamp":"2026-08-28T21:30:56.875679Z","level":"error","event":"","logger":"task.stderr"}
{"timestamp":"2026-08-28T21:30:56.877162Z","level":"error","event":"\rRDSP2408.parquet:  86%|████████▌ | 12.3M/14.3M [00:01<00:00, 7.21MB/s]\u001b[A\u001b[A\u001b[A","logger":"task.stderr"}
{"timestamp":"2026-08-28T21:30:56.878304Z","level":"error","event":"","logger":"task.stderr"}
{"timestamp":"2026-08-28T21:30:56.879245Z","level":"error","event":"","logger":"task.stderr"}
{"timestamp":"2026-08-28T21:30:56.880641Z","level":"error","event":"\rRDSP2408.parquet:  86%|████████▋ | 12.3M/14.3M [00:01<00:00, 7.22MB/s]\u001b[A\u001b[A\u001b[A","logger":"task.stderr"}
{"timestamp":"2026-08-28T21:30:56.881500Z","level":"error","event":"","logger":"task.stderr"}
{"timestamp":"2026-08-28T21:30:56.882452Z","level":"error","event":"","logger":"task.stderr"}
{"timestamp":"2026-08-28T21:30:56.883714Z","level":"error","event":"\rRDSP2408.parquet:  87%|████████▋ | 12.4M/14.3M [00:01<00:00, 7.25MB/s]\u001b[A\u001b[A\u001b[A","logger":"task.stderr"}
{"timestamp":"2026-08-28T21:30:56.886408Z","level":"error","event":"","logger":"task.stderr"}
{"timestamp":"2026-08-28T21:30:56.887547Z","level":"error","event":"","logger":"task.stderr"}
{"timestamp":"2026-08-28T21:30:56.888489Z","level":"error","event":"\rRDSP2408.parquet:  87%|████████▋ | 12.5M/14.3M [00:01<00:00, 7.26MB/s]\u001b[A\u001b[A\u001b[A","logger":"task.stderr"}
{"timestamp":"2026-08-28T21:30:56.889408Z","level":"error","event":"","logger":"task.stderr"}
{"timestamp":"2026-08-28T21:30:56.890228Z","level":"error","event":"","logger":"task.stderr"}
{"timestamp":"2026-08-28T21:30:56.890973Z","level":"error","event":"\rRDSP2408.parquet:  88%|████████▊ | 12.5M/14.3M [00:01<00:00, 7.28MB/s]\u001b[A\u001b[A\u001b[A","logger":"task.stderr"}
{"timestamp":"2026-08-28T21:30:56.891710Z","level":"error","event":"","logger":"task.stderr"}
{"timestamp":"2026-08-28T21:30:56.892473Z","level":"error","event":"","logger":"task.stderr"}
{"timestamp":"2026-08-28T21:30:56.893266Z","level":"error","event":"\rRDSP2408.parquet:  88%|████████▊ | 12.6M/14.3M [00:01<00:00, 7.31MB/s]\u001b[A\u001b[A\u001b[A","logger":"task.stderr"}
{"timestamp":"2026-08-28T21:30:56.894090Z","level":"error","event":"","logger":"task.stderr"}
{"timestamp":"2026-08-28T21:30:56.894861Z","level":"error","event":"","logger":"task.stderr"}
{"timestamp":"2026-08-28T21:30:56.895631Z","level":"error","event":"\rRDSP2408.parquet:  89%|████████▉ | 12.6M/14.3M [00:01<00:00, 7.33MB/s]\u001b[A\u001b[A\u001b[A","logger":"task.stderr"}
{"timestamp":"2026-08-28T21:30:56.896432Z","level":"error","event":"","logger":"task.stderr"}
{"timestamp":"2026-08-28T21:30:56.897239Z","level":"error","event":"","logger":"task.stderr"}
{"timestamp":"2026-08-28T21:30:56.898013Z","level":"error","event":"\rRDSP2408.parquet:  89%|████████▉ | 12.7M/14.3M [00:01<00:00, 7.36MB/s]\u001b[A\u001b[A\u001b[A","logger":"task.stderr"}
{"timestamp":"2026-08-28T21:30:56.898853Z","level":"error","event":"","logger":"task.stderr"}
{"timestamp":"2026-08-28T21:30:56.899619Z","level":"error","event":"","logger":"task.stderr"}
{"timestamp":"2026-08-28T21:30:56.900491Z","level":"error","event":"\rRDSP2408.parquet:  90%|████████▉ | 12.8M/14.3M [00:01<00:00, 7.37MB/s]\u001b[A\u001b[A\u001b[A","logger":"task.stderr"}
{"timestamp":"2026-08-28T21:30:56.901197Z","level":"error","event":"","logger":"task.stderr"}
{"timestamp":"2026-08-28T21:30:56.901955Z","level":"error","event":"","logger":"task.stderr"}
{"timestamp":"2026-08-28T21:30:56.902713Z","level":"error","event":"\rRDSP2408.parquet:  90%|█████████ | 12.8M/14.3M [00:01<00:00, 7.39MB/s]\u001b[A\u001b[A\u001b[A","logger":"task.stderr"}
{"timestamp":"2026-08-28T21:30:56.903522Z","level":"error","event":"","logger":"task.stderr"}
{"timestamp":"2026-08-28T21:30:56.904298Z","level":"error","event":"","logger":"task.stderr"}
{"timestamp":"2026-08-28T21:30:56.904963Z","level":"error","event":"\rRDSP2408.parquet:  91%|█████████ | 12.9M/14.3M [00:01<00:00, 7.41MB/s]\u001b[A\u001b[A\u001b[A","logger":"task.stderr"}
{"timestamp":"2026-08-28T21:30:56.905836Z","level":"error","event":"","logger":"task.stderr"}
{"timestamp":"2026-08-28T21:30:56.906588Z","level":"error","event":"","logger":"task.stderr"}
{"timestamp":"2026-08-28T21:30:56.907464Z","level":"error","event":"\rRDSP2408.parquet:  91%|█████████ | 13.0M/14.3M [00:01<00:00, 7.43MB/s]\u001b[A\u001b[A\u001b[A","logger":"task.stderr"}
{"timestamp":"2026-08-28T21:30:56.908184Z","level":"error","event":"","logger":"task.stderr"}
{"timestamp":"2026-08-28T21:30:56.908960Z","level":"error","event":"","logger":"task.stderr"}
{"timestamp":"2026-08-28T21:30:56.909782Z","level":"error","event":"\rRDSP2408.parquet:  92%|█████████▏| 13.0M/14.3M [00:01<00:00, 7.45MB/s]\u001b[A\u001b[A\u001b[A","logger":"task.stderr"}
{"timestamp":"2026-08-28T21:30:56.910663Z","level":"error","event":"","logger":"task.stderr"}
{"timestamp":"2026-08-28T21:30:56.911553Z","level":"error","event":"","logger":"task.stderr"}
{"timestamp":"2026-08-28T21:30:56.912352Z","level":"error","event":"\rRDSP2408.parquet:  92%|█████████▏| 13.1M/14.3M [00:01<00:00, 7.48MB/s]\u001b[A\u001b[A\u001b[A","logger":"task.stderr"}
{"timestamp":"2026-08-28T21:30:56.913148Z","level":"error","event":"","logger":"task.stderr"}
{"timestamp":"2026-08-28T21:30:56.913948Z","level":"error","event":"","logger":"task.stderr"}
{"timestamp":"2026-08-28T21:30:56.914742Z","level":"error","event":"\rRDSP2408.parquet:  92%|█████████▏| 13.2M/14.3M [00:01<00:00, 7.51MB/s]\u001b[A\u001b[A\u001b[A","logger":"task.stderr"}
{"timestamp":"2026-08-28T21:30:56.915529Z","level":"error","event":"","logger":"task.stderr"}
{"timestamp":"2026-08-28T21:30:56.916317Z","level":"error","event":"","logger":"task.stderr"}
{"timestamp":"2026-08-28T21:30:56.917057Z","level":"error","event":"\rRDSP2408.parquet:  93%|█████████▎| 13.2M/14.3M [00:01<00:00, 7.54MB/s]\u001b[A\u001b[A\u001b[A","logger":"task.stderr"}
{"timestamp":"2026-08-28T21:30:56.917828Z","level":"error","event":"","logger":"task.stderr"}
{"timestamp":"2026-08-28T21:30:56.918629Z","level":"error","event":"","logger":"task.stderr"}
{"timestamp":"2026-08-28T21:30:56.919384Z","level":"error","event":"\rRDSP2408.parquet:  93%|█████████▎| 13.3M/14.3M [00:01<00:00, 7.57MB/s]\u001b[A\u001b[A\u001b[A","logger":"task.stderr"}
{"timestamp":"2026-08-28T21:30:56.920132Z","level":"error","event":"","logger":"task.stderr"}
{"timestamp":"2026-08-28T21:30:56.920969Z","level":"error","event":"","logger":"task.stderr"}
{"timestamp":"2026-08-28T21:30:56.921663Z","level":"error","event":"\rRDSP2408.parquet:  94%|█████████▍| 13.4M/14.3M [00:01<00:00, 7.59MB/s]\u001b[A\u001b[A\u001b[A","logger":"task.stderr"}
{"timestamp":"2026-08-28T21:30:56.922501Z","level":"error","event":"","logger":"task.stderr"}
{"timestamp":"2026-08-28T21:30:56.923183Z","level":"error","event":"","logger":"task.stderr"}
{"timestamp":"2026-08-28T21:30:56.924002Z","level":"error","event":"\rRDSP2408.parquet:  94%|█████████▍| 13.4M/14.3M [00:01<00:00, 7.62MB/s]\u001b[A\u001b[A\u001b[A","logger":"task.stderr"}
{"timestamp":"2026-08-28T21:30:56.924732Z","level":"error","event":"","logger":"task.stderr"}
{"timestamp":"2026-08-28T21:30:56.925386Z","level":"error","event":"","logger":"task.stderr"}
{"timestamp":"2026-08-28T21:30:56.926401Z","level":"error","event":"\rRDSP2408.parquet:  95%|█████████▍| 13.5M/14.3M [00:01<00:00, 7.65MB/s]\u001b[A\u001b[A\u001b[A","logger":"task.stderr"}
{"timestamp":"2026-08-28T21:30:56.927588Z","level":"error","event":"","logger":"task.stderr"}
{"timestamp":"2026-08-28T21:30:56.928550Z","level":"error","event":"","logger":"task.stderr"}
{"timestamp":"2026-08-28T21:30:56.929345Z","level":"error","event":"\rRDSP2408.parquet:  95%|█████████▌| 13.6M/14.3M [00:01<00:00, 7.68MB/s]\u001b[A\u001b[A\u001b[A","logger":"task.stderr"}
{"timestamp":"2026-08-28T21:30:56.930191Z","level":"error","event":"","logger":"task.stderr"}
{"timestamp":"2026-08-28T21:30:56.931006Z","level":"error","event":"","logger":"task.stderr"}
{"timestamp":"2026-08-28T21:30:56.931925Z","level":"error","event":"\rRDSP2408.parquet:  96%|█████████▌| 13.6M/14.3M [00:01<00:00, 7.71MB/s]\u001b[A\u001b[A\u001b[A","logger":"task.stderr"}
{"timestamp":"2026-08-28T21:30:56.932768Z","level":"error","event":"","logger":"task.stderr"}
{"timestamp":"2026-08-28T21:30:56.933449Z","level":"error","event":"","logger":"task.stderr"}
{"timestamp":"2026-08-28T21:30:56.934165Z","level":"error","event":"\rRDSP2408.parquet:  96%|█████████▌| 13.7M/14.3M [00:01<00:00, 7.74MB/s]\u001b[A\u001b[A\u001b[A","logger":"task.stderr"}
{"timestamp":"2026-08-28T21:30:56.934855Z","level":"error","event":"","logger":"task.stderr"}
{"timestamp":"2026-08-28T21:30:56.935457Z","level":"error","event":"","logger":"task.stderr"}
{"timestamp":"2026-08-28T21:30:56.936033Z","level":"error","event":"\rRDSP2408.parquet:  97%|█████████▋| 13.8M/14.3M [00:01<00:00, 7.76MB/s]\u001b[A\u001b[A\u001b[A","logger":"task.stderr"}
{"timestamp":"2026-08-28T21:30:56.936627Z","level":"error","event":"","logger":"task.stderr"}
{"timestamp":"2026-08-28T21:30:56.937288Z","level":"error","event":"","logger":"task.stderr"}
{"timestamp":"2026-08-28T21:30:56.938166Z","level":"error","event":"\rRDSP2408.parquet:  97%|█████████▋| 13.8M/14.3M [00:01<00:00, 7.79MB/s]\u001b[A\u001b[A\u001b[A","logger":"task.stderr"}
{"timestamp":"2026-08-28T21:30:56.938945Z","level":"error","event":"","logger":"task.stderr"}
{"timestamp":"2026-08-28T21:30:56.939599Z","level":"error","event":"","logger":"task.stderr"}
{"timestamp":"2026-08-28T21:30:56.940225Z","level":"error","event":"\rRDSP2408.parquet:  97%|█████████▋| 13.9M/14.3M [00:01<00:00, 7.82MB/s]\u001b[A\u001b[A\u001b[A","logger":"task.stderr"}
{"timestamp":"2026-08-28T21:30:56.940874Z","level":"error","event":"","logger":"task.stderr"}
{"timestamp":"2026-08-28T21:30:56.941556Z","level":"error","event":"","logger":"task.stderr"}
{"timestamp":"2026-08-28T21:30:56.942210Z","level":"error","event":"\rRDSP2408.parquet:  98%|█████████▊| 14.0M/14.3M [00:01<00:00, 7.85MB/s]\u001b[A\u001b[A\u001b[A","logger":"task.stderr"}
{"timestamp":"2026-08-28T21:30:56.942834Z","level":"error","event":"","logger":"task.stderr"}
{"timestamp":"2026-08-28T21:30:56.943415Z","level":"error","event":"","logger":"task.stderr"}
{"timestamp":"2026-08-28T21:30:56.943955Z","level":"error","event":"\rRDSP2408.parquet:  98%|█████████▊| 14.0M/14.3M [00:01<00:00, 7.88MB/s]\u001b[A\u001b[A\u001b[A","logger":"task.stderr"}
{"timestamp":"2026-08-28T21:30:56.944580Z","level":"error","event":"","logger":"task.stderr"}
{"timestamp":"2026-08-28T21:30:56.945380Z","level":"error","event":"","logger":"task.stderr"}
{"timestamp":"2026-08-28T21:30:56.946091Z","level":"error","event":"\rRDSP2408.parquet:  99%|█████████▉| 14.1M/14.3M [00:01<00:00, 7.90MB/s]\u001b[A\u001b[A\u001b[A","logger":"task.stderr"}
{"timestamp":"2026-08-28T21:30:56.946776Z","level":"error","event":"","logger":"task.stderr"}
{"timestamp":"2026-08-28T21:30:56.947474Z","level":"error","event":"","logger":"task.stderr"}
{"timestamp":"2026-08-28T21:30:56.948212Z","level":"error","event":"\rRDSP2408.parquet:  99%|█████████▉| 14.2M/14.3M [00:01<00:00, 7.93MB/s]\u001b[A\u001b[A\u001b[A","logger":"task.stderr"}
{"timestamp":"2026-08-28T21:30:56.948804Z","level":"error","event":"","logger":"task.stderr"}
{"timestamp":"2026-08-28T21:30:56.949392Z","level":"error","event":"","logger":"task.stderr"}
{"timestamp":"2026-08-28T21:30:56.950184Z","level":"error","event":"\rRDSP2408.parquet: 100%|█████████▉| 14.2M/14.3M [00:01<00:00, 7.96MB/s]\u001b[A\u001b[A\u001b[A","logger":"task.stderr"}
{"timestamp":"2026-08-28T21:30:56.950769Z","level":"error","event":"","logger":"task.stderr"}
{"timestamp":"2026-08-28T21:30:56.951395Z","level":"error","event":"","logger":"task.stderr"}
{"timestamp":"2026-08-28T21:30:56.957416Z","level":"error","event":"\rRDSP2408.parquet: 100%|██████████| 14.3M/14.3M [00:01<00:00, 7.97MB/s]\u001b[A\u001b[A\u001b[A\rRDSP2408.parquet: 100%|██████████| 14.3M/14.3M [00:01<00:00, 7.83MB/s]","logger":"task.stderr"}
{"timestamp":"2026-08-28T21:30:56.961065Z","level":"error","event":"\rDownloading sih: 100%|██████████| 3/3 [00:03<00:00,  1.06s/file]\rDownloading sih: 100%|██████████| 3/3 [00:03<00:00,  1.18s/file]","logger":"task.stderr"}
{"timestamp":"2026-08-28T21:30:57.743399Z","level":"info","event":"[SIH] Carregado: 246,085 registros","logger":"task.stdout"}
{"timestamp":"2026-08-28T21:31:01.078881Z","level":"info","event":"[SIH] Salvo localmente em: /opt/airflow/data/raw/sih_SP_2024_08.parquet","logger":"task.stdout"}
{"timestamp":"2026-08-28T21:31:01.079560Z","level":"info","event":"[CNES] Baixando dados: SP 2024/08","logger":"task.stdout"}
{"timestamp":"2026-08-28T21:31:10.321656Z","level":"error","event":"\rDownloading cnes:   0%|          | 0/1 [00:00<?, ?file/s]","logger":"task.stderr"}
{"timestamp":"2026-08-28T21:31:11.728810Z","level":"error","event":"\rLTSP2408.parquet: 0.00B [00:00, ?B/s]\u001b[A","logger":"task.stderr"}
{"timestamp":"2026-08-28T21:31:11.738349Z","level":"error","event":"\rLTSP2408.parquet:   0%|          | 0.00/98.6k [00:00<?, ?B/s]\u001b[A","logger":"task.stderr"}
{"timestamp":"2026-08-28T21:31:11.797825Z","level":"error","event":"\rLTSP2408.parquet:  66%|██████▋   | 65.5k/98.6k [00:00<00:00, 468MB/s]\u001b[A","logger":"task.stderr"}
{"timestamp":"2026-08-28T21:31:11.822809Z","level":"error","event":"\rLTSP2408.parquet: 100%|██████████| 98.6k/98.6k [00:00<00:00, 1.43MB/s]\u001b[A\rLTSP2408.parquet: 100%|██████████| 98.6k/98.6k [00:00<00:00, 1.05MB/s]","logger":"task.stderr"}
{"timestamp":"2026-08-28T21:31:11.841197Z","level":"error","event":"\rDownloading cnes: 100%|██████████| 1/1 [00:01<00:00,  1.52s/file]\rDownloading cnes: 100%|██████████| 1/1 [00:01<00:00,  1.52s/file]","logger":"task.stderr"}
{"timestamp":"2026-08-28T21:31:11.850298Z","level":"info","event":"[CNES] Carregado: 8,445 registros","logger":"task.stdout"}
{"timestamp":"2026-08-28T21:31:11.923738Z","level":"info","event":"[CNES] Salvo localmente em: /opt/airflow/data/raw/cnes_SP_2024_08.parquet","logger":"task.stdout"}
{"timestamp":"2026-08-28T21:31:11.924442Z","level":"info","event":"[IBGE] Carregando dados para SP","logger":"task.stdout"}
{"timestamp":"2026-08-28T21:31:12.159079Z","level":"info","event":"[IBGE] Carregado: 645 municípios","logger":"task.stdout"}
{"timestamp":"2026-08-28T21:31:12.185512Z","level":"info","event":"[IBGE] Salvo localmente em: /opt/airflow/data/reference/ibge_SP.parquet","logger":"task.stdout"}
{"timestamp":"2026-08-28T21:31:12.186217Z","level":"info","event":"==================================================","logger":"task.stdout"}
{"timestamp":"2026-08-28T21:31:12.186731Z","level":"info","event":"RESUMO DA INGESTÃO","logger":"task.stdout"}
{"timestamp":"2026-08-28T21:31:12.187237Z","level":"info","event":"SIH        | OK    |  246,085 registros","logger":"task.stdout"}
{"timestamp":"2026-08-28T21:31:12.187721Z","level":"info","event":"CNES       | OK    |    8,445 registros","logger":"task.stdout"}
{"timestamp":"2026-08-28T21:31:12.188211Z","level":"info","event":"IBGE       | OK    |      645 registros","logger":"task.stdout"}
{"timestamp":"2026-08-28T21:31:12.188846Z","level":"info","event":"==================================================","logger":"task.stdout"}
{"timestamp":"2026-08-28T21:31:12.189580Z","level":"info","event":"[INGESTAO] Concluída com sucesso.","logger":"task.stdout"}
{"timestamp":"2026-08-28T21:31:12.243417Z","level":"info","event":"Done. Returned value was: None","logger":"airflow.task.operators.airflow.providers.standard.operators.python.PythonOperator","filename":"python.py","lineno":229}
{"timestamp":"2026-08-28T22:49:34.118625Z","level":"info","event":"DAG bundles loaded: dags-folder","logger":"airflow.dag_processing.bundles.manager.DagBundlesManager","filename":"manager.py","lineno":209}
{"timestamp":"2026-08-28T22:49:34.120047Z","level":"info","event":"Filling up the DagBag from /opt/airflow/dags/meddata_pipeline.py","logger":"airflow.dag_processing.dagbag.BundleDagBag","filename":"dagbag.py","lineno":469}
{"timestamp":"2026-08-28T22:49:34.625191Z","level":"info","event":"Default Auth client Circuit breaker strategy enabled","logger":"oci.circuit_breaker","filename":"__init__.py","lineno":28}
{"timestamp":"2026-08-28T22:49:34.922875Z","level":"warning","event":"The `airflow.hooks.base.BaseHook` attribute is deprecated. Please use `'airflow.sdk.bases.hook.BaseHook'`.","category":"UserWarning","filename":"/opt/airflow/dags/meddata_pipeline.py","lineno":11,"logger":"py.warnings"}
{"timestamp":"2026-08-28T22:49:34.960373Z","level":"info","event":"[INGESTAO] Baixando dados para SP/2024/08","logger":"task.stdout"}
{"timestamp":"2026-08-28T22:49:34.961285Z","level":"info","event":"==================================================","logger":"task.stdout"}
{"timestamp":"2026-08-28T22:49:34.961993Z","level":"info","event":"INICIANDO INGESTÃO DE DADOS","logger":"task.stdout"}
{"timestamp":"2026-08-28T22:49:34.962619Z","level":"info","event":"UF: SP | Ano: 2024 | Mês: 08","logger":"task.stdout"}
{"timestamp":"2026-08-28T22:49:34.963165Z","level":"info","event":"Upload para OCI: NÃO","logger":"task.stdout"}
{"timestamp":"2026-08-28T22:49:34.963670Z","level":"info","event":"==================================================","logger":"task.stdout"}
{"timestamp":"2026-08-28T22:49:34.964152Z","level":"info","event":"[SIH] Baixando dados: SP 2024/08","logger":"task.stdout"}
{"timestamp":"2026-08-28T22:49:48.413454Z","level":"error","event":"\rDownloading sih:   0%|          | 0/3 [00:00<?, ?file/s]","logger":"task.stderr"}
{"timestamp":"2026-08-28T22:49:48.470752Z","level":"error","event":"\rRJSP2408.parquet: 0.00B [00:00, ?B/s]\u001b[A","logger":"task.stderr"}
{"timestamp":"2026-08-28T22:49:48.471589Z","level":"error","event":"","logger":"task.stderr"}
{"timestamp":"2026-08-28T22:49:48.529943Z","level":"error","event":"\rERSP2408.parquet: 0.00B [00:00, ?B/s]\u001b[A\u001b[A","logger":"task.stderr"}
{"timestamp":"2026-08-28T22:49:48.530765Z","level":"error","event":"","logger":"task.stderr"}
{"timestamp":"2026-08-28T22:49:48.531492Z","level":"error","event":"","logger":"task.stderr"}
{"timestamp":"2026-08-28T22:49:50.157082Z","level":"error","event":"\rRDSP2408.parquet: 0.00B [00:00, ?B/s]\u001b[A\u001b[A\u001b[A","logger":"task.stderr"}
{"timestamp":"2026-08-28T22:49:50.157868Z","level":"error","event":"","logger":"task.stderr"}
{"timestamp":"2026-08-28T22:49:50.158614Z","level":"error","event":"\rERSP2408.parquet:   0%|          | 0.00/255k [00:00<?, ?B/s]\u001b[A\u001b[A","logger":"task.stderr"}
{"timestamp":"2026-08-28T22:49:50.159174Z","level":"error","event":"","logger":"task.stderr"}
{"timestamp":"2026-08-28T22:49:50.159725Z","level":"error","event":"\rERSP2408.parquet:  26%|██▌       | 65.5k/255k [00:00<00:00, 383MB/s]\u001b[A\u001b[A","logger":"task.stderr"}
{"timestamp":"2026-08-28T22:49:50.160272Z","level":"error","event":"\rRJSP2408.parquet:   0%|          | 0.00/595k [00:00<?, ?B/s]\u001b[A","logger":"task.stderr"}
{"timestamp":"2026-08-28T22:49:50.217976Z","level":"error","event":"\rRJSP2408.parquet:  11%|█         | 65.5k/595k [00:00<00:00, 739MB/s]\u001b[A","logger":"task.stderr"}
{"timestamp":"2026-08-28T22:49:50.218900Z","level":"error","event":"","logger":"task.stderr"}
{"timestamp":"2026-08-28T22:49:50.219509Z","level":"error","event":"","logger":"task.stderr"}
{"timestamp":"2026-08-28T22:49:50.220140Z","level":"error","event":"\rRDSP2408.parquet:   0%|          | 0.00/14.3M [00:00<?, ?B/s]\u001b[A\u001b[A\u001b[A","logger":"task.stderr"}
{"timestamp":"2026-08-28T22:49:50.220687Z","level":"error","event":"","logger":"task.stderr"}
{"timestamp":"2026-08-28T22:49:50.221235Z","level":"error","event":"","logger":"task.stderr"}
{"timestamp":"2026-08-28T22:49:50.361483Z","level":"error","event":"\rRDSP2408.parquet:   0%|          | 65.5k/14.3M [00:00<00:00, 374MB/s]\u001b[A\u001b[A\u001b[A","logger":"task.stderr"}
{"timestamp":"2026-08-28T22:49:50.362564Z","level":"error","event":"","logger":"task.stderr"}
{"timestamp":"2026-08-28T22:49:50.363450Z","level":"error","event":"\rERSP2408.parquet:  51%|█████▏    | 131k/255k [00:00<00:00, 641kB/s] \u001b[A\u001b[A","logger":"task.stderr"}
{"timestamp":"2026-08-28T22:49:50.428320Z","level":"error","event":"\rRJSP2408.parquet:  22%|██▏       | 131k/595k [00:00<00:00, 644kB/s] \u001b[A","logger":"task.stderr"}
{"timestamp":"2026-08-28T22:49:50.429203Z","level":"error","event":"","logger":"task.stderr"}
{"timestamp":"2026-08-28T22:49:50.429893Z","level":"error","event":"","logger":"task.stderr"}
{"timestamp":"2026-08-28T22:49:50.467429Z","level":"error","event":"\rRDSP2408.parquet:   1%|          | 131k/14.3M [00:00<00:22, 623kB/s] \u001b[A\u001b[A\u001b[A","logger":"task.stderr"}
{"timestamp":"2026-08-28T22:49:50.468343Z","level":"error","event":"","logger":"task.stderr"}
{"timestamp":"2026-08-28T22:49:50.470148Z","level":"error","event":"\rERSP2408.parquet:  77%|███████▋  | 197k/255k [00:00<00:00, 633kB/s]\u001b[A\u001b[A","logger":"task.stderr"}
{"timestamp":"2026-08-28T22:49:50.538362Z","level":"error","event":"\rRJSP2408.parquet:  33%|███▎      | 197k/595k [00:00<00:00, 630kB/s]\u001b[A","logger":"task.stderr"}
{"timestamp":"2026-08-28T22:49:50.539269Z","level":"error","event":"","logger":"task.stderr"}
{"timestamp":"2026-08-28T22:49:50.539870Z","level":"error","event":"","logger":"task.stderr"}
{"timestamp":"2026-08-28T22:49:50.558467Z","level":"error","event":"\rRDSP2408.parquet:   1%|▏         | 197k/14.3M [00:00<00:22, 614kB/s]\u001b[A\u001b[A\u001b[A","logger":"task.stderr"}
{"timestamp":"2026-08-28T22:49:50.559463Z","level":"error","event":"","logger":"task.stderr"}
{"timestamp":"2026-08-28T22:49:50.587624Z","level":"error","event":"\rERSP2408.parquet: 100%|██████████| 255k/255k [00:00<00:00, 636kB/s]\u001b[A\u001b[A\rERSP2408.parquet: 100%|██████████| 255k/255k [00:00<00:00, 593kB/s]","logger":"task.stderr"}
{"timestamp":"2026-08-28T22:49:50.589390Z","level":"error","event":"","logger":"task.stderr"}
{"timestamp":"2026-08-28T22:49:50.641315Z","level":"error","event":"\rRJSP2408.parquet:  44%|████▍     | 262k/595k [00:00<00:00, 608kB/s]\u001b[A\rDownloading sih:  33%|███▎      | 1/3 [00:02<00:04,  2.18s/file]","logger":"task.stderr"}
{"timestamp":"2026-08-28T22:49:50.642110Z","level":"error","event":"","logger":"task.stderr"}
{"timestamp":"2026-08-28T22:49:50.642712Z","level":"error","event":"","logger":"task.stderr"}
{"timestamp":"2026-08-28T22:49:50.707527Z","level":"error","event":"\rRDSP2408.parquet:   2%|▏         | 262k/14.3M [00:00<00:22, 619kB/s]\u001b[A\u001b[A\u001b[A","logger":"task.stderr"}
{"timestamp":"2026-08-28T22:49:50.725906Z","level":"error","event":"\rRJSP2408.parquet:  55%|█████▌    | 328k/595k [00:00<00:00, 596kB/s]\u001b[A","logger":"task.stderr"}
{"timestamp":"2026-08-28T22:49:50.726898Z","level":"error","event":"","logger":"task.stderr"}
{"timestamp":"2026-08-28T22:49:50.727614Z","level":"error","event":"","logger":"task.stderr"}
{"timestamp":"2026-08-28T22:49:50.753600Z","level":"error","event":"\rRDSP2408.parquet:   2%|▏         | 328k/14.3M [00:00<00:21, 645kB/s]\u001b[A\u001b[A\u001b[A","logger":"task.stderr"}
{"timestamp":"2026-08-28T22:49:50.782430Z","level":"error","event":"\rRJSP2408.parquet:  66%|██████▌   | 393k/595k [00:00<00:00, 660kB/s]\u001b[A","logger":"task.stderr"}
{"timestamp":"2026-08-28T22:49:50.783367Z","level":"error","event":"","logger":"task.stderr"}
{"timestamp":"2026-08-28T22:49:50.784021Z","level":"error","event":"","logger":"task.stderr"}
{"timestamp":"2026-08-28T22:49:50.792547Z","level":"error","event":"\rRDSP2408.parquet:   3%|▎         | 393k/14.3M [00:00<00:19, 697kB/s]\u001b[A\u001b[A\u001b[A","logger":"task.stderr"}
{"timestamp":"2026-08-28T22:49:50.827779Z","level":"error","event":"\rRJSP2408.parquet:  77%|███████▋  | 459k/595k [00:00<00:00, 723kB/s]\u001b[A","logger":"task.stderr"}
{"timestamp":"2026-08-28T22:49:50.828648Z","level":"error","event":"","logger":"task.stderr"}
{"timestamp":"2026-08-28T22:49:50.829282Z","level":"error","event":"","logger":"task.stderr"}
{"timestamp":"2026-08-28T22:49:50.853154Z","level":"error","event":"\rRDSP2408.parquet:   3%|▎         | 459k/14.3M [00:00<00:18, 752kB/s]\u001b[A\u001b[A\u001b[A","logger":"task.stderr"}
{"timestamp":"2026-08-28T22:49:50.888043Z","level":"error","event":"\rRJSP2408.parquet:  88%|████████▊ | 524k/595k [00:00<00:00, 754kB/s]\u001b[A","logger":"task.stderr"}
{"timestamp":"2026-08-28T22:49:50.888948Z","level":"error","event":"","logger":"task.stderr"}
{"timestamp":"2026-08-28T22:49:50.889538Z","level":"error","event":"","logger":"task.stderr"}
{"timestamp":"2026-08-28T22:49:50.921767Z","level":"error","event":"\rRDSP2408.parquet:   4%|▎         | 524k/14.3M [00:00<00:17, 782kB/s]\u001b[A\u001b[A\u001b[A","logger":"task.stderr"}
{"timestamp":"2026-08-28T22:49:50.922604Z","level":"error","event":"","logger":"task.stderr"}
{"timestamp":"2026-08-28T22:49:50.923177Z","level":"error","event":"","logger":"task.stderr"}
{"timestamp":"2026-08-28T22:49:50.933320Z","level":"error","event":"\rRDSP2408.parquet:   4%|▍         | 590k/14.3M [00:00<00:16, 838kB/s]\u001b[A\u001b[A\u001b[A","logger":"task.stderr"}
{"timestamp":"2026-08-28T22:49:50.934215Z","level":"error","event":"\rRJSP2408.parquet:  99%|█████████▉| 590k/595k [00:00<00:00, 761kB/s]\u001b[A","logger":"task.stderr"}
{"timestamp":"2026-08-28T22:49:50.979621Z","level":"error","event":"\rRJSP2408.parquet: 100%|██████████| 595k/595k [00:00<00:00, 767kB/s]\u001b[A\rRJSP2408.parquet: 100%|██████████| 595k/595k [00:00<00:00, 724kB/s]","logger":"task.stderr"}
{"timestamp":"2026-08-28T22:49:50.981290Z","level":"error","event":"","logger":"task.stderr"}
{"timestamp":"2026-08-28T22:49:50.981983Z","level":"error","event":"","logger":"task.stderr"}
{"timestamp":"2026-08-28T22:49:50.982632Z","level":"error","event":"","logger":"task.stderr"}
{"timestamp":"2026-08-28T22:49:50.984478Z","level":"error","event":"\rRDSP2408.parquet:   5%|▍         | 655k/14.3M [00:00<00:15, 858kB/s]\u001b[A\u001b[A\u001b[A\rDownloading sih:  67%|██████▋   | 2/3 [00:02<00:01,  1.13s/file]","logger":"task.stderr"}
{"timestamp":"2026-08-28T22:49:50.985170Z","level":"error","event":"","logger":"task.stderr"}
{"timestamp":"2026-08-28T22:49:50.985750Z","level":"error","event":"","logger":"task.stderr"}
{"timestamp":"2026-08-28T22:49:51.018529Z","level":"error","event":"\rRDSP2408.parquet:   5%|▌         | 721k/14.3M [00:00<00:14, 940kB/s]\u001b[A\u001b[A\u001b[A","logger":"task.stderr"}
{"timestamp":"2026-08-28T22:49:51.019349Z","level":"error","event":"","logger":"task.stderr"}
{"timestamp":"2026-08-28T22:49:51.019996Z","level":"error","event":"","logger":"task.stderr"}
{"timestamp":"2026-08-28T22:49:51.043097Z","level":"error","event":"\rRDSP2408.parquet:   6%|▌         | 786k/14.3M [00:00<00:13, 982kB/s]\u001b[A\u001b[A\u001b[A","logger":"task.stderr"}
{"timestamp":"2026-08-28T22:49:51.043889Z","level":"error","event":"","logger":"task.stderr"}
{"timestamp":"2026-08-28T22:49:51.044540Z","level":"error","event":"","logger":"task.stderr"}
{"timestamp":"2026-08-28T22:49:51.065798Z","level":"error","event":"\rRDSP2408.parquet:   6%|▌         | 852k/14.3M [00:00<00:12, 1.03MB/s]\u001b[A\u001b[A\u001b[A","logger":"task.stderr"}
{"timestamp":"2026-08-28T22:49:51.066607Z","level":"error","event":"","logger":"task.stderr"}
{"timestamp":"2026-08-28T22:49:51.067276Z","level":"error","event":"","logger":"task.stderr"}
{"timestamp":"2026-08-28T22:49:51.087342Z","level":"error","event":"\rRDSP2408.parquet:   6%|▋         | 918k/14.3M [00:00<00:12, 1.08MB/s]\u001b[A\u001b[A\u001b[A","logger":"task.stderr"}
{"timestamp":"2026-08-28T22:49:51.088156Z","level":"error","event":"","logger":"task.stderr"}
{"timestamp":"2026-08-28T22:49:51.088825Z","level":"error","event":"","logger":"task.stderr"}
{"timestamp":"2026-08-28T22:49:51.115472Z","level":"error","event":"\rRDSP2408.parquet:   7%|▋         | 983k/14.3M [00:00<00:11, 1.13MB/s]\u001b[A\u001b[A\u001b[A","logger":"task.stderr"}
{"timestamp":"2026-08-28T22:49:51.116251Z","level":"error","event":"","logger":"task.stderr"}
{"timestamp":"2026-08-28T22:49:51.116865Z","level":"error","event":"","logger":"task.stderr"}
{"timestamp":"2026-08-28T22:49:51.135056Z","level":"error","event":"\rRDSP2408.parquet:   7%|▋         | 1.05M/14.3M [00:00<00:11, 1.17MB/s]\u001b[A\u001b[A\u001b[A","logger":"task.stderr"}
{"timestamp":"2026-08-28T22:49:51.135908Z","level":"error","event":"","logger":"task.stderr"}
{"timestamp":"2026-08-28T22:49:51.136545Z","level":"error","event":"","logger":"task.stderr"}
{"timestamp":"2026-08-28T22:49:51.152311Z","level":"error","event":"\rRDSP2408.parquet:   8%|▊         | 1.11M/14.3M [00:00<00:10, 1.21MB/s]\u001b[A\u001b[A\u001b[A","logger":"task.stderr"}
{"timestamp":"2026-08-28T22:49:51.153222Z","level":"error","event":"","logger":"task.stderr"}
{"timestamp":"2026-08-28T22:49:51.153999Z","level":"error","event":"","logger":"task.stderr"}
{"timestamp":"2026-08-28T22:49:51.172433Z","level":"error","event":"\rRDSP2408.parquet:   8%|▊         | 1.18M/14.3M [00:00<00:10, 1.26MB/s]\u001b[A\u001b[A\u001b[A","logger":"task.stderr"}
{"timestamp":"2026-08-28T22:49:51.173300Z","level":"error","event":"","logger":"task.stderr"}
{"timestamp":"2026-08-28T22:49:51.173950Z","level":"error","event":"","logger":"task.stderr"}
{"timestamp":"2026-08-28T22:49:51.188105Z","level":"error","event":"\rRDSP2408.parquet:   9%|▊         | 1.25M/14.3M [00:00<00:09, 1.30MB/s]\u001b[A\u001b[A\u001b[A","logger":"task.stderr"}
{"timestamp":"2026-08-28T22:49:51.188979Z","level":"error","event":"","logger":"task.stderr"}
{"timestamp":"2026-08-28T22:49:51.189836Z","level":"error","event":"","logger":"task.stderr"}
{"timestamp":"2026-08-28T22:49:51.203589Z","level":"error","event":"\rRDSP2408.parquet:   9%|▉         | 1.31M/14.3M [00:00<00:09, 1.35MB/s]\u001b[A\u001b[A\u001b[A","logger":"task.stderr"}
{"timestamp":"2026-08-28T22:49:51.204446Z","level":"error","event":"","logger":"task.stderr"}
{"timestamp":"2026-08-28T22:49:51.205126Z","level":"error","event":"","logger":"task.stderr"}
{"timestamp":"2026-08-28T22:49:51.217522Z","level":"error","event":"\rRDSP2408.parquet:  10%|▉         | 1.38M/14.3M [00:00<00:09, 1.40MB/s]\u001b[A\u001b[A\u001b[A","logger":"task.stderr"}
{"timestamp":"2026-08-28T22:49:51.218447Z","level":"error","event":"","logger":"task.stderr"}
{"timestamp":"2026-08-28T22:49:51.219063Z","level":"error","event":"","logger":"task.stderr"}
{"timestamp":"2026-08-28T22:49:51.234755Z","level":"error","event":"\rRDSP2408.parquet:  10%|█         | 1.44M/14.3M [00:00<00:08, 1.44MB/s]\u001b[A\u001b[A\u001b[A","logger":"task.stderr"}
{"timestamp":"2026-08-28T22:49:51.235638Z","level":"error","event":"","logger":"task.stderr"}
{"timestamp":"2026-08-28T22:49:51.236238Z","level":"error","event":"","logger":"task.stderr"}
{"timestamp":"2026-08-28T22:49:51.248028Z","level":"error","event":"\rRDSP2408.parquet:  11%|█         | 1.51M/14.3M [00:01<00:08, 1.48MB/s]\u001b[A\u001b[A\u001b[A","logger":"task.stderr"}
{"timestamp":"2026-08-28T22:49:51.248995Z","level":"error","event":"","logger":"task.stderr"}
{"timestamp":"2026-08-28T22:49:51.249776Z","level":"error","event":"","logger":"task.stderr"}
{"timestamp":"2026-08-28T22:49:51.260622Z","level":"error","event":"\rRDSP2408.parquet:  11%|█         | 1.57M/14.3M [00:01<00:08, 1.53MB/s]\u001b[A\u001b[A\u001b[A","logger":"task.stderr"}
{"timestamp":"2026-08-28T22:49:51.261483Z","level":"error","event":"","logger":"task.stderr"}
{"timestamp":"2026-08-28T22:49:51.262230Z","level":"error","event":"","logger":"task.stderr"}
{"timestamp":"2026-08-28T22:49:51.273624Z","level":"error","event":"\rRDSP2408.parquet:  11%|█▏        | 1.64M/14.3M [00:01<00:08, 1.57MB/s]\u001b[A\u001b[A\u001b[A","logger":"task.stderr"}
{"timestamp":"2026-08-28T22:49:51.274466Z","level":"error","event":"","logger":"task.stderr"}
{"timestamp":"2026-08-28T22:49:51.275066Z","level":"error","event":"","logger":"task.stderr"}
{"timestamp":"2026-08-28T22:49:51.287483Z","level":"error","event":"\rRDSP2408.parquet:  12%|█▏        | 1.70M/14.3M [00:01<00:07, 1.61MB/s]\u001b[A\u001b[A\u001b[A","logger":"task.stderr"}
{"timestamp":"2026-08-28T22:49:51.288331Z","level":"error","event":"","logger":"task.stderr"}
{"timestamp":"2026-08-28T22:49:51.288967Z","level":"error","event":"","logger":"task.stderr"}
{"timestamp":"2026-08-28T22:49:51.299049Z","level":"error","event":"\rRDSP2408.parquet:  12%|█▏        | 1.77M/14.3M [00:01<00:07, 1.65MB/s]\u001b[A\u001b[A\u001b[A","logger":"task.stderr"}
{"timestamp":"2026-08-28T22:49:51.300046Z","level":"error","event":"","logger":"task.stderr"}
{"timestamp":"2026-08-28T22:49:51.300953Z","level":"error","event":"","logger":"task.stderr"}
{"timestamp":"2026-08-28T22:49:51.309046Z","level":"error","event":"\rRDSP2408.parquet:  13%|█▎        | 1.84M/14.3M [00:01<00:07, 1.70MB/s]\u001b[A\u001b[A\u001b[A","logger":"task.stderr"}
{"timestamp":"2026-08-28T22:49:51.309947Z","level":"error","event":"","logger":"task.stderr"}
{"timestamp":"2026-08-28T22:49:51.310567Z","level":"error","event":"","logger":"task.stderr"}
{"timestamp":"2026-08-28T22:49:51.323410Z","level":"error","event":"\rRDSP2408.parquet:  13%|█▎        | 1.90M/14.3M [00:01<00:07, 1.74MB/s]\u001b[A\u001b[A\u001b[A","logger":"task.stderr"}
{"timestamp":"2026-08-28T22:49:51.324334Z","level":"error","event":"","logger":"task.stderr"}
{"timestamp":"2026-08-28T22:49:51.325046Z","level":"error","event":"","logger":"task.stderr"}
{"timestamp":"2026-08-28T22:49:51.333930Z","level":"error","event":"\rRDSP2408.parquet:  14%|█▍        | 1.97M/14.3M [00:01<00:06, 1.78MB/s]\u001b[A\u001b[A\u001b[A","logger":"task.stderr"}
{"timestamp":"2026-08-28T22:49:51.334836Z","level":"error","event":"","logger":"task.stderr"}
{"timestamp":"2026-08-28T22:49:51.335468Z","level":"error","event":"","logger":"task.stderr"}
{"timestamp":"2026-08-28T22:49:51.349677Z","level":"error","event":"\rRDSP2408.parquet:  14%|█▍        | 2.03M/14.3M [00:01<00:06, 1.82MB/s]\u001b[A\u001b[A\u001b[A","logger":"task.stderr"}
{"timestamp":"2026-08-28T22:49:51.350597Z","level":"error","event":"","logger":"task.stderr"}
{"timestamp":"2026-08-28T22:49:51.351295Z","level":"error","event":"","logger":"task.stderr"}
{"timestamp":"2026-08-28T22:49:51.357303Z","level":"error","event":"\rRDSP2408.parquet:  15%|█▍        | 2.10M/14.3M [00:01<00:06, 1.85MB/s]\u001b[A\u001b[A\u001b[A","logger":"task.stderr"}
{"timestamp":"2026-08-28T22:49:51.358204Z","level":"error","event":"","logger":"task.stderr"}
{"timestamp":"2026-08-28T22:49:51.358956Z","level":"error","event":"","logger":"task.stderr"}
{"timestamp":"2026-08-28T22:49:51.368397Z","level":"error","event":"\rRDSP2408.parquet:  15%|█▌        | 2.16M/14.3M [00:01<00:06, 1.90MB/s]\u001b[A\u001b[A\u001b[A","logger":"task.stderr"}
{"timestamp":"2026-08-28T22:49:51.369453Z","level":"error","event":"","logger":"task.stderr"}
{"timestamp":"2026-08-28T22:49:51.370292Z","level":"error","event":"","logger":"task.stderr"}
{"timestamp":"2026-08-28T22:49:51.378380Z","level":"error","event":"\rRDSP2408.parquet:  16%|█▌        | 2.23M/14.3M [00:01<00:06, 1.94MB/s]\u001b[A\u001b[A\u001b[A","logger":"task.stderr"}
{"timestamp":"2026-08-28T22:49:51.379400Z","level":"error","event":"","logger":"task.stderr"}
{"timestamp":"2026-08-28T22:49:51.380029Z","level":"error","event":"","logger":"task.stderr"}
{"timestamp":"2026-08-28T22:49:51.386587Z","level":"error","event":"\rRDSP2408.parquet:  16%|█▌        | 2.29M/14.3M [00:01<00:06, 1.98MB/s]\u001b[A\u001b[A\u001b[A","logger":"task.stderr"}
{"timestamp":"2026-08-28T22:49:51.387441Z","level":"error","event":"","logger":"task.stderr"}
{"timestamp":"2026-08-28T22:49:51.388148Z","level":"error","event":"","logger":"task.stderr"}
{"timestamp":"2026-08-28T22:49:51.397399Z","level":"error","event":"\rRDSP2408.parquet:  17%|█▋        | 2.36M/14.3M [00:01<00:05, 2.02MB/s]\u001b[A\u001b[A\u001b[A","logger":"task.stderr"}
{"timestamp":"2026-08-28T22:49:51.398340Z","level":"error","event":"","logger":"task.stderr"}
{"timestamp":"2026-08-28T22:49:51.399190Z","level":"error","event":"","logger":"task.stderr"}
{"timestamp":"2026-08-28T22:49:51.405493Z","level":"error","event":"\rRDSP2408.parquet:  17%|█▋        | 2.42M/14.3M [00:01<00:05, 2.06MB/s]\u001b[A\u001b[A\u001b[A","logger":"task.stderr"}
{"timestamp":"2026-08-28T22:49:51.406376Z","level":"error","event":"","logger":"task.stderr"}
{"timestamp":"2026-08-28T22:49:51.407023Z","level":"error","event":"","logger":"task.stderr"}
{"timestamp":"2026-08-28T22:49:51.412741Z","level":"error","event":"\rRDSP2408.parquet:  17%|█▋        | 2.49M/14.3M [00:01<00:05, 2.10MB/s]\u001b[A\u001b[A\u001b[A","logger":"task.stderr"}
{"timestamp":"2026-08-28T22:49:51.413639Z","level":"error","event":"","logger":"task.stderr"}
{"timestamp":"2026-08-28T22:49:51.414288Z","level":"error","event":"","logger":"task.stderr"}
{"timestamp":"2026-08-28T22:49:51.421047Z","level":"error","event":"\rRDSP2408.parquet:  18%|█▊        | 2.56M/14.3M [00:01<00:05, 2.14MB/s]\u001b[A\u001b[A\u001b[A","logger":"task.stderr"}
{"timestamp":"2026-08-28T22:49:51.421986Z","level":"error","event":"","logger":"task.stderr"}
{"timestamp":"2026-08-28T22:49:51.422638Z","level":"error","event":"","logger":"task.stderr"}
{"timestamp":"2026-08-28T22:49:51.430728Z","level":"error","event":"\rRDSP2408.parquet:  18%|█▊        | 2.62M/14.3M [00:01<00:05, 2.18MB/s]\u001b[A\u001b[A\u001b[A","logger":"task.stderr"}
{"timestamp":"2026-08-28T22:49:51.431667Z","level":"error","event":"","logger":"task.stderr"}
{"timestamp":"2026-08-28T22:49:51.432420Z","level":"error","event":"","logger":"task.stderr"}
{"timestamp":"2026-08-28T22:49:51.438508Z","level":"error","event":"\rRDSP2408.parquet:  19%|█▉        | 2.69M/14.3M [00:01<00:05, 2.22MB/s]\u001b[A\u001b[A\u001b[A","logger":"task.stderr"}
{"timestamp":"2026-08-28T22:49:51.439485Z","level":"error","event":"","logger":"task.stderr"}
{"timestamp":"2026-08-28T22:49:51.440238Z","level":"error","event":"","logger":"task.stderr"}
{"timestamp":"2026-08-28T22:49:51.444571Z","level":"error","event":"\rRDSP2408.parquet:  19%|█▉        | 2.75M/14.3M [00:01<00:05, 2.26MB/s]\u001b[A\u001b[A\u001b[A","logger":"task.stderr"}
{"timestamp":"2026-08-28T22:49:51.445746Z","level":"error","event":"","logger":"task.stderr"}
{"timestamp":"2026-08-28T22:49:51.446589Z","level":"error","event":"","logger":"task.stderr"}
{"timestamp":"2026-08-28T22:49:51.452155Z","level":"error","event":"\rRDSP2408.parquet:  20%|█▉        | 2.82M/14.3M [00:01<00:04, 2.30MB/s]\u001b[A\u001b[A\u001b[A","logger":"task.stderr"}
{"timestamp":"2026-08-28T22:49:51.453234Z","level":"error","event":"","logger":"task.stderr"}
{"timestamp":"2026-08-28T22:49:51.453951Z","level":"error","event":"","logger":"task.stderr"}
{"timestamp":"2026-08-28T22:49:51.461002Z","level":"error","event":"\rRDSP2408.parquet:  20%|██        | 2.88M/14.3M [00:01<00:04, 2.34MB/s]\u001b[A\u001b[A\u001b[A","logger":"task.stderr"}
{"timestamp":"2026-08-28T22:49:51.462016Z","level":"error","event":"","logger":"task.stderr"}
{"timestamp":"2026-08-28T22:49:51.462718Z","level":"error","event":"","logger":"task.stderr"}
{"timestamp":"2026-08-28T22:49:51.468096Z","level":"error","event":"\rRDSP2408.parquet:  21%|██        | 2.95M/14.3M [00:01<00:04, 2.37MB/s]\u001b[A\u001b[A\u001b[A","logger":"task.stderr"}
{"timestamp":"2026-08-28T22:49:51.469068Z","level":"error","event":"","logger":"task.stderr"}
{"timestamp":"2026-08-28T22:49:51.469800Z","level":"error","event":"","logger":"task.stderr"}
{"timestamp":"2026-08-28T22:49:51.474326Z","level":"error","event":"\rRDSP2408.parquet:  21%|██        | 3.01M/14.3M [00:01<00:04, 2.41MB/s]\u001b[A\u001b[A\u001b[A","logger":"task.stderr"}
{"timestamp":"2026-08-28T22:49:51.475232Z","level":"error","event":"","logger":"task.stderr"}
{"timestamp":"2026-08-28T22:49:51.476012Z","level":"error","event":"","logger":"task.stderr"}
{"timestamp":"2026-08-28T22:49:51.482514Z","level":"error","event":"\rRDSP2408.parquet:  22%|██▏       | 3.08M/14.3M [00:01<00:04, 2.45MB/s]\u001b[A\u001b[A\u001b[A","logger":"task.stderr"}
{"timestamp":"2026-08-28T22:49:51.483476Z","level":"error","event":"","logger":"task.stderr"}
{"timestamp":"2026-08-28T22:49:51.484160Z","level":"error","event":"","logger":"task.stderr"}
{"timestamp":"2026-08-28T22:49:51.489761Z","level":"error","event":"\rRDSP2408.parquet:  22%|██▏       | 3.15M/14.3M [00:01<00:04, 2.49MB/s]\u001b[A\u001b[A\u001b[A","logger":"task.stderr"}
{"timestamp":"2026-08-28T22:49:51.490624Z","level":"error","event":"","logger":"task.stderr"}
{"timestamp":"2026-08-28T22:49:51.491254Z","level":"error","event":"","logger":"task.stderr"}
{"timestamp":"2026-08-28T22:49:51.495037Z","level":"error","event":"\rRDSP2408.parquet:  23%|██▎       | 3.21M/14.3M [00:01<00:04, 2.52MB/s]\u001b[A\u001b[A\u001b[A","logger":"task.stderr"}
{"timestamp":"2026-08-28T22:49:51.495843Z","level":"error","event":"","logger":"task.stderr"}
{"timestamp":"2026-08-28T22:49:51.496509Z","level":"error","event":"","logger":"task.stderr"}
{"timestamp":"2026-08-28T22:49:51.500690Z","level":"error","event":"\rRDSP2408.parquet:  23%|██▎       | 3.28M/14.3M [00:01<00:04, 2.57MB/s]\u001b[A\u001b[A\u001b[A","logger":"task.stderr"}
{"timestamp":"2026-08-28T22:49:51.501520Z","level":"error","event":"","logger":"task.stderr"}
{"timestamp":"2026-08-28T22:49:51.502221Z","level":"error","event":"","logger":"task.stderr"}
{"timestamp":"2026-08-28T22:49:51.509914Z","level":"error","event":"\rRDSP2408.parquet:  23%|██▎       | 3.34M/14.3M [00:01<00:04, 2.61MB/s]\u001b[A\u001b[A\u001b[A","logger":"task.stderr"}
{"timestamp":"2026-08-28T22:49:51.510770Z","level":"error","event":"","logger":"task.stderr"}
{"timestamp":"2026-08-28T22:49:51.511487Z","level":"error","event":"","logger":"task.stderr"}
{"timestamp":"2026-08-28T22:49:51.515474Z","level":"error","event":"\rRDSP2408.parquet:  24%|██▍       | 3.41M/14.3M [00:01<00:04, 2.64MB/s]\u001b[A\u001b[A\u001b[A","logger":"task.stderr"}
{"timestamp":"2026-08-28T22:49:51.516323Z","level":"error","event":"","logger":"task.stderr"}
{"timestamp":"2026-08-28T22:49:51.517010Z","level":"error","event":"","logger":"task.stderr"}
{"timestamp":"2026-08-28T22:49:51.521589Z","level":"error","event":"\rRDSP2408.parquet:  24%|██▍       | 3.47M/14.3M [00:01<00:04, 2.68MB/s]\u001b[A\u001b[A\u001b[A","logger":"task.stderr"}
{"timestamp":"2026-08-28T22:49:51.522679Z","level":"error","event":"","logger":"task.stderr"}
{"timestamp":"2026-08-28T22:49:51.523325Z","level":"error","event":"","logger":"task.stderr"}
{"timestamp":"2026-08-28T22:49:51.528899Z","level":"error","event":"\rRDSP2408.parquet:  25%|██▍       | 3.54M/14.3M [00:01<00:03, 2.71MB/s]\u001b[A\u001b[A\u001b[A","logger":"task.stderr"}
{"timestamp":"2026-08-28T22:49:51.529827Z","level":"error","event":"","logger":"task.stderr"}
{"timestamp":"2026-08-28T22:49:51.530636Z","level":"error","event":"","logger":"task.stderr"}
{"timestamp":"2026-08-28T22:49:51.533296Z","level":"error","event":"\rRDSP2408.parquet:  25%|██▌       | 3.60M/14.3M [00:01<00:03, 2.75MB/s]\u001b[A\u001b[A\u001b[A","logger":"task.stderr"}
{"timestamp":"2026-08-28T22:49:51.534134Z","level":"error","event":"","logger":"task.stderr"}
{"timestamp":"2026-08-28T22:49:51.534752Z","level":"error","event":"","logger":"task.stderr"}
{"timestamp":"2026-08-28T22:49:51.538835Z","level":"error","event":"\rRDSP2408.parquet:  26%|██▌       | 3.67M/14.3M [00:01<00:03, 2.79MB/s]\u001b[A\u001b[A\u001b[A","logger":"task.stderr"}
{"timestamp":"2026-08-28T22:49:51.539773Z","level":"error","event":"","logger":"task.stderr"}
{"timestamp":"2026-08-28T22:49:51.540473Z","level":"error","event":"","logger":"task.stderr"}
{"timestamp":"2026-08-28T22:49:51.544084Z","level":"error","event":"\rRDSP2408.parquet:  26%|██▌       | 3.74M/14.3M [00:01<00:03, 2.83MB/s]\u001b[A\u001b[A\u001b[A","logger":"task.stderr"}
{"timestamp":"2026-08-28T22:49:51.545092Z","level":"error","event":"","logger":"task.stderr"}
{"timestamp":"2026-08-28T22:49:51.545750Z","level":"error","event":"","logger":"task.stderr"}
{"timestamp":"2026-08-28T22:49:51.551814Z","level":"error","event":"\rRDSP2408.parquet:  27%|██▋       | 3.80M/14.3M [00:01<00:03, 2.87MB/s]\u001b[A\u001b[A\u001b[A","logger":"task.stderr"}
{"timestamp":"2026-08-28T22:49:51.552696Z","level":"error","event":"","logger":"task.stderr"}
{"timestamp":"2026-08-28T22:49:51.553373Z","level":"error","event":"","logger":"task.stderr"}
{"timestamp":"2026-08-28T22:49:51.558878Z","level":"error","event":"\rRDSP2408.parquet:  27%|██▋       | 3.87M/14.3M [00:01<00:03, 2.90MB/s]\u001b[A\u001b[A\u001b[A","logger":"task.stderr"}
{"timestamp":"2026-08-28T22:49:51.559854Z","level":"error","event":"","logger":"task.stderr"}
{"timestamp":"2026-08-28T22:49:51.560573Z","level":"error","event":"","logger":"task.stderr"}
{"timestamp":"2026-08-28T22:49:51.564129Z","level":"error","event":"\rRDSP2408.parquet:  28%|██▊       | 3.93M/14.3M [00:01<00:03, 2.93MB/s]\u001b[A\u001b[A\u001b[A","logger":"task.stderr"}
{"timestamp":"2026-08-28T22:49:51.565138Z","level":"error","event":"","logger":"task.stderr"}
{"timestamp":"2026-08-28T22:49:51.565744Z","level":"error","event":"","logger":"task.stderr"}
{"timestamp":"2026-08-28T22:49:51.571161Z","level":"error","event":"\rRDSP2408.parquet:  28%|██▊       | 4.00M/14.3M [00:01<00:03, 2.97MB/s]\u001b[A\u001b[A\u001b[A","logger":"task.stderr"}
{"timestamp":"2026-08-28T22:49:51.572023Z","level":"error","event":"","logger":"task.stderr"}
{"timestamp":"2026-08-28T22:49:51.572732Z","level":"error","event":"","logger":"task.stderr"}
{"timestamp":"2026-08-28T22:49:51.576467Z","level":"error","event":"\rRDSP2408.parquet:  29%|██▊       | 4.06M/14.3M [00:01<00:03, 3.00MB/s]\u001b[A\u001b[A\u001b[A","logger":"task.stderr"}
{"timestamp":"2026-08-28T22:49:51.577338Z","level":"error","event":"","logger":"task.stderr"}
{"timestamp":"2026-08-28T22:49:51.578059Z","level":"error","event":"","logger":"task.stderr"}
{"timestamp":"2026-08-28T22:49:51.586016Z","level":"error","event":"\rRDSP2408.parquet:  29%|██▉       | 4.13M/14.3M [00:01<00:03, 3.04MB/s]\u001b[A\u001b[A\u001b[A","logger":"task.stderr"}
{"timestamp":"2026-08-28T22:49:51.586975Z","level":"error","event":"","logger":"task.stderr"}
{"timestamp":"2026-08-28T22:49:51.587701Z","level":"error","event":"","logger":"task.stderr"}
{"timestamp":"2026-08-28T22:49:51.589694Z","level":"error","event":"\rRDSP2408.parquet:  29%|██▉       | 4.19M/14.3M [00:01<00:03, 3.07MB/s]\u001b[A\u001b[A\u001b[A","logger":"task.stderr"}
{"timestamp":"2026-08-28T22:49:51.590364Z","level":"error","event":"","logger":"task.stderr"}
{"timestamp":"2026-08-28T22:49:51.591144Z","level":"error","event":"","logger":"task.stderr"}
{"timestamp":"2026-08-28T22:49:51.595798Z","level":"error","event":"\rRDSP2408.parquet:  30%|██▉       | 4.26M/14.3M [00:01<00:03, 3.11MB/s]\u001b[A\u001b[A\u001b[A","logger":"task.stderr"}
{"timestamp":"2026-08-28T22:49:51.596664Z","level":"error","event":"","logger":"task.stderr"}
{"timestamp":"2026-08-28T22:49:51.597438Z","level":"error","event":"","logger":"task.stderr"}
{"timestamp":"2026-08-28T22:49:51.600243Z","level":"error","event":"\rRDSP2408.parquet:  30%|███       | 4.33M/14.3M [00:01<00:03, 3.14MB/s]\u001b[A\u001b[A\u001b[A","logger":"task.stderr"}
{"timestamp":"2026-08-28T22:49:51.601057Z","level":"error","event":"","logger":"task.stderr"}
{"timestamp":"2026-08-28T22:49:51.601729Z","level":"error","event":"","logger":"task.stderr"}
{"timestamp":"2026-08-28T22:49:51.605657Z","level":"error","event":"\rRDSP2408.parquet:  31%|███       | 4.39M/14.3M [00:01<00:03, 3.18MB/s]\u001b[A\u001b[A\u001b[A","logger":"task.stderr"}
{"timestamp":"2026-08-28T22:49:51.606524Z","level":"error","event":"","logger":"task.stderr"}
{"timestamp":"2026-08-28T22:49:51.607264Z","level":"error","event":"","logger":"task.stderr"}
{"timestamp":"2026-08-28T22:49:51.611415Z","level":"error","event":"\rRDSP2408.parquet:  31%|███▏      | 4.46M/14.3M [00:01<00:03, 3.21MB/s]\u001b[A\u001b[A\u001b[A","logger":"task.stderr"}
{"timestamp":"2026-08-28T22:49:51.612511Z","level":"error","event":"","logger":"task.stderr"}
{"timestamp":"2026-08-28T22:49:51.613240Z","level":"error","event":"","logger":"task.stderr"}
{"timestamp":"2026-08-28T22:49:51.614969Z","level":"error","event":"\rRDSP2408.parquet:  32%|███▏      | 4.52M/14.3M [00:01<00:02, 3.25MB/s]\u001b[A\u001b[A\u001b[A","logger":"task.stderr"}
{"timestamp":"2026-08-28T22:49:51.615683Z","level":"error","event":"","logger":"task.stderr"}
{"timestamp":"2026-08-28T22:49:51.616345Z","level":"error","event":"","logger":"task.stderr"}
{"timestamp":"2026-08-28T22:49:51.619653Z","level":"error","event":"\rRDSP2408.parquet:  32%|███▏      | 4.59M/14.3M [00:01<00:02, 3.28MB/s]\u001b[A\u001b[A\u001b[A","logger":"task.stderr"}
{"timestamp":"2026-08-28T22:49:51.620525Z","level":"error","event":"","logger":"task.stderr"}
{"timestamp":"2026-08-28T22:49:51.621251Z","level":"error","event":"","logger":"task.stderr"}
{"timestamp":"2026-08-28T22:49:51.625247Z","level":"error","event":"\rRDSP2408.parquet:  33%|███▎      | 4.65M/14.3M [00:01<00:02, 3.32MB/s]\u001b[A\u001b[A\u001b[A","logger":"task.stderr"}
{"timestamp":"2026-08-28T22:49:51.626249Z","level":"error","event":"","logger":"task.stderr"}
{"timestamp":"2026-08-28T22:49:51.627124Z","level":"error","event":"","logger":"task.stderr"}
{"timestamp":"2026-08-28T22:49:51.631240Z","level":"error","event":"\rRDSP2408.parquet:  33%|███▎      | 4.72M/14.3M [00:01<00:02, 3.35MB/s]\u001b[A\u001b[A\u001b[A","logger":"task.stderr"}
{"timestamp":"2026-08-28T22:49:51.633431Z","level":"error","event":"","logger":"task.stderr"}
{"timestamp":"2026-08-28T22:49:51.634337Z","level":"error","event":"","logger":"task.stderr"}
{"timestamp":"2026-08-28T22:49:51.635183Z","level":"error","event":"\rRDSP2408.parquet:  34%|███▎      | 4.78M/14.3M [00:01<00:02, 3.38MB/s]\u001b[A\u001b[A\u001b[A","logger":"task.stderr"}
{"timestamp":"2026-08-28T22:49:51.636111Z","level":"error","event":"","logger":"task.stderr"}
{"timestamp":"2026-08-28T22:49:51.636938Z","level":"error","event":"","logger":"task.stderr"}
{"timestamp":"2026-08-28T22:49:51.639813Z","level":"error","event":"\rRDSP2408.parquet:  34%|███▍      | 4.85M/14.3M [00:01<00:02, 3.43MB/s]\u001b[A\u001b[A\u001b[A","logger":"task.stderr"}
{"timestamp":"2026-08-28T22:49:51.641134Z","level":"error","event":"","logger":"task.stderr"}
{"timestamp":"2026-08-28T22:49:51.642387Z","level":"error","event":"","logger":"task.stderr"}
{"timestamp":"2026-08-28T22:49:51.643206Z","level":"error","event":"\rRDSP2408.parquet:  34%|███▍      | 4.92M/14.3M [00:01<00:02, 3.46MB/s]\u001b[A\u001b[A\u001b[A","logger":"task.stderr"}
{"timestamp":"2026-08-28T22:49:51.643956Z","level":"error","event":"","logger":"task.stderr"}
{"timestamp":"2026-08-28T22:49:51.644661Z","level":"error","event":"","logger":"task.stderr"}
{"timestamp":"2026-08-28T22:49:51.646278Z","level":"error","event":"\rRDSP2408.parquet:  35%|███▍      | 4.98M/14.3M [00:01<00:02, 3.50MB/s]\u001b[A\u001b[A\u001b[A","logger":"task.stderr"}
{"timestamp":"2026-08-28T22:49:51.646999Z","level":"error","event":"","logger":"task.stderr"}
{"timestamp":"2026-08-28T22:49:51.647734Z","level":"error","event":"","logger":"task.stderr"}
{"timestamp":"2026-08-28T22:49:51.652754Z","level":"error","event":"\rRDSP2408.parquet:  35%|███▌      | 5.05M/14.3M [00:01<00:02, 3.53MB/s]\u001b[A\u001b[A\u001b[A","logger":"task.stderr"}
{"timestamp":"2026-08-28T22:49:51.654029Z","level":"error","event":"","logger":"task.stderr"}
{"timestamp":"2026-08-28T22:49:51.654775Z","level":"error","event":"","logger":"task.stderr"}
{"timestamp":"2026-08-28T22:49:51.660057Z","level":"error","event":"\rRDSP2408.parquet:  36%|███▌      | 5.11M/14.3M [00:01<00:02, 3.56MB/s]\u001b[A\u001b[A\u001b[A","logger":"task.stderr"}
{"timestamp":"2026-08-28T22:49:51.661684Z","level":"error","event":"","logger":"task.stderr"}
{"timestamp":"2026-08-28T22:49:51.662822Z","level":"error","event":"","logger":"task.stderr"}
{"timestamp":"2026-08-28T22:49:51.665784Z","level":"error","event":"\rRDSP2408.parquet:  36%|███▋      | 5.18M/14.3M [00:01<00:02, 3.59MB/s]\u001b[A\u001b[A\u001b[A","logger":"task.stderr"}
{"timestamp":"2026-08-28T22:49:51.666965Z","level":"error","event":"","logger":"task.stderr"}
{"timestamp":"2026-08-28T22:49:51.667996Z","level":"error","event":"","logger":"task.stderr"}
{"timestamp":"2026-08-28T22:49:51.669874Z","level":"error","event":"\rRDSP2408.parquet:  37%|███▋      | 5.24M/14.3M [00:01<00:02, 3.62MB/s]\u001b[A\u001b[A\u001b[A","logger":"task.stderr"}
{"timestamp":"2026-08-28T22:49:51.670760Z","level":"error","event":"","logger":"task.stderr"}
{"timestamp":"2026-08-28T22:49:51.671543Z","level":"error","event":"","logger":"task.stderr"}
{"timestamp":"2026-08-28T22:49:51.672343Z","level":"error","event":"\rRDSP2408.parquet:  37%|███▋      | 5.31M/14.3M [00:01<00:02, 3.66MB/s]\u001b[A\u001b[A\u001b[A","logger":"task.stderr"}
{"timestamp":"2026-08-28T22:49:51.673069Z","level":"error","event":"","logger":"task.stderr"}
{"timestamp":"2026-08-28T22:49:51.673773Z","level":"error","event":"","logger":"task.stderr"}
{"timestamp":"2026-08-28T22:49:51.674600Z","level":"error","event":"\rRDSP2408.parquet:  38%|███▊      | 5.37M/14.3M [00:01<00:02, 3.70MB/s]\u001b[A\u001b[A\u001b[A","logger":"task.stderr"}
{"timestamp":"2026-08-28T22:49:51.675409Z","level":"error","event":"","logger":"task.stderr"}
{"timestamp":"2026-08-28T22:49:51.676483Z","level":"error","event":"","logger":"task.stderr"}
{"timestamp":"2026-08-28T22:49:51.677412Z","level":"error","event":"\rRDSP2408.parquet:  38%|███▊      | 5.44M/14.3M [00:01<00:02, 3.74MB/s]\u001b[A\u001b[A\u001b[A","logger":"task.stderr"}
{"timestamp":"2026-08-28T22:49:51.678239Z","level":"error","event":"","logger":"task.stderr"}
{"timestamp":"2026-08-28T22:49:51.678949Z","level":"error","event":"","logger":"task.stderr"}
{"timestamp":"2026-08-28T22:49:51.679695Z","level":"error","event":"\rRDSP2408.parquet:  39%|███▊      | 5.51M/14.3M [00:01<00:02, 3.77MB/s]\u001b[A\u001b[A\u001b[A","logger":"task.stderr"}
{"timestamp":"2026-08-28T22:49:51.680379Z","level":"error","event":"","logger":"task.stderr"}
{"timestamp":"2026-08-28T22:49:51.681075Z","level":"error","event":"","logger":"task.stderr"}
{"timestamp":"2026-08-28T22:49:51.682179Z","level":"error","event":"\rRDSP2408.parquet:  39%|███▉      | 5.57M/14.3M [00:01<00:02, 3.81MB/s]\u001b[A\u001b[A\u001b[A","logger":"task.stderr"}
{"timestamp":"2026-08-28T22:49:51.683018Z","level":"error","event":"","logger":"task.stderr"}
{"timestamp":"2026-08-28T22:49:51.683667Z","level":"error","event":"","logger":"task.stderr"}
{"timestamp":"2026-08-28T22:49:51.686592Z","level":"error","event":"\rRDSP2408.parquet:  40%|███▉      | 5.64M/14.3M [00:01<00:02, 3.85MB/s]\u001b[A\u001b[A\u001b[A","logger":"task.stderr"}
{"timestamp":"2026-08-28T22:49:51.687343Z","level":"error","event":"","logger":"task.stderr"}
{"timestamp":"2026-08-28T22:49:51.688096Z","level":"error","event":"","logger":"task.stderr"}
{"timestamp":"2026-08-28T22:49:51.690413Z","level":"error","event":"\rRDSP2408.parquet:  40%|████      | 5.70M/14.3M [00:01<00:02, 3.88MB/s]\u001b[A\u001b[A\u001b[A","logger":"task.stderr"}
{"timestamp":"2026-08-28T22:49:51.691171Z","level":"error","event":"","logger":"task.stderr"}
{"timestamp":"2026-08-28T22:49:51.691790Z","level":"error","event":"","logger":"task.stderr"}
{"timestamp":"2026-08-28T22:49:51.694002Z","level":"error","event":"\rRDSP2408.parquet:  40%|████      | 5.77M/14.3M [00:01<00:02, 3.92MB/s]\u001b[A\u001b[A\u001b[A","logger":"task.stderr"}
{"timestamp":"2026-08-28T22:49:51.694896Z","level":"error","event":"","logger":"task.stderr"}
{"timestamp":"2026-08-28T22:49:51.695734Z","level":"error","event":"","logger":"task.stderr"}
{"timestamp":"2026-08-28T22:49:51.700953Z","level":"error","event":"\rRDSP2408.parquet:  41%|████      | 5.83M/14.3M [00:01<00:02, 3.95MB/s]\u001b[A\u001b[A\u001b[A","logger":"task.stderr"}
{"timestamp":"2026-08-28T22:49:51.702044Z","level":"error","event":"","logger":"task.stderr"}
{"timestamp":"2026-08-28T22:49:51.702841Z","level":"error","event":"","logger":"task.stderr"}
{"timestamp":"2026-08-28T22:49:51.706427Z","level":"error","event":"\rRDSP2408.parquet:  41%|████▏     | 5.90M/14.3M [00:01<00:02, 3.98MB/s]\u001b[A\u001b[A\u001b[A","logger":"task.stderr"}
{"timestamp":"2026-08-28T22:49:51.707290Z","level":"error","event":"","logger":"task.stderr"}
{"timestamp":"2026-08-28T22:49:51.708024Z","level":"error","event":"","logger":"task.stderr"}
{"timestamp":"2026-08-28T22:49:51.711313Z","level":"error","event":"\rRDSP2408.parquet:  42%|████▏     | 5.96M/14.3M [00:01<00:02, 4.01MB/s]\u001b[A\u001b[A\u001b[A","logger":"task.stderr"}
{"timestamp":"2026-08-28T22:49:51.712173Z","level":"error","event":"","logger":"task.stderr"}
{"timestamp":"2026-08-28T22:49:51.712966Z","level":"error","event":"","logger":"task.stderr"}
{"timestamp":"2026-08-28T22:49:51.714201Z","level":"error","event":"\rRDSP2408.parquet:  42%|████▏     | 6.03M/14.3M [00:01<00:02, 4.04MB/s]\u001b[A\u001b[A\u001b[A","logger":"task.stderr"}
{"timestamp":"2026-08-28T22:49:51.714954Z","level":"error","event":"","logger":"task.stderr"}
{"timestamp":"2026-08-28T22:49:51.715716Z","level":"error","event":"","logger":"task.stderr"}
{"timestamp":"2026-08-28T22:49:51.717019Z","level":"error","event":"\rRDSP2408.parquet:  43%|████▎     | 6.09M/14.3M [00:01<00:02, 4.07MB/s]\u001b[A\u001b[A\u001b[A","logger":"task.stderr"}
{"timestamp":"2026-08-28T22:49:51.717775Z","level":"error","event":"","logger":"task.stderr"}
{"timestamp":"2026-08-28T22:49:51.718553Z","level":"error","event":"","logger":"task.stderr"}
{"timestamp":"2026-08-28T22:49:51.719334Z","level":"error","event":"\rRDSP2408.parquet:  43%|████▎     | 6.16M/14.3M [00:01<00:01, 4.11MB/s]\u001b[A\u001b[A\u001b[A","logger":"task.stderr"}
{"timestamp":"2026-08-28T22:49:51.720008Z","level":"error","event":"","logger":"task.stderr"}
{"timestamp":"2026-08-28T22:49:51.720685Z","level":"error","event":"","logger":"task.stderr"}
{"timestamp":"2026-08-28T22:49:51.721532Z","level":"error","event":"\rRDSP2408.parquet:  44%|████▎     | 6.23M/14.3M [00:01<00:01, 4.15MB/s]\u001b[A\u001b[A\u001b[A","logger":"task.stderr"}
{"timestamp":"2026-08-28T22:49:51.722228Z","level":"error","event":"","logger":"task.stderr"}
{"timestamp":"2026-08-28T22:49:51.722972Z","level":"error","event":"","logger":"task.stderr"}
{"timestamp":"2026-08-28T22:49:51.723850Z","level":"error","event":"\rRDSP2408.parquet:  44%|████▍     | 6.29M/14.3M [00:01<00:01, 4.19MB/s]\u001b[A\u001b[A\u001b[A","logger":"task.stderr"}
{"timestamp":"2026-08-28T22:49:51.724581Z","level":"error","event":"","logger":"task.stderr"}
{"timestamp":"2026-08-28T22:49:51.725262Z","level":"error","event":"","logger":"task.stderr"}
{"timestamp":"2026-08-28T22:49:51.726434Z","level":"error","event":"\rRDSP2408.parquet:  45%|████▍     | 6.36M/14.3M [00:01<00:01, 4.22MB/s]\u001b[A\u001b[A\u001b[A","logger":"task.stderr"}
{"timestamp":"2026-08-28T22:49:51.727154Z","level":"error","event":"","logger":"task.stderr"}
{"timestamp":"2026-08-28T22:49:51.727918Z","level":"error","event":"","logger":"task.stderr"}
{"timestamp":"2026-08-28T22:49:51.728823Z","level":"error","event":"\rRDSP2408.parquet:  45%|████▌     | 6.42M/14.3M [00:01<00:01, 4.26MB/s]\u001b[A\u001b[A\u001b[A","logger":"task.stderr"}
{"timestamp":"2026-08-28T22:49:51.729567Z","level":"error","event":"","logger":"task.stderr"}
{"timestamp":"2026-08-28T22:49:51.730374Z","level":"error","event":"","logger":"task.stderr"}
{"timestamp":"2026-08-28T22:49:51.731949Z","level":"error","event":"\rRDSP2408.parquet:  46%|████▌     | 6.49M/14.3M [00:01<00:01, 4.29MB/s]\u001b[A\u001b[A\u001b[A","logger":"task.stderr"}
{"timestamp":"2026-08-28T22:49:51.732728Z","level":"error","event":"","logger":"task.stderr"}
{"timestamp":"2026-08-28T22:49:51.733467Z","level":"error","event":"","logger":"task.stderr"}
{"timestamp":"2026-08-28T22:49:51.735682Z","level":"error","event":"\rRDSP2408.parquet:  46%|████▌     | 6.55M/14.3M [00:01<00:01, 4.33MB/s]\u001b[A\u001b[A\u001b[A","logger":"task.stderr"}
{"timestamp":"2026-08-28T22:49:51.736581Z","level":"error","event":"","logger":"task.stderr"}
{"timestamp":"2026-08-28T22:49:51.737382Z","level":"error","event":"","logger":"task.stderr"}
{"timestamp":"2026-08-28T22:49:51.738914Z","level":"error","event":"\rRDSP2408.parquet:  46%|████▋     | 6.62M/14.3M [00:01<00:01, 4.36MB/s]\u001b[A\u001b[A\u001b[A","logger":"task.stderr"}
{"timestamp":"2026-08-28T22:49:51.739638Z","level":"error","event":"","logger":"task.stderr"}
{"timestamp":"2026-08-28T22:49:51.740393Z","level":"error","event":"","logger":"task.stderr"}
{"timestamp":"2026-08-28T22:49:51.742247Z","level":"error","event":"\rRDSP2408.parquet:  47%|████▋     | 6.68M/14.3M [00:01<00:01, 4.39MB/s]\u001b[A\u001b[A\u001b[A","logger":"task.stderr"}
{"timestamp":"2026-08-28T22:49:51.743045Z","level":"error","event":"","logger":"task.stderr"}
{"timestamp":"2026-08-28T22:49:51.743832Z","level":"error","event":"","logger":"task.stderr"}
{"timestamp":"2026-08-28T22:49:51.745103Z","level":"error","event":"\rRDSP2408.parquet:  47%|████▋     | 6.75M/14.3M [00:01<00:01, 4.43MB/s]\u001b[A\u001b[A\u001b[A","logger":"task.stderr"}
{"timestamp":"2026-08-28T22:49:51.745949Z","level":"error","event":"","logger":"task.stderr"}
{"timestamp":"2026-08-28T22:49:51.746771Z","level":"error","event":"","logger":"task.stderr"}
{"timestamp":"2026-08-28T22:49:51.748143Z","level":"error","event":"\rRDSP2408.parquet:  48%|████▊     | 6.82M/14.3M [00:01<00:01, 4.46MB/s]\u001b[A\u001b[A\u001b[A","logger":"task.stderr"}
{"timestamp":"2026-08-28T22:49:51.748812Z","level":"error","event":"","logger":"task.stderr"}
{"timestamp":"2026-08-28T22:49:51.749588Z","level":"error","event":"","logger":"task.stderr"}
{"timestamp":"2026-08-28T22:49:51.751686Z","level":"error","event":"\rRDSP2408.parquet:  48%|████▊     | 6.88M/14.3M [00:01<00:01, 4.50MB/s]\u001b[A\u001b[A\u001b[A","logger":"task.stderr"}
{"timestamp":"2026-08-28T22:49:51.752562Z","level":"error","event":"","logger":"task.stderr"}
{"timestamp":"2026-08-28T22:49:51.753401Z","level":"error","event":"","logger":"task.stderr"}
{"timestamp":"2026-08-28T22:49:51.754590Z","level":"error","event":"\rRDSP2408.parquet:  49%|████▊     | 6.95M/14.3M [00:01<00:01, 4.53MB/s]\u001b[A\u001b[A\u001b[A","logger":"task.stderr"}
{"timestamp":"2026-08-28T22:49:51.755338Z","level":"error","event":"","logger":"task.stderr"}
{"timestamp":"2026-08-28T22:49:51.756150Z","level":"error","event":"","logger":"task.stderr"}
{"timestamp":"2026-08-28T22:49:51.759560Z","level":"error","event":"\rRDSP2408.parquet:  49%|████▉     | 7.01M/14.3M [00:01<00:01, 4.56MB/s]\u001b[A\u001b[A\u001b[A","logger":"task.stderr"}
{"timestamp":"2026-08-28T22:49:51.760470Z","level":"error","event":"","logger":"task.stderr"}
{"timestamp":"2026-08-28T22:49:51.761302Z","level":"error","event":"","logger":"task.stderr"}
{"timestamp":"2026-08-28T22:49:51.762549Z","level":"error","event":"\rRDSP2408.parquet:  50%|████▉     | 7.08M/14.3M [00:01<00:01, 4.59MB/s]\u001b[A\u001b[A\u001b[A","logger":"task.stderr"}
{"timestamp":"2026-08-28T22:49:51.763377Z","level":"error","event":"","logger":"task.stderr"}
{"timestamp":"2026-08-28T22:49:51.764102Z","level":"error","event":"","logger":"task.stderr"}
{"timestamp":"2026-08-28T22:49:51.765295Z","level":"error","event":"\rRDSP2408.parquet:  50%|█████     | 7.14M/14.3M [00:01<00:01, 4.62MB/s]\u001b[A\u001b[A\u001b[A","logger":"task.stderr"}
{"timestamp":"2026-08-28T22:49:51.766064Z","level":"error","event":"","logger":"task.stderr"}
{"timestamp":"2026-08-28T22:49:51.766871Z","level":"error","event":"","logger":"task.stderr"}
{"timestamp":"2026-08-28T22:49:51.767849Z","level":"error","event":"\rRDSP2408.parquet:  51%|█████     | 7.21M/14.3M [00:01<00:01, 4.66MB/s]\u001b[A\u001b[A\u001b[A","logger":"task.stderr"}
{"timestamp":"2026-08-28T22:49:51.768693Z","level":"error","event":"","logger":"task.stderr"}
{"timestamp":"2026-08-28T22:49:51.769437Z","level":"error","event":"","logger":"task.stderr"}
{"timestamp":"2026-08-28T22:49:51.770903Z","level":"error","event":"\rRDSP2408.parquet:  51%|█████     | 7.27M/14.3M [00:01<00:01, 4.69MB/s]\u001b[A\u001b[A\u001b[A","logger":"task.stderr"}
{"timestamp":"2026-08-28T22:49:51.771870Z","level":"error","event":"","logger":"task.stderr"}
{"timestamp":"2026-08-28T22:49:51.772750Z","level":"error","event":"","logger":"task.stderr"}
{"timestamp":"2026-08-28T22:49:51.774037Z","level":"error","event":"\rRDSP2408.parquet:  52%|█████▏    | 7.34M/14.3M [00:01<00:01, 4.73MB/s]\u001b[A\u001b[A\u001b[A","logger":"task.stderr"}
{"timestamp":"2026-08-28T22:49:51.774903Z","level":"error","event":"","logger":"task.stderr"}
{"timestamp":"2026-08-28T22:49:51.775688Z","level":"error","event":"","logger":"task.stderr"}
{"timestamp":"2026-08-28T22:49:51.776728Z","level":"error","event":"\rRDSP2408.parquet:  52%|█████▏    | 7.41M/14.3M [00:01<00:01, 4.76MB/s]\u001b[A\u001b[A\u001b[A","logger":"task.stderr"}
{"timestamp":"2026-08-28T22:49:51.777519Z","level":"error","event":"","logger":"task.stderr"}
{"timestamp":"2026-08-28T22:49:51.778304Z","level":"error","event":"","logger":"task.stderr"}
{"timestamp":"2026-08-28T22:49:51.779803Z","level":"error","event":"\rRDSP2408.parquet:  52%|█████▏    | 7.47M/14.3M [00:01<00:01, 4.79MB/s]\u001b[A\u001b[A\u001b[A","logger":"task.stderr"}
{"timestamp":"2026-08-28T22:49:51.780620Z","level":"error","event":"","logger":"task.stderr"}
{"timestamp":"2026-08-28T22:49:51.781356Z","level":"error","event":"","logger":"task.stderr"}
{"timestamp":"2026-08-28T22:49:51.782335Z","level":"error","event":"\rRDSP2408.parquet:  53%|█████▎    | 7.54M/14.3M [00:01<00:01, 4.83MB/s]\u001b[A\u001b[A\u001b[A","logger":"task.stderr"}
{"timestamp":"2026-08-28T22:49:51.783006Z","level":"error","event":"","logger":"task.stderr"}
{"timestamp":"2026-08-28T22:49:51.783698Z","level":"error","event":"","logger":"task.stderr"}
{"timestamp":"2026-08-28T22:49:51.784494Z","level":"error","event":"\rRDSP2408.parquet:  53%|█████▎    | 7.60M/14.3M [00:01<00:01, 4.86MB/s]\u001b[A\u001b[A\u001b[A","logger":"task.stderr"}
{"timestamp":"2026-08-28T22:49:51.785292Z","level":"error","event":"","logger":"task.stderr"}
{"timestamp":"2026-08-28T22:49:51.787206Z","level":"error","event":"","logger":"task.stderr"}
{"timestamp":"2026-08-28T22:49:51.788598Z","level":"error","event":"\rRDSP2408.parquet:  54%|█████▍    | 7.67M/14.3M [00:01<00:01, 4.89MB/s]\u001b[A\u001b[A\u001b[A","logger":"task.stderr"}
{"timestamp":"2026-08-28T22:49:51.792232Z","level":"error","event":"","logger":"task.stderr"}
{"timestamp":"2026-08-28T22:49:51.793325Z","level":"error","event":"","logger":"task.stderr"}
{"timestamp":"2026-08-28T22:49:51.794370Z","level":"error","event":"\rRDSP2408.parquet:  54%|█████▍    | 7.73M/14.3M [00:01<00:01, 4.92MB/s]\u001b[A\u001b[A\u001b[A","logger":"task.stderr"}
{"timestamp":"2026-08-28T22:49:51.795301Z","level":"error","event":"","logger":"task.stderr"}
{"timestamp":"2026-08-28T22:49:51.796167Z","level":"error","event":"","logger":"task.stderr"}
{"timestamp":"2026-08-28T22:49:51.797294Z","level":"error","event":"\rRDSP2408.parquet:  55%|█████▍    | 7.80M/14.3M [00:01<00:01, 4.95MB/s]\u001b[A\u001b[A\u001b[A","logger":"task.stderr"}
{"timestamp":"2026-08-28T22:49:51.798086Z","level":"error","event":"","logger":"task.stderr"}
{"timestamp":"2026-08-28T22:49:51.798839Z","level":"error","event":"","logger":"task.stderr"}
{"timestamp":"2026-08-28T22:49:51.800277Z","level":"error","event":"\rRDSP2408.parquet:  55%|█████▌    | 7.86M/14.3M [00:01<00:01, 4.98MB/s]\u001b[A\u001b[A\u001b[A","logger":"task.stderr"}
{"timestamp":"2026-08-28T22:49:51.801374Z","level":"error","event":"","logger":"task.stderr"}
{"timestamp":"2026-08-28T22:49:51.802470Z","level":"error","event":"","logger":"task.stderr"}
{"timestamp":"2026-08-28T22:49:51.803509Z","level":"error","event":"\rRDSP2408.parquet:  56%|█████▌    | 7.93M/14.3M [00:01<00:01, 5.01MB/s]\u001b[A\u001b[A\u001b[A","logger":"task.stderr"}
{"timestamp":"2026-08-28T22:49:51.804496Z","level":"error","event":"","logger":"task.stderr"}
{"timestamp":"2026-08-28T22:49:51.805402Z","level":"error","event":"","logger":"task.stderr"}
{"timestamp":"2026-08-28T22:49:51.806431Z","level":"error","event":"\rRDSP2408.parquet:  56%|█████▌    | 8.00M/14.3M [00:01<00:01, 5.05MB/s]\u001b[A\u001b[A\u001b[A","logger":"task.stderr"}
{"timestamp":"2026-08-28T22:49:51.807329Z","level":"error","event":"","logger":"task.stderr"}
{"timestamp":"2026-08-28T22:49:51.809403Z","level":"error","event":"","logger":"task.stderr"}
{"timestamp":"2026-08-28T22:49:51.810274Z","level":"error","event":"\rRDSP2408.parquet:  57%|█████▋    | 8.06M/14.3M [00:01<00:01, 5.08MB/s]\u001b[A\u001b[A\u001b[A","logger":"task.stderr"}
{"timestamp":"2026-08-28T22:49:51.811141Z","level":"error","event":"","logger":"task.stderr"}
{"timestamp":"2026-08-28T22:49:51.811878Z","level":"error","event":"","logger":"task.stderr"}
{"timestamp":"2026-08-28T22:49:51.812738Z","level":"error","event":"\rRDSP2408.parquet:  57%|█████▋    | 8.13M/14.3M [00:01<00:01, 5.11MB/s]\u001b[A\u001b[A\u001b[A","logger":"task.stderr"}
{"timestamp":"2026-08-28T22:49:51.813532Z","level":"error","event":"","logger":"task.stderr"}
{"timestamp":"2026-08-28T22:49:51.814331Z","level":"error","event":"","logger":"task.stderr"}
{"timestamp":"2026-08-28T22:49:51.815136Z","level":"error","event":"\rRDSP2408.parquet:  57%|█████▋    | 8.19M/14.3M [00:01<00:01, 5.14MB/s]\u001b[A\u001b[A\u001b[A","logger":"task.stderr"}
{"timestamp":"2026-08-28T22:49:51.815816Z","level":"error","event":"","logger":"task.stderr"}
{"timestamp":"2026-08-28T22:49:51.816399Z","level":"error","event":"","logger":"task.stderr"}
{"timestamp":"2026-08-28T22:49:51.817108Z","level":"error","event":"\rRDSP2408.parquet:  58%|█████▊    | 8.26M/14.3M [00:01<00:01, 5.18MB/s]\u001b[A\u001b[A\u001b[A","logger":"task.stderr"}
{"timestamp":"2026-08-28T22:49:51.817707Z","level":"error","event":"","logger":"task.stderr"}
{"timestamp":"2026-08-28T22:49:51.818307Z","level":"error","event":"","logger":"task.stderr"}
{"timestamp":"2026-08-28T22:49:51.821662Z","level":"error","event":"\rRDSP2408.parquet:  58%|█████▊    | 8.32M/14.3M [00:01<00:01, 5.21MB/s]\u001b[A\u001b[A\u001b[A","logger":"task.stderr"}
{"timestamp":"2026-08-28T22:49:51.822550Z","level":"error","event":"","logger":"task.stderr"}
{"timestamp":"2026-08-28T22:49:51.823312Z","level":"error","event":"","logger":"task.stderr"}
{"timestamp":"2026-08-28T22:49:51.824052Z","level":"error","event":"\rRDSP2408.parquet:  59%|█████▉    | 8.39M/14.3M [00:01<00:01, 5.23MB/s]\u001b[A\u001b[A\u001b[A","logger":"task.stderr"}
{"timestamp":"2026-08-28T22:49:51.824826Z","level":"error","event":"","logger":"task.stderr"}
{"timestamp":"2026-08-28T22:49:51.825566Z","level":"error","event":"","logger":"task.stderr"}
{"timestamp":"2026-08-28T22:49:51.827300Z","level":"error","event":"\rRDSP2408.parquet:  59%|█████▉    | 8.45M/14.3M [00:01<00:01, 5.27MB/s]\u001b[A\u001b[A\u001b[A","logger":"task.stderr"}
{"timestamp":"2026-08-28T22:49:51.828223Z","level":"error","event":"","logger":"task.stderr"}
{"timestamp":"2026-08-28T22:49:51.829047Z","level":"error","event":"","logger":"task.stderr"}
{"timestamp":"2026-08-28T22:49:51.830147Z","level":"error","event":"\rRDSP2408.parquet:  60%|█████▉    | 8.52M/14.3M [00:01<00:01, 5.29MB/s]\u001b[A\u001b[A\u001b[A","logger":"task.stderr"}
{"timestamp":"2026-08-28T22:49:51.830859Z","level":"error","event":"","logger":"task.stderr"}
{"timestamp":"2026-08-28T22:49:51.831576Z","level":"error","event":"","logger":"task.stderr"}
{"timestamp":"2026-08-28T22:49:51.832375Z","level":"error","event":"\rRDSP2408.parquet:  60%|██████    | 8.59M/14.3M [00:01<00:01, 5.32MB/s]\u001b[A\u001b[A\u001b[A","logger":"task.stderr"}
{"timestamp":"2026-08-28T22:49:51.833053Z","level":"error","event":"","logger":"task.stderr"}
{"timestamp":"2026-08-28T22:49:51.833827Z","level":"error","event":"","logger":"task.stderr"}
{"timestamp":"2026-08-28T22:49:51.835137Z","level":"error","event":"\rRDSP2408.parquet:  61%|██████    | 8.65M/14.3M [00:01<00:01, 5.36MB/s]\u001b[A\u001b[A\u001b[A","logger":"task.stderr"}
{"timestamp":"2026-08-28T22:49:51.835956Z","level":"error","event":"","logger":"task.stderr"}
{"timestamp":"2026-08-28T22:49:51.836689Z","level":"error","event":"","logger":"task.stderr"}
{"timestamp":"2026-08-28T22:49:51.837751Z","level":"error","event":"\rRDSP2408.parquet:  61%|██████    | 8.72M/14.3M [00:01<00:01, 5.39MB/s]\u001b[A\u001b[A\u001b[A","logger":"task.stderr"}
{"timestamp":"2026-08-28T22:49:51.838514Z","level":"error","event":"","logger":"task.stderr"}
{"timestamp":"2026-08-28T22:49:51.839326Z","level":"error","event":"","logger":"task.stderr"}
{"timestamp":"2026-08-28T22:49:51.840261Z","level":"error","event":"\rRDSP2408.parquet:  62%|██████▏   | 8.78M/14.3M [00:01<00:01, 5.42MB/s]\u001b[A\u001b[A\u001b[A","logger":"task.stderr"}
{"timestamp":"2026-08-28T22:49:51.841147Z","level":"error","event":"","logger":"task.stderr"}
{"timestamp":"2026-08-28T22:49:51.841898Z","level":"error","event":"","logger":"task.stderr"}
{"timestamp":"2026-08-28T22:49:51.842803Z","level":"error","event":"\rRDSP2408.parquet:  62%|██████▏   | 8.85M/14.3M [00:01<00:00, 5.45MB/s]\u001b[A\u001b[A\u001b[A","logger":"task.stderr"}
{"timestamp":"2026-08-28T22:49:51.843587Z","level":"error","event":"","logger":"task.stderr"}
{"timestamp":"2026-08-28T22:49:51.844339Z","level":"error","event":"","logger":"task.stderr"}
{"timestamp":"2026-08-28T22:49:51.845675Z","level":"error","event":"\rRDSP2408.parquet:  63%|██████▎   | 8.91M/14.3M [00:01<00:00, 5.49MB/s]\u001b[A\u001b[A\u001b[A","logger":"task.stderr"}
{"timestamp":"2026-08-28T22:49:51.846378Z","level":"error","event":"","logger":"task.stderr"}
{"timestamp":"2026-08-28T22:49:51.847101Z","level":"error","event":"","logger":"task.stderr"}
{"timestamp":"2026-08-28T22:49:51.849849Z","level":"error","event":"\rRDSP2408.parquet:  63%|██████▎   | 8.98M/14.3M [00:01<00:00, 5.52MB/s]\u001b[A\u001b[A\u001b[A","logger":"task.stderr"}
{"timestamp":"2026-08-28T22:49:51.850735Z","level":"error","event":"","logger":"task.stderr"}
{"timestamp":"2026-08-28T22:49:51.851503Z","level":"error","event":"","logger":"task.stderr"}
{"timestamp":"2026-08-28T22:49:51.856206Z","level":"error","event":"\rRDSP2408.parquet:  63%|██████▎   | 9.04M/14.3M [00:01<00:00, 5.54MB/s]\u001b[A\u001b[A\u001b[A","logger":"task.stderr"}
{"timestamp":"2026-08-28T22:49:51.857287Z","level":"error","event":"","logger":"task.stderr"}
{"timestamp":"2026-08-28T22:49:51.858091Z","level":"error","event":"","logger":"task.stderr"}
{"timestamp":"2026-08-28T22:49:51.863012Z","level":"error","event":"\rRDSP2408.parquet:  64%|██████▍   | 9.11M/14.3M [00:01<00:00, 5.56MB/s]\u001b[A\u001b[A\u001b[A","logger":"task.stderr"}
{"timestamp":"2026-08-28T22:49:51.864036Z","level":"error","event":"","logger":"task.stderr"}
{"timestamp":"2026-08-28T22:49:51.864801Z","level":"error","event":"","logger":"task.stderr"}
{"timestamp":"2026-08-28T22:49:51.868551Z","level":"error","event":"\rRDSP2408.parquet:  64%|██████▍   | 9.18M/14.3M [00:01<00:00, 5.58MB/s]\u001b[A\u001b[A\u001b[A","logger":"task.stderr"}
{"timestamp":"2026-08-28T22:49:51.869645Z","level":"error","event":"","logger":"task.stderr"}
{"timestamp":"2026-08-28T22:49:51.870389Z","level":"error","event":"","logger":"task.stderr"}
{"timestamp":"2026-08-28T22:49:51.872632Z","level":"error","event":"\rRDSP2408.parquet:  65%|██████▍   | 9.24M/14.3M [00:01<00:00, 5.60MB/s]\u001b[A\u001b[A\u001b[A","logger":"task.stderr"}
{"timestamp":"2026-08-28T22:49:51.873652Z","level":"error","event":"","logger":"task.stderr"}
{"timestamp":"2026-08-28T22:49:51.874498Z","level":"error","event":"","logger":"task.stderr"}
{"timestamp":"2026-08-28T22:49:51.875380Z","level":"error","event":"\rRDSP2408.parquet:  65%|██████▌   | 9.31M/14.3M [00:01<00:00, 5.62MB/s]\u001b[A\u001b[A\u001b[A","logger":"task.stderr"}
{"timestamp":"2026-08-28T22:49:51.876276Z","level":"error","event":"","logger":"task.stderr"}
{"timestamp":"2026-08-28T22:49:51.877141Z","level":"error","event":"","logger":"task.stderr"}
{"timestamp":"2026-08-28T22:49:51.878352Z","level":"error","event":"\rRDSP2408.parquet:  66%|██████▌   | 9.37M/14.3M [00:01<00:00, 5.65MB/s]\u001b[A\u001b[A\u001b[A","logger":"task.stderr"}
{"timestamp":"2026-08-28T22:49:51.879392Z","level":"error","event":"","logger":"task.stderr"}
{"timestamp":"2026-08-28T22:49:51.880197Z","level":"error","event":"","logger":"task.stderr"}
{"timestamp":"2026-08-28T22:49:51.881068Z","level":"error","event":"\rRDSP2408.parquet:  66%|██████▌   | 9.44M/14.3M [00:01<00:00, 5.68MB/s]\u001b[A\u001b[A\u001b[A","logger":"task.stderr"}
{"timestamp":"2026-08-28T22:49:51.881865Z","level":"error","event":"","logger":"task.stderr"}
{"timestamp":"2026-08-28T22:49:51.882742Z","level":"error","event":"","logger":"task.stderr"}
{"timestamp":"2026-08-28T22:49:51.883626Z","level":"error","event":"\rRDSP2408.parquet:  67%|██████▋   | 9.50M/14.3M [00:01<00:00, 5.71MB/s]\u001b[A\u001b[A\u001b[A","logger":"task.stderr"}
{"timestamp":"2026-08-28T22:49:51.884326Z","level":"error","event":"","logger":"task.stderr"}
{"timestamp":"2026-08-28T22:49:51.885092Z","level":"error","event":"","logger":"task.stderr"}
{"timestamp":"2026-08-28T22:49:51.886170Z","level":"error","event":"\rRDSP2408.parquet:  67%|██████▋   | 9.57M/14.3M [00:01<00:00, 5.74MB/s]\u001b[A\u001b[A\u001b[A","logger":"task.stderr"}
{"timestamp":"2026-08-28T22:49:51.886833Z","level":"error","event":"","logger":"task.stderr"}
{"timestamp":"2026-08-28T22:49:51.887499Z","level":"error","event":"","logger":"task.stderr"}
{"timestamp":"2026-08-28T22:49:51.888283Z","level":"error","event":"\rRDSP2408.parquet:  68%|██████▊   | 9.63M/14.3M [00:01<00:00, 5.77MB/s]\u001b[A\u001b[A\u001b[A","logger":"task.stderr"}
{"timestamp":"2026-08-28T22:49:51.889115Z","level":"error","event":"","logger":"task.stderr"}
{"timestamp":"2026-08-28T22:49:51.889903Z","level":"error","event":"","logger":"task.stderr"}
{"timestamp":"2026-08-28T22:49:51.890786Z","level":"error","event":"\rRDSP2408.parquet:  68%|██████▊   | 9.70M/14.3M [00:01<00:00, 5.81MB/s]\u001b[A\u001b[A\u001b[A","logger":"task.stderr"}
{"timestamp":"2026-08-28T22:49:51.891532Z","level":"error","event":"","logger":"task.stderr"}
{"timestamp":"2026-08-28T22:49:51.892665Z","level":"error","event":"","logger":"task.stderr"}
{"timestamp":"2026-08-28T22:49:51.893531Z","level":"error","event":"\rRDSP2408.parquet:  69%|██████▊   | 9.76M/14.3M [00:01<00:00, 5.84MB/s]\u001b[A\u001b[A\u001b[A","logger":"task.stderr"}
{"timestamp":"2026-08-28T22:49:51.894316Z","level":"error","event":"","logger":"task.stderr"}
{"timestamp":"2026-08-28T22:49:51.895062Z","level":"error","event":"","logger":"task.stderr"}
{"timestamp":"2026-08-28T22:49:51.895916Z","level":"error","event":"\rRDSP2408.parquet:  69%|██████▉   | 9.83M/14.3M [00:01<00:00, 5.87MB/s]\u001b[A\u001b[A\u001b[A","logger":"task.stderr"}
{"timestamp":"2026-08-28T22:49:51.896772Z","level":"error","event":"","logger":"task.stderr"}
{"timestamp":"2026-08-28T22:49:51.897498Z","level":"error","event":"","logger":"task.stderr"}
{"timestamp":"2026-08-28T22:49:51.898263Z","level":"error","event":"\rRDSP2408.parquet:  69%|██████▉   | 9.90M/14.3M [00:01<00:00, 5.90MB/s]\u001b[A\u001b[A\u001b[A","logger":"task.stderr"}
{"timestamp":"2026-08-28T22:49:51.898936Z","level":"error","event":"","logger":"task.stderr"}
{"timestamp":"2026-08-28T22:49:51.899654Z","level":"error","event":"","logger":"task.stderr"}
{"timestamp":"2026-08-28T22:49:51.900326Z","level":"error","event":"\rRDSP2408.parquet:  70%|██████▉   | 9.96M/14.3M [00:01<00:00, 5.94MB/s]\u001b[A\u001b[A\u001b[A","logger":"task.stderr"}
{"timestamp":"2026-08-28T22:49:51.901105Z","level":"error","event":"","logger":"task.stderr"}
{"timestamp":"2026-08-28T22:49:51.901763Z","level":"error","event":"","logger":"task.stderr"}
{"timestamp":"2026-08-28T22:49:51.902507Z","level":"error","event":"\rRDSP2408.parquet:  70%|███████   | 10.0M/14.3M [00:01<00:00, 5.97MB/s]\u001b[A\u001b[A\u001b[A","logger":"task.stderr"}
{"timestamp":"2026-08-28T22:49:51.903350Z","level":"error","event":"","logger":"task.stderr"}
{"timestamp":"2026-08-28T22:49:51.904201Z","level":"error","event":"","logger":"task.stderr"}
{"timestamp":"2026-08-28T22:49:51.904955Z","level":"error","event":"\rRDSP2408.parquet:  71%|███████   | 10.1M/14.3M [00:01<00:00, 6.00MB/s]\u001b[A\u001b[A\u001b[A","logger":"task.stderr"}
{"timestamp":"2026-08-28T22:49:51.905703Z","level":"error","event":"","logger":"task.stderr"}
{"timestamp":"2026-08-28T22:49:51.906413Z","level":"error","event":"","logger":"task.stderr"}
{"timestamp":"2026-08-28T22:49:51.907254Z","level":"error","event":"\rRDSP2408.parquet:  71%|███████▏  | 10.2M/14.3M [00:01<00:00, 6.03MB/s]\u001b[A\u001b[A\u001b[A","logger":"task.stderr"}
{"timestamp":"2026-08-28T22:49:51.908923Z","level":"error","event":"","logger":"task.stderr"}
{"timestamp":"2026-08-28T22:49:51.909626Z","level":"error","event":"","logger":"task.stderr"}
{"timestamp":"2026-08-28T22:49:51.910378Z","level":"error","event":"\rRDSP2408.parquet:  72%|███████▏  | 10.2M/14.3M [00:01<00:00, 6.06MB/s]\u001b[A\u001b[A\u001b[A","logger":"task.stderr"}
{"timestamp":"2026-08-28T22:49:51.911074Z","level":"error","event":"","logger":"task.stderr"}
{"timestamp":"2026-08-28T22:49:51.911836Z","level":"error","event":"","logger":"task.stderr"}
{"timestamp":"2026-08-28T22:49:51.912666Z","level":"error","event":"\rRDSP2408.parquet:  72%|███████▏  | 10.3M/14.3M [00:01<00:00, 6.10MB/s]\u001b[A\u001b[A\u001b[A","logger":"task.stderr"}
{"timestamp":"2026-08-28T22:49:51.913415Z","level":"error","event":"","logger":"task.stderr"}
{"timestamp":"2026-08-28T22:49:51.914132Z","level":"error","event":"","logger":"task.stderr"}
{"timestamp":"2026-08-28T22:49:51.914771Z","level":"error","event":"\rRDSP2408.parquet:  73%|███████▎  | 10.4M/14.3M [00:01<00:00, 6.13MB/s]\u001b[A\u001b[A\u001b[A","logger":"task.stderr"}
{"timestamp":"2026-08-28T22:49:51.915547Z","level":"error","event":"","logger":"task.stderr"}
{"timestamp":"2026-08-28T22:49:51.916323Z","level":"error","event":"","logger":"task.stderr"}
{"timestamp":"2026-08-28T22:49:51.917064Z","level":"error","event":"\rRDSP2408.parquet:  73%|███████▎  | 10.4M/14.3M [00:01<00:00, 6.16MB/s]\u001b[A\u001b[A\u001b[A","logger":"task.stderr"}
{"timestamp":"2026-08-28T22:49:51.917854Z","level":"error","event":"","logger":"task.stderr"}
{"timestamp":"2026-08-28T22:49:51.918645Z","level":"error","event":"","logger":"task.stderr"}
{"timestamp":"2026-08-28T22:49:51.919453Z","level":"error","event":"\rRDSP2408.parquet:  74%|███████▎  | 10.5M/14.3M [00:01<00:00, 6.19MB/s]\u001b[A\u001b[A\u001b[A","logger":"task.stderr"}
{"timestamp":"2026-08-28T22:49:51.920176Z","level":"error","event":"","logger":"task.stderr"}
{"timestamp":"2026-08-28T22:49:51.921023Z","level":"error","event":"","logger":"task.stderr"}
{"timestamp":"2026-08-28T22:49:51.921840Z","level":"error","event":"\rRDSP2408.parquet:  74%|███████▍  | 10.6M/14.3M [00:01<00:00, 6.22MB/s]\u001b[A\u001b[A\u001b[A","logger":"task.stderr"}
{"timestamp":"2026-08-28T22:49:51.922745Z","level":"error","event":"","logger":"task.stderr"}
{"timestamp":"2026-08-28T22:49:51.923558Z","level":"error","event":"","logger":"task.stderr"}
{"timestamp":"2026-08-28T22:49:51.924460Z","level":"error","event":"\rRDSP2408.parquet:  75%|███████▍  | 10.6M/14.3M [00:01<00:00, 6.24MB/s]\u001b[A\u001b[A\u001b[A","logger":"task.stderr"}
{"timestamp":"2026-08-28T22:49:51.925337Z","level":"error","event":"","logger":"task.stderr"}
{"timestamp":"2026-08-28T22:49:51.926047Z","level":"error","event":"","logger":"task.stderr"}
{"timestamp":"2026-08-28T22:49:51.926815Z","level":"error","event":"\rRDSP2408.parquet:  75%|███████▍  | 10.7M/14.3M [00:01<00:00, 6.27MB/s]\u001b[A\u001b[A\u001b[A","logger":"task.stderr"}
{"timestamp":"2026-08-28T22:49:51.927587Z","level":"error","event":"","logger":"task.stderr"}
{"timestamp":"2026-08-28T22:49:51.928327Z","level":"error","event":"","logger":"task.stderr"}
{"timestamp":"2026-08-28T22:49:51.929130Z","level":"error","event":"\rRDSP2408.parquet:  75%|███████▌  | 10.7M/14.3M [00:01<00:00, 6.30MB/s]\u001b[A\u001b[A\u001b[A","logger":"task.stderr"}
{"timestamp":"2026-08-28T22:49:51.929849Z","level":"error","event":"","logger":"task.stderr"}
{"timestamp":"2026-08-28T22:49:51.930557Z","level":"error","event":"","logger":"task.stderr"}
{"timestamp":"2026-08-28T22:49:51.931396Z","level":"error","event":"\rRDSP2408.parquet:  76%|███████▌  | 10.8M/14.3M [00:01<00:00, 6.33MB/s]\u001b[A\u001b[A\u001b[A","logger":"task.stderr"}
{"timestamp":"2026-08-28T22:49:51.932147Z","level":"error","event":"","logger":"task.stderr"}
{"timestamp":"2026-08-28T22:49:51.933017Z","level":"error","event":"","logger":"task.stderr"}
{"timestamp":"2026-08-28T22:49:51.933900Z","level":"error","event":"\rRDSP2408.parquet:  76%|███████▋  | 10.9M/14.3M [00:01<00:00, 6.36MB/s]\u001b[A\u001b[A\u001b[A","logger":"task.stderr"}
{"timestamp":"2026-08-28T22:49:51.934702Z","level":"error","event":"","logger":"task.stderr"}
{"timestamp":"2026-08-28T22:49:51.935457Z","level":"error","event":"","logger":"task.stderr"}
{"timestamp":"2026-08-28T22:49:51.936248Z","level":"error","event":"\rRDSP2408.parquet:  77%|███████▋  | 10.9M/14.3M [00:01<00:00, 6.39MB/s]\u001b[A\u001b[A\u001b[A","logger":"task.stderr"}
{"timestamp":"2026-08-28T22:49:51.937008Z","level":"error","event":"","logger":"task.stderr"}
{"timestamp":"2026-08-28T22:49:51.937666Z","level":"error","event":"","logger":"task.stderr"}
{"timestamp":"2026-08-28T22:49:51.938481Z","level":"error","event":"\rRDSP2408.parquet:  77%|███████▋  | 11.0M/14.3M [00:01<00:00, 6.42MB/s]\u001b[A\u001b[A\u001b[A","logger":"task.stderr"}
{"timestamp":"2026-08-28T22:49:51.939192Z","level":"error","event":"","logger":"task.stderr"}
{"timestamp":"2026-08-28T22:49:51.939967Z","level":"error","event":"","logger":"task.stderr"}
{"timestamp":"2026-08-28T22:49:51.940671Z","level":"error","event":"\rRDSP2408.parquet:  78%|███████▊  | 11.1M/14.3M [00:01<00:00, 6.45MB/s]\u001b[A\u001b[A\u001b[A","logger":"task.stderr"}
{"timestamp":"2026-08-28T22:49:51.941425Z","level":"error","event":"","logger":"task.stderr"}
{"timestamp":"2026-08-28T22:49:51.942153Z","level":"error","event":"","logger":"task.stderr"}
{"timestamp":"2026-08-28T22:49:51.943055Z","level":"error","event":"\rRDSP2408.parquet:  78%|███████▊  | 11.1M/14.3M [00:01<00:00, 6.48MB/s]\u001b[A\u001b[A\u001b[A","logger":"task.stderr"}
{"timestamp":"2026-08-28T22:49:51.943732Z","level":"error","event":"","logger":"task.stderr"}
{"timestamp":"2026-08-28T22:49:51.944619Z","level":"error","event":"","logger":"task.stderr"}
{"timestamp":"2026-08-28T22:49:51.945428Z","level":"error","event":"\rRDSP2408.parquet:  79%|███████▊  | 11.2M/14.3M [00:01<00:00, 6.51MB/s]\u001b[A\u001b[A\u001b[A","logger":"task.stderr"}
{"timestamp":"2026-08-28T22:49:51.946171Z","level":"error","event":"","logger":"task.stderr"}
{"timestamp":"2026-08-28T22:49:51.946944Z","level":"error","event":"","logger":"task.stderr"}
{"timestamp":"2026-08-28T22:49:51.947803Z","level":"error","event":"\rRDSP2408.parquet:  79%|███████▉  | 11.3M/14.3M [00:01<00:00, 6.53MB/s]\u001b[A\u001b[A\u001b[A","logger":"task.stderr"}
{"timestamp":"2026-08-28T22:49:51.948564Z","level":"error","event":"","logger":"task.stderr"}
{"timestamp":"2026-08-28T22:49:51.949341Z","level":"error","event":"","logger":"task.stderr"}
{"timestamp":"2026-08-28T22:49:51.950074Z","level":"error","event":"\rRDSP2408.parquet:  80%|███████▉  | 11.3M/14.3M [00:01<00:00, 6.56MB/s]\u001b[A\u001b[A\u001b[A","logger":"task.stderr"}
{"timestamp":"2026-08-28T22:49:51.950734Z","level":"error","event":"","logger":"task.stderr"}
{"timestamp":"2026-08-28T22:49:51.951536Z","level":"error","event":"","logger":"task.stderr"}
{"timestamp":"2026-08-28T22:49:51.952408Z","level":"error","event":"\rRDSP2408.parquet:  80%|████████  | 11.4M/14.3M [00:01<00:00, 6.59MB/s]\u001b[A\u001b[A\u001b[A","logger":"task.stderr"}
{"timestamp":"2026-08-28T22:49:51.953231Z","level":"error","event":"","logger":"task.stderr"}
{"timestamp":"2026-08-28T22:49:51.953890Z","level":"error","event":"","logger":"task.stderr"}
{"timestamp":"2026-08-28T22:49:51.954588Z","level":"error","event":"\rRDSP2408.parquet:  80%|████████  | 11.5M/14.3M [00:01<00:00, 6.62MB/s]\u001b[A\u001b[A\u001b[A","logger":"task.stderr"}
{"timestamp":"2026-08-28T22:49:51.955294Z","level":"error","event":"","logger":"task.stderr"}
{"timestamp":"2026-08-28T22:49:51.955981Z","level":"error","event":"","logger":"task.stderr"}
{"timestamp":"2026-08-28T22:49:51.956728Z","level":"error","event":"\rRDSP2408.parquet:  81%|████████  | 11.5M/14.3M [00:01<00:00, 6.65MB/s]\u001b[A\u001b[A\u001b[A","logger":"task.stderr"}
{"timestamp":"2026-08-28T22:49:51.957425Z","level":"error","event":"","logger":"task.stderr"}
{"timestamp":"2026-08-28T22:49:51.958121Z","level":"error","event":"","logger":"task.stderr"}
{"timestamp":"2026-08-28T22:49:51.958996Z","level":"error","event":"\rRDSP2408.parquet:  81%|████████▏ | 11.6M/14.3M [00:01<00:00, 6.68MB/s]\u001b[A\u001b[A\u001b[A","logger":"task.stderr"}
{"timestamp":"2026-08-28T22:49:51.959804Z","level":"error","event":"","logger":"task.stderr"}
{"timestamp":"2026-08-28T22:49:51.960532Z","level":"error","event":"","logger":"task.stderr"}
{"timestamp":"2026-08-28T22:49:51.961362Z","level":"error","event":"\rRDSP2408.parquet:  82%|████████▏ | 11.7M/14.3M [00:01<00:00, 6.71MB/s]\u001b[A\u001b[A\u001b[A","logger":"task.stderr"}
{"timestamp":"2026-08-28T22:49:51.962156Z","level":"error","event":"","logger":"task.stderr"}
{"timestamp":"2026-08-28T22:49:51.962970Z","level":"error","event":"","logger":"task.stderr"}
{"timestamp":"2026-08-28T22:49:51.963976Z","level":"error","event":"\rRDSP2408.parquet:  82%|████████▏ | 11.7M/14.3M [00:01<00:00, 6.73MB/s]\u001b[A\u001b[A\u001b[A","logger":"task.stderr"}
{"timestamp":"2026-08-28T22:49:51.964910Z","level":"error","event":"","logger":"task.stderr"}
{"timestamp":"2026-08-28T22:49:51.965974Z","level":"error","event":"","logger":"task.stderr"}
{"timestamp":"2026-08-28T22:49:51.967078Z","level":"error","event":"\rRDSP2408.parquet:  83%|████████▎ | 11.8M/14.3M [00:01<00:00, 6.76MB/s]\u001b[A\u001b[A\u001b[A","logger":"task.stderr"}
{"timestamp":"2026-08-28T22:49:51.968032Z","level":"error","event":"","logger":"task.stderr"}
{"timestamp":"2026-08-28T22:49:51.969004Z","level":"error","event":"","logger":"task.stderr"}
{"timestamp":"2026-08-28T22:49:51.969868Z","level":"error","event":"\rRDSP2408.parquet:  83%|████████▎ | 11.9M/14.3M [00:01<00:00, 6.79MB/s]\u001b[A\u001b[A\u001b[A","logger":"task.stderr"}
{"timestamp":"2026-08-28T22:49:51.970717Z","level":"error","event":"","logger":"task.stderr"}
{"timestamp":"2026-08-28T22:49:51.971514Z","level":"error","event":"","logger":"task.stderr"}
{"timestamp":"2026-08-28T22:49:51.972394Z","level":"error","event":"\rRDSP2408.parquet:  84%|████████▎ | 11.9M/14.3M [00:01<00:00, 6.82MB/s]\u001b[A\u001b[A\u001b[A","logger":"task.stderr"}
{"timestamp":"2026-08-28T22:49:51.973326Z","level":"error","event":"","logger":"task.stderr"}
{"timestamp":"2026-08-28T22:49:51.974124Z","level":"error","event":"","logger":"task.stderr"}
{"timestamp":"2026-08-28T22:49:51.974927Z","level":"error","event":"\rRDSP2408.parquet:  84%|████████▍ | 12.0M/14.3M [00:01<00:00, 6.85MB/s]\u001b[A\u001b[A\u001b[A","logger":"task.stderr"}
{"timestamp":"2026-08-28T22:49:51.975778Z","level":"error","event":"","logger":"task.stderr"}
{"timestamp":"2026-08-28T22:49:51.976687Z","level":"error","event":"","logger":"task.stderr"}
{"timestamp":"2026-08-28T22:49:51.977688Z","level":"error","event":"\rRDSP2408.parquet:  85%|████████▍ | 12.1M/14.3M [00:01<00:00, 6.88MB/s]\u001b[A\u001b[A\u001b[A","logger":"task.stderr"}
{"timestamp":"2026-08-28T22:49:51.978533Z","level":"error","event":"","logger":"task.stderr"}
{"timestamp":"2026-08-28T22:49:51.979394Z","level":"error","event":"","logger":"task.stderr"}
{"timestamp":"2026-08-28T22:49:51.980336Z","level":"error","event":"\rRDSP2408.parquet:  85%|████████▌ | 12.1M/14.3M [00:01<00:00, 6.91MB/s]\u001b[A\u001b[A\u001b[A","logger":"task.stderr"}
{"timestamp":"2026-08-28T22:49:51.981270Z","level":"error","event":"","logger":"task.stderr"}
{"timestamp":"2026-08-28T22:49:51.982158Z","level":"error","event":"","logger":"task.stderr"}
{"timestamp":"2026-08-28T22:49:51.983123Z","level":"error","event":"\rRDSP2408.parquet:  86%|████████▌ | 12.2M/14.3M [00:01<00:00, 6.94MB/s]\u001b[A\u001b[A\u001b[A","logger":"task.stderr"}
{"timestamp":"2026-08-28T22:49:51.983961Z","level":"error","event":"","logger":"task.stderr"}
{"timestamp":"2026-08-28T22:49:51.984733Z","level":"error","event":"","logger":"task.stderr"}
{"timestamp":"2026-08-28T22:49:51.985643Z","level":"error","event":"\rRDSP2408.parquet:  86%|████████▌ | 12.3M/14.3M [00:01<00:00, 6.97MB/s]\u001b[A\u001b[A\u001b[A","logger":"task.stderr"}
{"timestamp":"2026-08-28T22:49:51.986454Z","level":"error","event":"","logger":"task.stderr"}
{"timestamp":"2026-08-28T22:49:51.987300Z","level":"error","event":"","logger":"task.stderr"}
{"timestamp":"2026-08-28T22:49:51.988059Z","level":"error","event":"\rRDSP2408.parquet:  86%|████████▋ | 12.3M/14.3M [00:01<00:00, 7.00MB/s]\u001b[A\u001b[A\u001b[A","logger":"task.stderr"}
{"timestamp":"2026-08-28T22:49:51.988878Z","level":"error","event":"","logger":"task.stderr"}
{"timestamp":"2026-08-28T22:49:51.989653Z","level":"error","event":"","logger":"task.stderr"}
{"timestamp":"2026-08-28T22:49:51.990463Z","level":"error","event":"\rRDSP2408.parquet:  87%|████████▋ | 12.4M/14.3M [00:01<00:00, 7.03MB/s]\u001b[A\u001b[A\u001b[A","logger":"task.stderr"}
{"timestamp":"2026-08-28T22:49:51.991363Z","level":"error","event":"","logger":"task.stderr"}
{"timestamp":"2026-08-28T22:49:51.992135Z","level":"error","event":"","logger":"task.stderr"}
{"timestamp":"2026-08-28T22:49:51.993040Z","level":"error","event":"\rRDSP2408.parquet:  87%|████████▋ | 12.5M/14.3M [00:01<00:00, 7.05MB/s]\u001b[A\u001b[A\u001b[A","logger":"task.stderr"}
{"timestamp":"2026-08-28T22:49:51.993923Z","level":"error","event":"","logger":"task.stderr"}
{"timestamp":"2026-08-28T22:49:51.994752Z","level":"error","event":"","logger":"task.stderr"}
{"timestamp":"2026-08-28T22:49:51.995593Z","level":"error","event":"\rRDSP2408.parquet:  88%|████████▊ | 12.5M/14.3M [00:01<00:00, 7.08MB/s]\u001b[A\u001b[A\u001b[A","logger":"task.stderr"}
{"timestamp":"2026-08-28T22:49:51.996592Z","level":"error","event":"","logger":"task.stderr"}
{"timestamp":"2026-08-28T22:49:51.997486Z","level":"error","event":"","logger":"task.stderr"}
{"timestamp":"2026-08-28T22:49:51.998413Z","level":"error","event":"\rRDSP2408.parquet:  88%|████████▊ | 12.6M/14.3M [00:01<00:00, 7.11MB/s]\u001b[A\u001b[A\u001b[A","logger":"task.stderr"}
{"timestamp":"2026-08-28T22:49:51.999193Z","level":"error","event":"","logger":"task.stderr"}
{"timestamp":"2026-08-28T22:49:52.000108Z","level":"error","event":"","logger":"task.stderr"}
{"timestamp":"2026-08-28T22:49:52.000892Z","level":"error","event":"\rRDSP2408.parquet:  89%|████████▉ | 12.6M/14.3M [00:01<00:00, 7.14MB/s]\u001b[A\u001b[A\u001b[A","logger":"task.stderr"}
{"timestamp":"2026-08-28T22:49:52.001769Z","level":"error","event":"","logger":"task.stderr"}
{"timestamp":"2026-08-28T22:49:52.002564Z","level":"error","event":"","logger":"task.stderr"}
{"timestamp":"2026-08-28T22:49:52.003375Z","level":"error","event":"\rRDSP2408.parquet:  89%|████████▉ | 12.7M/14.3M [00:01<00:00, 7.17MB/s]\u001b[A\u001b[A\u001b[A","logger":"task.stderr"}
{"timestamp":"2026-08-28T22:49:52.004248Z","level":"error","event":"","logger":"task.stderr"}
{"timestamp":"2026-08-28T22:49:52.005580Z","level":"error","event":"","logger":"task.stderr"}
{"timestamp":"2026-08-28T22:49:52.006397Z","level":"error","event":"\rRDSP2408.parquet:  90%|████████▉ | 12.8M/14.3M [00:01<00:00, 7.20MB/s]\u001b[A\u001b[A\u001b[A","logger":"task.stderr"}
{"timestamp":"2026-08-28T22:49:52.007220Z","level":"error","event":"","logger":"task.stderr"}
{"timestamp":"2026-08-28T22:49:52.007978Z","level":"error","event":"","logger":"task.stderr"}
{"timestamp":"2026-08-28T22:49:52.008801Z","level":"error","event":"\rRDSP2408.parquet:  90%|█████████ | 12.8M/14.3M [00:01<00:00, 7.23MB/s]\u001b[A\u001b[A\u001b[A","logger":"task.stderr"}
{"timestamp":"2026-08-28T22:49:52.009634Z","level":"error","event":"","logger":"task.stderr"}
{"timestamp":"2026-08-28T22:49:52.010363Z","level":"error","event":"","logger":"task.stderr"}
{"timestamp":"2026-08-28T22:49:52.011078Z","level":"error","event":"\rRDSP2408.parquet:  91%|█████████ | 12.9M/14.3M [00:01<00:00, 7.26MB/s]\u001b[A\u001b[A\u001b[A","logger":"task.stderr"}
{"timestamp":"2026-08-28T22:49:52.011814Z","level":"error","event":"","logger":"task.stderr"}
{"timestamp":"2026-08-28T22:49:52.012505Z","level":"error","event":"","logger":"task.stderr"}
{"timestamp":"2026-08-28T22:49:52.013281Z","level":"error","event":"\rRDSP2408.parquet:  91%|█████████ | 13.0M/14.3M [00:01<00:00, 7.29MB/s]\u001b[A\u001b[A\u001b[A","logger":"task.stderr"}
{"timestamp":"2026-08-28T22:49:52.014056Z","level":"error","event":"","logger":"task.stderr"}
{"timestamp":"2026-08-28T22:49:52.014830Z","level":"error","event":"","logger":"task.stderr"}
{"timestamp":"2026-08-28T22:49:52.015549Z","level":"error","event":"\rRDSP2408.parquet:  92%|█████████▏| 13.0M/14.3M [00:01<00:00, 7.32MB/s]\u001b[A\u001b[A\u001b[A","logger":"task.stderr"}
{"timestamp":"2026-08-28T22:49:52.016201Z","level":"error","event":"","logger":"task.stderr"}
{"timestamp":"2026-08-28T22:49:52.016975Z","level":"error","event":"","logger":"task.stderr"}
{"timestamp":"2026-08-28T22:49:52.017640Z","level":"error","event":"\rRDSP2408.parquet:  92%|█████████▏| 13.1M/14.3M [00:01<00:00, 7.34MB/s]\u001b[A\u001b[A\u001b[A","logger":"task.stderr"}
{"timestamp":"2026-08-28T22:49:52.018300Z","level":"error","event":"","logger":"task.stderr"}
{"timestamp":"2026-08-28T22:49:52.018989Z","level":"error","event":"","logger":"task.stderr"}
{"timestamp":"2026-08-28T22:49:52.019698Z","level":"error","event":"\rRDSP2408.parquet:  92%|█████████▏| 13.2M/14.3M [00:01<00:00, 7.37MB/s]\u001b[A\u001b[A\u001b[A","logger":"task.stderr"}
{"timestamp":"2026-08-28T22:49:52.020418Z","level":"error","event":"","logger":"task.stderr"}
{"timestamp":"2026-08-28T22:49:52.021323Z","level":"error","event":"","logger":"task.stderr"}
{"timestamp":"2026-08-28T22:49:52.022252Z","level":"error","event":"\rRDSP2408.parquet:  93%|█████████▎| 13.2M/14.3M [00:01<00:00, 7.39MB/s]\u001b[A\u001b[A\u001b[A","logger":"task.stderr"}
{"timestamp":"2026-08-28T22:49:52.023015Z","level":"error","event":"","logger":"task.stderr"}
{"timestamp":"2026-08-28T22:49:52.023716Z","level":"error","event":"","logger":"task.stderr"}
{"timestamp":"2026-08-28T22:49:52.024420Z","level":"error","event":"\rRDSP2408.parquet:  93%|█████████▎| 13.3M/14.3M [00:01<00:00, 7.42MB/s]\u001b[A\u001b[A\u001b[A","logger":"task.stderr"}
{"timestamp":"2026-08-28T22:49:52.025115Z","level":"error","event":"","logger":"task.stderr"}
{"timestamp":"2026-08-28T22:49:52.025749Z","level":"error","event":"","logger":"task.stderr"}
{"timestamp":"2026-08-28T22:49:52.026502Z","level":"error","event":"\rRDSP2408.parquet:  94%|█████████▍| 13.4M/14.3M [00:01<00:00, 7.45MB/s]\u001b[A\u001b[A\u001b[A","logger":"task.stderr"}
{"timestamp":"2026-08-28T22:49:52.027170Z","level":"error","event":"","logger":"task.stderr"}
{"timestamp":"2026-08-28T22:49:52.027957Z","level":"error","event":"","logger":"task.stderr"}
{"timestamp":"2026-08-28T22:49:52.028641Z","level":"error","event":"\rRDSP2408.parquet:  94%|█████████▍| 13.4M/14.3M [00:01<00:00, 7.47MB/s]\u001b[A\u001b[A\u001b[A","logger":"task.stderr"}
{"timestamp":"2026-08-28T22:49:52.029302Z","level":"error","event":"","logger":"task.stderr"}
{"timestamp":"2026-08-28T22:49:52.029993Z","level":"error","event":"","logger":"task.stderr"}
{"timestamp":"2026-08-28T22:49:52.030671Z","level":"error","event":"\rRDSP2408.parquet:  95%|█████████▍| 13.5M/14.3M [00:01<00:00, 7.50MB/s]\u001b[A\u001b[A\u001b[A","logger":"task.stderr"}
{"timestamp":"2026-08-28T22:49:52.031348Z","level":"error","event":"","logger":"task.stderr"}
{"timestamp":"2026-08-28T22:49:52.032003Z","level":"error","event":"","logger":"task.stderr"}
{"timestamp":"2026-08-28T22:49:52.032672Z","level":"error","event":"\rRDSP2408.parquet:  95%|█████████▌| 13.6M/14.3M [00:01<00:00, 7.53MB/s]\u001b[A\u001b[A\u001b[A","logger":"task.stderr"}
{"timestamp":"2026-08-28T22:49:52.033351Z","level":"error","event":"","logger":"task.stderr"}
{"timestamp":"2026-08-28T22:49:52.033930Z","level":"error","event":"","logger":"task.stderr"}
{"timestamp":"2026-08-28T22:49:52.034740Z","level":"error","event":"\rRDSP2408.parquet:  96%|█████████▌| 13.6M/14.3M [00:01<00:00, 7.56MB/s]\u001b[A\u001b[A\u001b[A","logger":"task.stderr"}
{"timestamp":"2026-08-28T22:49:52.035504Z","level":"error","event":"","logger":"task.stderr"}
{"timestamp":"2026-08-28T22:49:52.036162Z","level":"error","event":"","logger":"task.stderr"}
{"timestamp":"2026-08-28T22:49:52.036856Z","level":"error","event":"\rRDSP2408.parquet:  96%|█████████▌| 13.7M/14.3M [00:01<00:00, 7.59MB/s]\u001b[A\u001b[A\u001b[A","logger":"task.stderr"}
{"timestamp":"2026-08-28T22:49:52.037591Z","level":"error","event":"","logger":"task.stderr"}
{"timestamp":"2026-08-28T22:49:52.038328Z","level":"error","event":"","logger":"task.stderr"}
{"timestamp":"2026-08-28T22:49:52.040299Z","level":"error","event":"\rRDSP2408.parquet:  97%|█████████▋| 13.8M/14.3M [00:01<00:00, 7.61MB/s]\u001b[A\u001b[A\u001b[A","logger":"task.stderr"}
{"timestamp":"2026-08-28T22:49:52.041103Z","level":"error","event":"","logger":"task.stderr"}
{"timestamp":"2026-08-28T22:49:52.042053Z","level":"error","event":"","logger":"task.stderr"}
{"timestamp":"2026-08-28T22:49:52.043185Z","level":"error","event":"\rRDSP2408.parquet:  97%|█████████▋| 13.8M/14.3M [00:01<00:00, 7.64MB/s]\u001b[A\u001b[A\u001b[A","logger":"task.stderr"}
{"timestamp":"2026-08-28T22:49:52.043950Z","level":"error","event":"","logger":"task.stderr"}
{"timestamp":"2026-08-28T22:49:52.044621Z","level":"error","event":"","logger":"task.stderr"}
{"timestamp":"2026-08-28T22:49:52.045312Z","level":"error","event":"\rRDSP2408.parquet:  97%|█████████▋| 13.9M/14.3M [00:01<00:00, 7.66MB/s]\u001b[A\u001b[A\u001b[A","logger":"task.stderr"}
{"timestamp":"2026-08-28T22:49:52.045925Z","level":"error","event":"","logger":"task.stderr"}
{"timestamp":"2026-08-28T22:49:52.046530Z","level":"error","event":"","logger":"task.stderr"}
{"timestamp":"2026-08-28T22:49:52.047300Z","level":"error","event":"\rRDSP2408.parquet:  98%|█████████▊| 14.0M/14.3M [00:01<00:00, 7.69MB/s]\u001b[A\u001b[A\u001b[A","logger":"task.stderr"}
{"timestamp":"2026-08-28T22:49:52.047918Z","level":"error","event":"","logger":"task.stderr"}
{"timestamp":"2026-08-28T22:49:52.048510Z","level":"error","event":"","logger":"task.stderr"}
{"timestamp":"2026-08-28T22:49:52.049153Z","level":"error","event":"\rRDSP2408.parquet:  98%|█████████▊| 14.0M/14.3M [00:01<00:00, 7.71MB/s]\u001b[A\u001b[A\u001b[A","logger":"task.stderr"}
{"timestamp":"2026-08-28T22:49:52.049745Z","level":"error","event":"","logger":"task.stderr"}
{"timestamp":"2026-08-28T22:49:52.050329Z","level":"error","event":"","logger":"task.stderr"}
{"timestamp":"2026-08-28T22:49:52.050914Z","level":"error","event":"\rRDSP2408.parquet:  99%|█████████▉| 14.1M/14.3M [00:01<00:00, 7.73MB/s]\u001b[A\u001b[A\u001b[A","logger":"task.stderr"}
{"timestamp":"2026-08-28T22:49:52.051537Z","level":"error","event":"","logger":"task.stderr"}
{"timestamp":"2026-08-28T22:49:52.052186Z","level":"error","event":"","logger":"task.stderr"}
{"timestamp":"2026-08-28T22:49:52.052826Z","level":"error","event":"\rRDSP2408.parquet:  99%|█████████▉| 14.2M/14.3M [00:01<00:00, 7.75MB/s]\u001b[A\u001b[A\u001b[A","logger":"task.stderr"}
{"timestamp":"2026-08-28T22:49:52.053470Z","level":"error","event":"","logger":"task.stderr"}
{"timestamp":"2026-08-28T22:49:52.054057Z","level":"error","event":"","logger":"task.stderr"}
{"timestamp":"2026-08-28T22:49:52.054627Z","level":"error","event":"\rRDSP2408.parquet: 100%|█████████▉| 14.2M/14.3M [00:01<00:00, 7.78MB/s]\u001b[A\u001b[A\u001b[A","logger":"task.stderr"}
{"timestamp":"2026-08-28T22:49:52.055166Z","level":"error","event":"","logger":"task.stderr"}
{"timestamp":"2026-08-28T22:49:52.055737Z","level":"error","event":"","logger":"task.stderr"}
{"timestamp":"2026-08-28T22:49:52.073042Z","level":"error","event":"\rRDSP2408.parquet: 100%|██████████| 14.3M/14.3M [00:01<00:00, 7.79MB/s]\u001b[A\u001b[A\u001b[A\rRDSP2408.parquet: 100%|██████████| 14.3M/14.3M [00:01<00:00, 7.68MB/s]","logger":"task.stderr"}
{"timestamp":"2026-08-28T22:49:52.076542Z","level":"error","event":"\rDownloading sih: 100%|██████████| 3/3 [00:03<00:00,  1.11s/file]\rDownloading sih: 100%|██████████| 3/3 [00:03<00:00,  1.22s/file]","logger":"task.stderr"}
{"timestamp":"2026-08-28T22:49:52.764818Z","level":"info","event":"[SIH] Carregado: 246,085 registros","logger":"task.stdout"}
{"timestamp":"2026-08-28T22:49:55.795853Z","level":"info","event":"[SIH] Salvo localmente em: /opt/airflow/data/raw/sih_SP_2024_08.parquet","logger":"task.stdout"}
{"timestamp":"2026-08-28T22:49:55.796534Z","level":"info","event":"[CNES] Baixando dados: SP 2024/08","logger":"task.stdout"}
{"timestamp":"2026-08-28T22:50:05.641348Z","level":"error","event":"\rDownloading cnes:   0%|          | 0/1 [00:00<?, ?file/s]","logger":"task.stderr"}
{"timestamp":"2026-08-28T22:50:08.081302Z","level":"error","event":"\rLTSP2408.parquet: 0.00B [00:00, ?B/s]\u001b[A","logger":"task.stderr"}
{"timestamp":"2026-08-28T22:50:08.089688Z","level":"error","event":"\rLTSP2408.parquet:   0%|          | 0.00/98.6k [00:00<?, ?B/s]\u001b[A","logger":"task.stderr"}
{"timestamp":"2026-08-28T22:50:08.161530Z","level":"error","event":"\rLTSP2408.parquet:  66%|██████▋   | 65.5k/98.6k [00:00<00:00, 367MB/s]\u001b[A","logger":"task.stderr"}
{"timestamp":"2026-08-28T22:50:08.189667Z","level":"error","event":"\rLTSP2408.parquet: 100%|██████████| 98.6k/98.6k [00:00<00:00, 1.23MB/s]\u001b[A\rLTSP2408.parquet: 100%|██████████| 98.6k/98.6k [00:00<00:00, 911kB/s]","logger":"task.stderr"}
{"timestamp":"2026-08-28T22:50:08.209912Z","level":"error","event":"\rDownloading cnes: 100%|██████████| 1/1 [00:02<00:00,  2.57s/file]\rDownloading cnes: 100%|██████████| 1/1 [00:02<00:00,  2.57s/file]","logger":"task.stderr"}
{"timestamp":"2026-08-28T22:50:08.219548Z","level":"info","event":"[CNES] Carregado: 8,445 registros","logger":"task.stdout"}
{"timestamp":"2026-08-28T22:50:08.300647Z","level":"info","event":"[CNES] Salvo localmente em: /opt/airflow/data/raw/cnes_SP_2024_08.parquet","logger":"task.stdout"}
{"timestamp":"2026-08-28T22:50:08.301411Z","level":"info","event":"[IBGE] Carregando dados para SP","logger":"task.stdout"}
{"timestamp":"2026-08-28T22:50:08.565517Z","level":"info","event":"[IBGE] Carregado: 645 municípios","logger":"task.stdout"}
{"timestamp":"2026-08-28T22:50:08.596190Z","level":"info","event":"[IBGE] Salvo localmente em: /opt/airflow/data/reference/ibge_SP.parquet","logger":"task.stdout"}
{"timestamp":"2026-08-28T22:50:08.597125Z","level":"info","event":"==================================================","logger":"task.stdout"}
{"timestamp":"2026-08-28T22:50:08.597873Z","level":"info","event":"RESUMO DA INGESTÃO","logger":"task.stdout"}
{"timestamp":"2026-08-28T22:50:08.598511Z","level":"info","event":"SIH        | OK    |  246,085 registros","logger":"task.stdout"}
{"timestamp":"2026-08-28T22:50:08.599100Z","level":"info","event":"CNES       | OK    |    8,445 registros","logger":"task.stdout"}
{"timestamp":"2026-08-28T22:50:08.599987Z","level":"info","event":"IBGE       | OK    |      645 registros","logger":"task.stdout"}
{"timestamp":"2026-08-28T22:50:08.600741Z","level":"info","event":"==================================================","logger":"task.stdout"}
{"timestamp":"2026-08-28T22:50:08.601430Z","level":"info","event":"[INGESTAO] Concluída com sucesso.","logger":"task.stdout"}
{"timestamp":"2026-08-28T22:50:08.644613Z","level":"info","event":"Done. Returned value was: None","logger":"airflow.task.operators.airflow.providers.standard.operators.python.PythonOperator","filename":"python.py","lineno":229}
{"timestamp":"2026-08-29T01:54:42.194124Z","level":"info","event":"DAG bundles loaded: dags-folder","logger":"airflow.dag_processing.bundles.manager.DagBundlesManager","filename":"manager.py","lineno":209}
{"timestamp":"2026-08-29T01:54:42.196641Z","level":"info","event":"Filling up the DagBag from /opt/airflow/dags/meddata_pipeline.py","logger":"airflow.dag_processing.dagbag.BundleDagBag","filename":"dagbag.py","lineno":469}
{"timestamp":"2026-08-29T01:54:42.772591Z","level":"info","event":"Default Auth client Circuit breaker strategy enabled","logger":"oci.circuit_breaker","filename":"__init__.py","lineno":28}
{"timestamp":"2026-08-29T01:54:43.126317Z","level":"warning","event":"The `airflow.hooks.base.BaseHook` attribute is deprecated. Please use `'airflow.sdk.bases.hook.BaseHook'`.","category":"UserWarning","filename":"/opt/airflow/dags/meddata_pipeline.py","lineno":11,"logger":"py.warnings"}
{"timestamp":"2026-08-29T01:54:43.175401Z","level":"info","event":"[INGESTAO] Baixando dados para SP/2024/08","logger":"task.stdout"}
{"timestamp":"2026-08-29T01:54:43.176839Z","level":"info","event":"==================================================","logger":"task.stdout"}
{"timestamp":"2026-08-29T01:54:43.177544Z","level":"info","event":"INICIANDO INGESTÃO DE DADOS","logger":"task.stdout"}
{"timestamp":"2026-08-29T01:54:43.178151Z","level":"info","event":"UF: SP | Ano: 2024 | Mês: 08","logger":"task.stdout"}
{"timestamp":"2026-08-29T01:54:43.178785Z","level":"info","event":"Upload para OCI: NÃO","logger":"task.stdout"}
{"timestamp":"2026-08-29T01:54:43.179430Z","level":"info","event":"==================================================","logger":"task.stdout"}
{"timestamp":"2026-08-29T01:54:43.179993Z","level":"info","event":"[SIH] Baixando dados: SP 2024/08","logger":"task.stdout"}
{"timestamp":"2026-08-29T01:54:55.304604Z","level":"error","event":"\rDownloading sih:   0%|          | 0/3 [00:00<?, ?file/s]","logger":"task.stderr"}
{"timestamp":"2026-08-29T01:54:55.364651Z","level":"error","event":"\rERSP2408.parquet: 0.00B [00:00, ?B/s]\u001b[A","logger":"task.stderr"}
{"timestamp":"2026-08-29T01:54:55.365495Z","level":"error","event":"","logger":"task.stderr"}
{"timestamp":"2026-08-29T01:54:55.414648Z","level":"error","event":"\rRDSP2408.parquet: 0.00B [00:00, ?B/s]\u001b[A\u001b[A","logger":"task.stderr"}
{"timestamp":"2026-08-29T01:54:55.415543Z","level":"error","event":"","logger":"task.stderr"}
{"timestamp":"2026-08-29T01:54:55.416132Z","level":"error","event":"","logger":"task.stderr"}
{"timestamp":"2026-08-29T01:54:56.865514Z","level":"error","event":"\rRJSP2408.parquet: 0.00B [00:00, ?B/s]\u001b[A\u001b[A\u001b[A","logger":"task.stderr"}
{"timestamp":"2026-08-29T01:54:56.866449Z","level":"error","event":"\rERSP2408.parquet:   0%|          | 0.00/255k [00:00<?, ?B/s]\u001b[A","logger":"task.stderr"}
{"timestamp":"2026-08-29T01:54:31.127472Z","level":"error","event":"\rERSP2408.parquet:  26%|██▌       | 65.5k/255k [00:00<00:00, 415MB/s]\u001b[A","logger":"task.stderr"}
{"timestamp":"2026-08-29T01:54:31.128272Z","level":"error","event":"","logger":"task.stderr"}
{"timestamp":"2026-08-29T01:54:31.128771Z","level":"error","event":"","logger":"task.stderr"}
{"timestamp":"2026-08-29T01:54:31.129367Z","level":"error","event":"\rRJSP2408.parquet:   0%|          | 0.00/595k [00:00<?, ?B/s]\u001b[A\u001b[A\u001b[A","logger":"task.stderr"}
{"timestamp":"2026-08-29T01:54:31.129852Z","level":"error","event":"","logger":"task.stderr"}
{"timestamp":"2026-08-29T01:54:31.130357Z","level":"error","event":"","logger":"task.stderr"}
{"timestamp":"2026-08-29T01:54:31.243794Z","level":"error","event":"\rRJSP2408.parquet:  11%|█         | 65.5k/595k [00:00<00:00, 464MB/s]\u001b[A\u001b[A\u001b[A","logger":"task.stderr"}
{"timestamp":"2026-08-29T01:54:57.650213Z","level":"error","event":"\rERSP2408.parquet:  51%|█████▏    | 131k/255k [-00:25<-00:24, -5.12kB/s]\u001b[A","logger":"task.stderr"}
{"timestamp":"2026-08-29T01:54:57.650895Z","level":"error","event":"","logger":"task.stderr"}
{"timestamp":"2026-08-29T01:54:57.651572Z","level":"error","event":"\rRDSP2408.parquet:   0%|          | 0.00/14.3M [00:00<?, ?B/s]\u001b[A\u001b[A","logger":"task.stderr"}
{"timestamp":"2026-08-29T01:54:57.652046Z","level":"error","event":"","logger":"task.stderr"}
{"timestamp":"2026-08-29T01:54:57.655870Z","level":"error","event":"\rRDSP2408.parquet:   0%|          | 65.5k/14.3M [00:00<00:00, 488MB/s]\u001b[A\u001b[A","logger":"task.stderr"}
{"timestamp":"2026-08-29T01:54:57.656473Z","level":"error","event":"","logger":"task.stderr"}
{"timestamp":"2026-08-29T01:54:57.656919Z","level":"error","event":"","logger":"task.stderr"}
{"timestamp":"2026-08-29T01:54:57.695700Z","level":"error","event":"\rRJSP2408.parquet:  22%|██▏       | 131k/595k [00:26<01:33, 4.94kB/s]\u001b[A\u001b[A\u001b[A","logger":"task.stderr"}
{"timestamp":"2026-08-29T01:54:57.757018Z","level":"error","event":"\rERSP2408.parquet:  77%|███████▋  | 197k/255k [00:00<00:00, 237kB/s]    \u001b[A","logger":"task.stderr"}
{"timestamp":"2026-08-29T01:54:57.757718Z","level":"error","event":"","logger":"task.stderr"}
{"timestamp":"2026-08-29T01:54:57.758269Z","level":"error","event":"","logger":"task.stderr"}
{"timestamp":"2026-08-29T01:54:57.773531Z","level":"error","event":"\rRJSP2408.parquet:  33%|███▎      | 197k/595k [00:26<00:53, 7.38kB/s]\u001b[A\u001b[A\u001b[A","logger":"task.stderr"}
{"timestamp":"2026-08-29T01:54:57.800776Z","level":"error","event":"\rERSP2408.parquet: 100%|██████████| 255k/255k [00:00<00:00, 281kB/s]\u001b[A\rERSP2408.parquet: 100%|██████████| 255k/255k [00:00<00:00, 273kB/s]","logger":"task.stderr"}
{"timestamp":"2026-08-29T01:54:57.831252Z","level":"error","event":"\rDownloading sih:  33%|███▎      | 1/3 [00:02<00:05,  2.51s/file]","logger":"task.stderr"}
{"timestamp":"2026-08-29T01:54:57.832046Z","level":"error","event":"","logger":"task.stderr"}
{"timestamp":"2026-08-29T01:54:57.859088Z","level":"error","event":"\rRDSP2408.parquet:   1%|          | 131k/14.3M [00:00<00:19, 724kB/s] \u001b[A\u001b[A","logger":"task.stderr"}
{"timestamp":"2026-08-29T01:54:57.859919Z","level":"error","event":"","logger":"task.stderr"}
{"timestamp":"2026-08-29T01:54:57.860468Z","level":"error","event":"","logger":"task.stderr"}
{"timestamp":"2026-08-29T01:54:57.931155Z","level":"error","event":"\rRJSP2408.parquet:  44%|████▍     | 262k/595k [00:26<00:33, 9.81kB/s]\u001b[A\u001b[A\u001b[A","logger":"task.stderr"}
{"timestamp":"2026-08-29T01:54:57.932066Z","level":"error","event":"","logger":"task.stderr"}
{"timestamp":"2026-08-29T01:54:57.972213Z","level":"error","event":"\rRDSP2408.parquet:   1%|▏         | 197k/14.3M [00:00<00:20, 700kB/s]\u001b[A\u001b[A","logger":"task.stderr"}
{"timestamp":"2026-08-29T01:54:57.972966Z","level":"error","event":"","logger":"task.stderr"}
{"timestamp":"2026-08-29T01:54:57.973537Z","level":"error","event":"","logger":"task.stderr"}
{"timestamp":"2026-08-29T01:54:58.014100Z","level":"error","event":"\rRJSP2408.parquet:  55%|█████▌    | 328k/595k [00:26<00:21, 12.2kB/s]\u001b[A\u001b[A\u001b[A","logger":"task.stderr"}
{"timestamp":"2026-08-29T01:54:58.014912Z","level":"error","event":"","logger":"task.stderr"}
{"timestamp":"2026-08-29T01:54:58.015523Z","level":"error","event":"","logger":"task.stderr"}
{"timestamp":"2026-08-29T01:54:58.025418Z","level":"error","event":"\rRJSP2408.parquet:  66%|██████▌   | 393k/595k [00:26<00:13, 14.6kB/s]\u001b[A\u001b[A\u001b[A","logger":"task.stderr"}
{"timestamp":"2026-08-29T01:54:58.026169Z","level":"error","event":"","logger":"task.stderr"}
{"timestamp":"2026-08-29T01:54:58.051206Z","level":"error","event":"\rRDSP2408.parquet:   2%|▏         | 262k/14.3M [00:00<00:20, 699kB/s]\u001b[A\u001b[A","logger":"task.stderr"}
{"timestamp":"2026-08-29T01:54:58.051994Z","level":"error","event":"","logger":"task.stderr"}
{"timestamp":"2026-08-29T01:54:58.052573Z","level":"error","event":"","logger":"task.stderr"}
{"timestamp":"2026-08-29T01:54:58.099293Z","level":"error","event":"\rRJSP2408.parquet:  77%|███████▋  | 459k/595k [00:26<00:07, 17.0kB/s]\u001b[A\u001b[A\u001b[A","logger":"task.stderr"}
{"timestamp":"2026-08-29T01:54:58.100077Z","level":"error","event":"","logger":"task.stderr"}
{"timestamp":"2026-08-29T01:54:58.101242Z","level":"error","event":"","logger":"task.stderr"}
{"timestamp":"2026-08-29T01:54:58.102144Z","level":"error","event":"\rRJSP2408.parquet:  88%|████████▊ | 524k/595k [00:26<00:03, 19.4kB/s]\u001b[A\u001b[A\u001b[A","logger":"task.stderr"}
{"timestamp":"2026-08-29T01:54:58.102660Z","level":"error","event":"","logger":"task.stderr"}
{"timestamp":"2026-08-29T01:54:58.150304Z","level":"error","event":"\rRDSP2408.parquet:   2%|▏         | 328k/14.3M [00:00<00:19, 725kB/s]\u001b[A\u001b[A","logger":"task.stderr"}
{"timestamp":"2026-08-29T01:54:58.151095Z","level":"error","event":"","logger":"task.stderr"}
{"timestamp":"2026-08-29T01:54:58.176432Z","level":"error","event":"\rRDSP2408.parquet:   3%|▎         | 393k/14.3M [00:00<00:17, 786kB/s]\u001b[A\u001b[A","logger":"task.stderr"}
{"timestamp":"2026-08-29T01:54:58.177221Z","level":"error","event":"","logger":"task.stderr"}
{"timestamp":"2026-08-29T01:54:58.177776Z","level":"error","event":"","logger":"task.stderr"}
{"timestamp":"2026-08-29T01:54:58.178399Z","level":"error","event":"\rRJSP2408.parquet:  99%|█████████▉| 590k/595k [00:27<00:00, 21.8kB/s]\u001b[A\u001b[A\u001b[A","logger":"task.stderr"}
{"timestamp":"2026-08-29T01:54:58.178982Z","level":"error","event":"","logger":"task.stderr"}
{"timestamp":"2026-08-29T01:54:58.179607Z","level":"error","event":"","logger":"task.stderr"}
{"timestamp":"2026-08-29T01:54:58.206051Z","level":"error","event":"\rRJSP2408.parquet: 100%|██████████| 595k/595k [00:27<00:00, 22.0kB/s]\u001b[A\u001b[A\u001b[A\rRJSP2408.parquet: 100%|██████████| 595k/595k [00:27<00:00, 22.0kB/s]","logger":"task.stderr"}
{"timestamp":"2026-08-29T01:54:58.208023Z","level":"error","event":"","logger":"task.stderr"}
{"timestamp":"2026-08-29T01:54:58.208784Z","level":"error","event":"","logger":"task.stderr"}
{"timestamp":"2026-08-29T01:54:58.243733Z","level":"error","event":"\rRDSP2408.parquet:   3%|▎         | 459k/14.3M [00:00<00:16, 822kB/s]\u001b[A\u001b[A\rDownloading sih:  67%|██████▋   | 2/3 [00:02<00:01,  1.27s/file]","logger":"task.stderr"}
{"timestamp":"2026-08-29T01:54:58.244473Z","level":"error","event":"","logger":"task.stderr"}
{"timestamp":"2026-08-29T01:54:58.275536Z","level":"error","event":"\rRDSP2408.parquet:   4%|▎         | 524k/14.3M [00:00<00:15, 883kB/s]\u001b[A\u001b[A","logger":"task.stderr"}
{"timestamp":"2026-08-29T01:54:58.276343Z","level":"error","event":"","logger":"task.stderr"}
{"timestamp":"2026-08-29T01:54:58.304820Z","level":"error","event":"\rRDSP2408.parquet:   4%|▍         | 590k/14.3M [00:00<00:14, 943kB/s]\u001b[A\u001b[A","logger":"task.stderr"}
{"timestamp":"2026-08-29T01:54:58.305653Z","level":"error","event":"","logger":"task.stderr"}
{"timestamp":"2026-08-29T01:54:58.331776Z","level":"error","event":"\rRDSP2408.parquet:   5%|▍         | 655k/14.3M [00:00<00:13, 1.00MB/s]\u001b[A\u001b[A","logger":"task.stderr"}
{"timestamp":"2026-08-29T01:54:58.332678Z","level":"error","event":"","logger":"task.stderr"}
{"timestamp":"2026-08-29T01:54:58.362481Z","level":"error","event":"\rRDSP2408.parquet:   5%|▌         | 721k/14.3M [00:00<00:12, 1.06MB/s]\u001b[A\u001b[A","logger":"task.stderr"}
{"timestamp":"2026-08-29T01:54:58.363343Z","level":"error","event":"","logger":"task.stderr"}
{"timestamp":"2026-08-29T01:54:58.384713Z","level":"error","event":"\rRDSP2408.parquet:   6%|▌         | 786k/14.3M [00:00<00:12, 1.10MB/s]\u001b[A\u001b[A","logger":"task.stderr"}
{"timestamp":"2026-08-29T01:54:58.385541Z","level":"error","event":"","logger":"task.stderr"}
{"timestamp":"2026-08-29T01:54:58.405232Z","level":"error","event":"\rRDSP2408.parquet:   6%|▌         | 852k/14.3M [00:00<00:11, 1.16MB/s]\u001b[A\u001b[A","logger":"task.stderr"}
{"timestamp":"2026-08-29T01:54:58.406031Z","level":"error","event":"","logger":"task.stderr"}
{"timestamp":"2026-08-29T01:54:58.424312Z","level":"error","event":"\rRDSP2408.parquet:   6%|▋         | 918k/14.3M [00:00<00:10, 1.22MB/s]\u001b[A\u001b[A","logger":"task.stderr"}
{"timestamp":"2026-08-29T01:54:58.425090Z","level":"error","event":"","logger":"task.stderr"}
{"timestamp":"2026-08-29T01:54:58.451533Z","level":"error","event":"\rRDSP2408.parquet:   7%|▋         | 983k/14.3M [00:00<00:10, 1.27MB/s]\u001b[A\u001b[A","logger":"task.stderr"}
{"timestamp":"2026-08-29T01:54:58.452496Z","level":"error","event":"","logger":"task.stderr"}
{"timestamp":"2026-08-29T01:54:58.467661Z","level":"error","event":"\rRDSP2408.parquet:   7%|▋         | 1.05M/14.3M [00:00<00:10, 1.31MB/s]\u001b[A\u001b[A","logger":"task.stderr"}
{"timestamp":"2026-08-29T01:54:58.468496Z","level":"error","event":"","logger":"task.stderr"}
{"timestamp":"2026-08-29T01:54:58.482779Z","level":"error","event":"\rRDSP2408.parquet:   8%|▊         | 1.11M/14.3M [00:00<00:09, 1.36MB/s]\u001b[A\u001b[A","logger":"task.stderr"}
{"timestamp":"2026-08-29T01:54:58.483617Z","level":"error","event":"","logger":"task.stderr"}
{"timestamp":"2026-08-29T01:54:58.497927Z","level":"error","event":"\rRDSP2408.parquet:   8%|▊         | 1.18M/14.3M [00:00<00:09, 1.42MB/s]\u001b[A\u001b[A","logger":"task.stderr"}
{"timestamp":"2026-08-29T01:54:58.499023Z","level":"error","event":"","logger":"task.stderr"}
{"timestamp":"2026-08-29T01:54:58.516801Z","level":"error","event":"\rRDSP2408.parquet:   9%|▊         | 1.25M/14.3M [00:00<00:08, 1.47MB/s]\u001b[A\u001b[A","logger":"task.stderr"}
{"timestamp":"2026-08-29T01:54:58.517973Z","level":"error","event":"","logger":"task.stderr"}
{"timestamp":"2026-08-29T01:54:58.529056Z","level":"error","event":"\rRDSP2408.parquet:   9%|▉         | 1.31M/14.3M [00:00<00:08, 1.51MB/s]\u001b[A\u001b[A","logger":"task.stderr"}
{"timestamp":"2026-08-29T01:54:58.529810Z","level":"error","event":"","logger":"task.stderr"}
{"timestamp":"2026-08-29T01:54:58.542553Z","level":"error","event":"\rRDSP2408.parquet:  10%|▉         | 1.38M/14.3M [00:00<00:08, 1.57MB/s]\u001b[A\u001b[A","logger":"task.stderr"}
{"timestamp":"2026-08-29T01:54:58.543303Z","level":"error","event":"","logger":"task.stderr"}
{"timestamp":"2026-08-29T01:54:58.557614Z","level":"error","event":"\rRDSP2408.parquet:  10%|█         | 1.44M/14.3M [00:00<00:07, 1.62MB/s]\u001b[A\u001b[A","logger":"task.stderr"}
{"timestamp":"2026-08-29T01:54:58.558368Z","level":"error","event":"","logger":"task.stderr"}
{"timestamp":"2026-08-29T01:54:58.568235Z","level":"error","event":"\rRDSP2408.parquet:  11%|█         | 1.51M/14.3M [00:00<00:07, 1.66MB/s]\u001b[A\u001b[A","logger":"task.stderr"}
{"timestamp":"2026-08-29T01:54:58.568972Z","level":"error","event":"","logger":"task.stderr"}
{"timestamp":"2026-08-29T01:54:58.581227Z","level":"error","event":"\rRDSP2408.parquet:  11%|█         | 1.57M/14.3M [00:00<00:07, 1.71MB/s]\u001b[A\u001b[A","logger":"task.stderr"}
{"timestamp":"2026-08-29T01:54:58.581989Z","level":"error","event":"","logger":"task.stderr"}
{"timestamp":"2026-08-29T01:54:58.592243Z","level":"error","event":"\rRDSP2408.parquet:  11%|█▏        | 1.64M/14.3M [00:00<00:07, 1.76MB/s]\u001b[A\u001b[A","logger":"task.stderr"}
{"timestamp":"2026-08-29T01:54:58.593122Z","level":"error","event":"","logger":"task.stderr"}
{"timestamp":"2026-08-29T01:54:58.605052Z","level":"error","event":"\rRDSP2408.parquet:  12%|█▏        | 1.70M/14.3M [00:00<00:06, 1.81MB/s]\u001b[A\u001b[A","logger":"task.stderr"}
{"timestamp":"2026-08-29T01:54:58.605843Z","level":"error","event":"","logger":"task.stderr"}
{"timestamp":"2026-08-29T01:54:58.614229Z","level":"error","event":"\rRDSP2408.parquet:  12%|█▏        | 1.77M/14.3M [00:00<00:06, 1.85MB/s]\u001b[A\u001b[A","logger":"task.stderr"}
{"timestamp":"2026-08-29T01:54:58.614968Z","level":"error","event":"","logger":"task.stderr"}
{"timestamp":"2026-08-29T01:54:58.624855Z","level":"error","event":"\rRDSP2408.parquet:  13%|█▎        | 1.84M/14.3M [00:00<00:06, 1.90MB/s]\u001b[A\u001b[A","logger":"task.stderr"}
{"timestamp":"2026-08-29T01:54:58.625596Z","level":"error","event":"","logger":"task.stderr"}
{"timestamp":"2026-08-29T01:54:58.636768Z","level":"error","event":"\rRDSP2408.parquet:  13%|█▎        | 1.90M/14.3M [00:00<00:06, 1.95MB/s]\u001b[A\u001b[A","logger":"task.stderr"}
{"timestamp":"2026-08-29T01:54:58.637601Z","level":"error","event":"","logger":"task.stderr"}
{"timestamp":"2026-08-29T01:54:58.646134Z","level":"error","event":"\rRDSP2408.parquet:  14%|█▍        | 1.97M/14.3M [00:00<00:06, 1.99MB/s]\u001b[A\u001b[A","logger":"task.stderr"}
{"timestamp":"2026-08-29T01:54:58.646883Z","level":"error","event":"","logger":"task.stderr"}
{"timestamp":"2026-08-29T01:54:58.659475Z","level":"error","event":"\rRDSP2408.parquet:  14%|█▍        | 2.03M/14.3M [00:00<00:05, 2.04MB/s]\u001b[A\u001b[A","logger":"task.stderr"}
{"timestamp":"2026-08-29T01:54:58.660287Z","level":"error","event":"","logger":"task.stderr"}
{"timestamp":"2026-08-29T01:54:58.667663Z","level":"error","event":"\rRDSP2408.parquet:  15%|█▍        | 2.10M/14.3M [00:01<00:05, 2.08MB/s]\u001b[A\u001b[A","logger":"task.stderr"}
{"timestamp":"2026-08-29T01:54:58.668497Z","level":"error","event":"","logger":"task.stderr"}
{"timestamp":"2026-08-29T01:54:58.678049Z","level":"error","event":"\rRDSP2408.parquet:  15%|█▌        | 2.16M/14.3M [00:01<00:05, 2.13MB/s]\u001b[A\u001b[A","logger":"task.stderr"}
{"timestamp":"2026-08-29T01:54:58.678884Z","level":"error","event":"","logger":"task.stderr"}
{"timestamp":"2026-08-29T01:54:58.686164Z","level":"error","event":"\rRDSP2408.parquet:  16%|█▌        | 2.23M/14.3M [00:01<00:05, 2.17MB/s]\u001b[A\u001b[A","logger":"task.stderr"}
{"timestamp":"2026-08-29T01:54:58.687101Z","level":"error","event":"","logger":"task.stderr"}
{"timestamp":"2026-08-29T01:54:58.694493Z","level":"error","event":"\rRDSP2408.parquet:  16%|█▌        | 2.29M/14.3M [00:01<00:05, 2.21MB/s]\u001b[A\u001b[A","logger":"task.stderr"}
{"timestamp":"2026-08-29T01:54:58.695549Z","level":"error","event":"","logger":"task.stderr"}
{"timestamp":"2026-08-29T01:54:58.701311Z","level":"error","event":"\rRDSP2408.parquet:  17%|█▋        | 2.36M/14.3M [00:01<00:05, 2.26MB/s]\u001b[A\u001b[A","logger":"task.stderr"}
{"timestamp":"2026-08-29T01:54:58.702205Z","level":"error","event":"","logger":"task.stderr"}
{"timestamp":"2026-08-29T01:54:58.710762Z","level":"error","event":"\rRDSP2408.parquet:  17%|█▋        | 2.42M/14.3M [00:01<00:05, 2.31MB/s]\u001b[A\u001b[A","logger":"task.stderr"}
{"timestamp":"2026-08-29T01:54:58.711790Z","level":"error","event":"","logger":"task.stderr"}
{"timestamp":"2026-08-29T01:54:58.718274Z","level":"error","event":"\rRDSP2408.parquet:  17%|█▋        | 2.49M/14.3M [00:01<00:05, 2.35MB/s]\u001b[A\u001b[A","logger":"task.stderr"}
{"timestamp":"2026-08-29T01:54:58.719032Z","level":"error","event":"","logger":"task.stderr"}
{"timestamp":"2026-08-29T01:54:58.725505Z","level":"error","event":"\rRDSP2408.parquet:  18%|█▊        | 2.56M/14.3M [00:01<00:04, 2.39MB/s]\u001b[A\u001b[A","logger":"task.stderr"}
{"timestamp":"2026-08-29T01:54:58.726307Z","level":"error","event":"","logger":"task.stderr"}
{"timestamp":"2026-08-29T01:54:58.732830Z","level":"error","event":"\rRDSP2408.parquet:  18%|█▊        | 2.62M/14.3M [00:01<00:04, 2.44MB/s]\u001b[A\u001b[A","logger":"task.stderr"}
{"timestamp":"2026-08-29T01:54:58.733583Z","level":"error","event":"","logger":"task.stderr"}
{"timestamp":"2026-08-29T01:54:58.739897Z","level":"error","event":"\rRDSP2408.parquet:  19%|█▉        | 2.69M/14.3M [00:01<00:04, 2.48MB/s]\u001b[A\u001b[A","logger":"task.stderr"}
{"timestamp":"2026-08-29T01:54:58.740683Z","level":"error","event":"","logger":"task.stderr"}
{"timestamp":"2026-08-29T01:54:58.746409Z","level":"error","event":"\rRDSP2408.parquet:  19%|█▉        | 2.75M/14.3M [00:01<00:04, 2.53MB/s]\u001b[A\u001b[A","logger":"task.stderr"}
{"timestamp":"2026-08-29T01:54:58.747169Z","level":"error","event":"","logger":"task.stderr"}
{"timestamp":"2026-08-29T01:54:58.754954Z","level":"error","event":"\rRDSP2408.parquet:  20%|█▉        | 2.82M/14.3M [00:01<00:04, 2.57MB/s]\u001b[A\u001b[A","logger":"task.stderr"}
{"timestamp":"2026-08-29T01:54:58.755710Z","level":"error","event":"","logger":"task.stderr"}
{"timestamp":"2026-08-29T01:54:58.759870Z","level":"error","event":"\rRDSP2408.parquet:  20%|██        | 2.88M/14.3M [00:01<00:04, 2.62MB/s]\u001b[A\u001b[A","logger":"task.stderr"}
{"timestamp":"2026-08-29T01:54:58.760636Z","level":"error","event":"","logger":"task.stderr"}
{"timestamp":"2026-08-29T01:54:58.996863Z","level":"error","event":"\rRDSP2408.parquet:  21%|██        | 2.95M/14.3M [00:01<00:04, 2.66MB/s]\u001b[A\u001b[A","logger":"task.stderr"}
{"timestamp":"2026-08-29T01:54:58.997621Z","level":"error","event":"","logger":"task.stderr"}
{"timestamp":"2026-08-29T01:54:59.005155Z","level":"error","event":"\rRDSP2408.parquet:  21%|██        | 3.01M/14.3M [00:01<00:05, 2.24MB/s]\u001b[A\u001b[A","logger":"task.stderr"}
{"timestamp":"2026-08-29T01:54:59.006169Z","level":"error","event":"","logger":"task.stderr"}
{"timestamp":"2026-08-29T01:54:59.008453Z","level":"error","event":"\rRDSP2408.parquet:  22%|██▏       | 3.08M/14.3M [00:01<00:04, 2.27MB/s]\u001b[A\u001b[A","logger":"task.stderr"}
{"timestamp":"2026-08-29T01:54:59.009062Z","level":"error","event":"","logger":"task.stderr"}
{"timestamp":"2026-08-29T01:54:59.012702Z","level":"error","event":"\rRDSP2408.parquet:  22%|██▏       | 3.15M/14.3M [00:01<00:04, 2.32MB/s]\u001b[A\u001b[A","logger":"task.stderr"}
{"timestamp":"2026-08-29T01:54:59.013670Z","level":"error","event":"","logger":"task.stderr"}
{"timestamp":"2026-08-29T01:54:59.015142Z","level":"error","event":"\rRDSP2408.parquet:  23%|██▎       | 3.21M/14.3M [00:01<00:04, 2.36MB/s]\u001b[A\u001b[A","logger":"task.stderr"}
{"timestamp":"2026-08-29T01:54:59.015742Z","level":"error","event":"","logger":"task.stderr"}
{"timestamp":"2026-08-29T01:54:59.017009Z","level":"error","event":"\rRDSP2408.parquet:  23%|██▎       | 3.28M/14.3M [00:01<00:04, 2.40MB/s]\u001b[A\u001b[A","logger":"task.stderr"}
{"timestamp":"2026-08-29T01:54:59.017635Z","level":"error","event":"","logger":"task.stderr"}
{"timestamp":"2026-08-29T01:54:59.019461Z","level":"error","event":"\rRDSP2408.parquet:  23%|██▎       | 3.34M/14.3M [00:01<00:04, 2.45MB/s]\u001b[A\u001b[A","logger":"task.stderr"}
{"timestamp":"2026-08-29T01:54:59.020206Z","level":"error","event":"","logger":"task.stderr"}
{"timestamp":"2026-08-29T01:54:59.021548Z","level":"error","event":"\rRDSP2408.parquet:  24%|██▍       | 3.41M/14.3M [00:01<00:04, 2.49MB/s]\u001b[A\u001b[A","logger":"task.stderr"}
{"timestamp":"2026-08-29T01:54:59.022195Z","level":"error","event":"","logger":"task.stderr"}
{"timestamp":"2026-08-29T01:54:59.023977Z","level":"error","event":"\rRDSP2408.parquet:  24%|██▍       | 3.47M/14.3M [00:01<00:04, 2.53MB/s]\u001b[A\u001b[A","logger":"task.stderr"}
{"timestamp":"2026-08-29T01:54:59.024894Z","level":"error","event":"","logger":"task.stderr"}
{"timestamp":"2026-08-29T01:54:59.032159Z","level":"error","event":"\rRDSP2408.parquet:  25%|██▍       | 3.54M/14.3M [00:01<00:04, 2.58MB/s]\u001b[A\u001b[A","logger":"task.stderr"}
{"timestamp":"2026-08-29T01:54:59.033181Z","level":"error","event":"","logger":"task.stderr"}
{"timestamp":"2026-08-29T01:54:59.034235Z","level":"error","event":"\rRDSP2408.parquet:  25%|██▌       | 3.60M/14.3M [00:01<00:04, 2.61MB/s]\u001b[A\u001b[A","logger":"task.stderr"}
{"timestamp":"2026-08-29T01:54:59.034836Z","level":"error","event":"","logger":"task.stderr"}
{"timestamp":"2026-08-29T01:54:59.036247Z","level":"error","event":"\rRDSP2408.parquet:  26%|██▌       | 3.67M/14.3M [00:01<00:03, 2.65MB/s]\u001b[A\u001b[A","logger":"task.stderr"}
{"timestamp":"2026-08-29T01:54:59.036880Z","level":"error","event":"","logger":"task.stderr"}
{"timestamp":"2026-08-29T01:54:59.039204Z","level":"error","event":"\rRDSP2408.parquet:  26%|██▌       | 3.74M/14.3M [00:01<00:03, 2.69MB/s]\u001b[A\u001b[A","logger":"task.stderr"}
{"timestamp":"2026-08-29T01:54:59.040057Z","level":"error","event":"","logger":"task.stderr"}
{"timestamp":"2026-08-29T01:54:59.045576Z","level":"error","event":"\rRDSP2408.parquet:  27%|██▋       | 3.80M/14.3M [00:01<00:03, 2.74MB/s]\u001b[A\u001b[A","logger":"task.stderr"}
{"timestamp":"2026-08-29T01:54:59.046524Z","level":"error","event":"","logger":"task.stderr"}
{"timestamp":"2026-08-29T01:54:59.051877Z","level":"error","event":"\rRDSP2408.parquet:  27%|██▋       | 3.87M/14.3M [00:01<00:03, 2.77MB/s]\u001b[A\u001b[A","logger":"task.stderr"}
{"timestamp":"2026-08-29T01:54:59.052940Z","level":"error","event":"","logger":"task.stderr"}
{"timestamp":"2026-08-29T01:54:59.057011Z","level":"error","event":"\rRDSP2408.parquet:  28%|██▊       | 3.93M/14.3M [00:01<00:03, 2.81MB/s]\u001b[A\u001b[A","logger":"task.stderr"}
{"timestamp":"2026-08-29T01:54:59.057828Z","level":"error","event":"","logger":"task.stderr"}
{"timestamp":"2026-08-29T01:54:59.060405Z","level":"error","event":"\rRDSP2408.parquet:  28%|██▊       | 4.00M/14.3M [00:01<00:03, 2.84MB/s]\u001b[A\u001b[A","logger":"task.stderr"}
{"timestamp":"2026-08-29T01:54:59.061102Z","level":"error","event":"","logger":"task.stderr"}
{"timestamp":"2026-08-29T01:54:59.062992Z","level":"error","event":"\rRDSP2408.parquet:  29%|██▊       | 4.06M/14.3M [00:01<00:03, 2.88MB/s]\u001b[A\u001b[A","logger":"task.stderr"}
{"timestamp":"2026-08-29T01:54:59.064199Z","level":"error","event":"","logger":"task.stderr"}
{"timestamp":"2026-08-29T01:54:59.065675Z","level":"error","event":"\rRDSP2408.parquet:  29%|██▉       | 4.13M/14.3M [00:01<00:03, 2.92MB/s]\u001b[A\u001b[A","logger":"task.stderr"}
{"timestamp":"2026-08-29T01:54:59.066304Z","level":"error","event":"","logger":"task.stderr"}
{"timestamp":"2026-08-29T01:54:59.067780Z","level":"error","event":"\rRDSP2408.parquet:  29%|██▉       | 4.19M/14.3M [00:01<00:03, 2.96MB/s]\u001b[A\u001b[A","logger":"task.stderr"}
{"timestamp":"2026-08-29T01:54:59.068366Z","level":"error","event":"","logger":"task.stderr"}
{"timestamp":"2026-08-29T01:54:59.070325Z","level":"error","event":"\rRDSP2408.parquet:  30%|██▉       | 4.26M/14.3M [00:01<00:03, 3.00MB/s]\u001b[A\u001b[A","logger":"task.stderr"}
{"timestamp":"2026-08-29T01:54:59.072093Z","level":"error","event":"","logger":"task.stderr"}
{"timestamp":"2026-08-29T01:54:59.072846Z","level":"error","event":"\rRDSP2408.parquet:  30%|███       | 4.33M/14.3M [00:01<00:03, 3.05MB/s]\u001b[A\u001b[A","logger":"task.stderr"}
{"timestamp":"2026-08-29T01:54:59.073476Z","level":"error","event":"","logger":"task.stderr"}
{"timestamp":"2026-08-29T01:54:59.074621Z","level":"error","event":"\rRDSP2408.parquet:  31%|███       | 4.39M/14.3M [00:01<00:03, 3.09MB/s]\u001b[A\u001b[A","logger":"task.stderr"}
{"timestamp":"2026-08-29T01:54:59.075235Z","level":"error","event":"","logger":"task.stderr"}
{"timestamp":"2026-08-29T01:54:59.076415Z","level":"error","event":"\rRDSP2408.parquet:  31%|███▏      | 4.46M/14.3M [00:01<00:03, 3.13MB/s]\u001b[A\u001b[A","logger":"task.stderr"}
{"timestamp":"2026-08-29T01:54:59.077110Z","level":"error","event":"","logger":"task.stderr"}
{"timestamp":"2026-08-29T01:54:59.079098Z","level":"error","event":"\rRDSP2408.parquet:  32%|███▏      | 4.52M/14.3M [00:01<00:03, 3.17MB/s]\u001b[A\u001b[A","logger":"task.stderr"}
{"timestamp":"2026-08-29T01:54:59.079833Z","level":"error","event":"","logger":"task.stderr"}
{"timestamp":"2026-08-29T01:54:59.084067Z","level":"error","event":"\rRDSP2408.parquet:  32%|███▏      | 4.59M/14.3M [00:01<00:03, 3.21MB/s]\u001b[A\u001b[A","logger":"task.stderr"}
{"timestamp":"2026-08-29T01:54:59.085000Z","level":"error","event":"","logger":"task.stderr"}
{"timestamp":"2026-08-29T01:54:59.086664Z","level":"error","event":"\rRDSP2408.parquet:  33%|███▎      | 4.65M/14.3M [00:01<00:02, 3.25MB/s]\u001b[A\u001b[A","logger":"task.stderr"}
{"timestamp":"2026-08-29T01:54:59.088070Z","level":"error","event":"","logger":"task.stderr"}
{"timestamp":"2026-08-29T01:54:59.091562Z","level":"error","event":"\rRDSP2408.parquet:  33%|███▎      | 4.72M/14.3M [00:01<00:02, 3.28MB/s]\u001b[A\u001b[A","logger":"task.stderr"}
{"timestamp":"2026-08-29T01:54:59.092366Z","level":"error","event":"","logger":"task.stderr"}
{"timestamp":"2026-08-29T01:54:59.093478Z","level":"error","event":"\rRDSP2408.parquet:  34%|███▎      | 4.78M/14.3M [00:01<00:02, 3.32MB/s]\u001b[A\u001b[A","logger":"task.stderr"}
{"timestamp":"2026-08-29T01:54:59.094272Z","level":"error","event":"","logger":"task.stderr"}
{"timestamp":"2026-08-29T01:54:59.095502Z","level":"error","event":"\rRDSP2408.parquet:  34%|███▍      | 4.85M/14.3M [00:01<00:02, 3.36MB/s]\u001b[A\u001b[A","logger":"task.stderr"}
{"timestamp":"2026-08-29T01:54:59.096357Z","level":"error","event":"","logger":"task.stderr"}
{"timestamp":"2026-08-29T01:54:59.097169Z","level":"error","event":"\rRDSP2408.parquet:  34%|███▍      | 4.92M/14.3M [00:01<00:02, 3.40MB/s]\u001b[A\u001b[A","logger":"task.stderr"}
{"timestamp":"2026-08-29T01:54:59.097805Z","level":"error","event":"","logger":"task.stderr"}
{"timestamp":"2026-08-29T01:54:59.099575Z","level":"error","event":"\rRDSP2408.parquet:  35%|███▍      | 4.98M/14.3M [00:01<00:02, 3.44MB/s]\u001b[A\u001b[A","logger":"task.stderr"}
{"timestamp":"2026-08-29T01:54:59.100514Z","level":"error","event":"","logger":"task.stderr"}
{"timestamp":"2026-08-29T01:54:59.101351Z","level":"error","event":"\rRDSP2408.parquet:  35%|███▌      | 5.05M/14.3M [00:01<00:02, 3.48MB/s]\u001b[A\u001b[A","logger":"task.stderr"}
{"timestamp":"2026-08-29T01:54:59.102127Z","level":"error","event":"","logger":"task.stderr"}
{"timestamp":"2026-08-29T01:54:59.103167Z","level":"error","event":"\rRDSP2408.parquet:  36%|███▌      | 5.11M/14.3M [00:01<00:02, 3.52MB/s]\u001b[A\u001b[A","logger":"task.stderr"}
{"timestamp":"2026-08-29T01:54:59.103853Z","level":"error","event":"","logger":"task.stderr"}
{"timestamp":"2026-08-29T01:54:59.105293Z","level":"error","event":"\rRDSP2408.parquet:  36%|███▋      | 5.18M/14.3M [00:01<00:02, 3.56MB/s]\u001b[A\u001b[A","logger":"task.stderr"}
{"timestamp":"2026-08-29T01:54:59.106021Z","level":"error","event":"","logger":"task.stderr"}
{"timestamp":"2026-08-29T01:54:59.106893Z","level":"error","event":"\rRDSP2408.parquet:  37%|███▋      | 5.24M/14.3M [00:01<00:02, 3.60MB/s]\u001b[A\u001b[A","logger":"task.stderr"}
{"timestamp":"2026-08-29T01:54:59.107932Z","level":"error","event":"","logger":"task.stderr"}
{"timestamp":"2026-08-29T01:54:59.108824Z","level":"error","event":"\rRDSP2408.parquet:  37%|███▋      | 5.31M/14.3M [00:01<00:02, 3.64MB/s]\u001b[A\u001b[A","logger":"task.stderr"}
{"timestamp":"2026-08-29T01:54:59.109481Z","level":"error","event":"","logger":"task.stderr"}
{"timestamp":"2026-08-29T01:54:59.110256Z","level":"error","event":"\rRDSP2408.parquet:  38%|███▊      | 5.37M/14.3M [00:01<00:02, 3.68MB/s]\u001b[A\u001b[A","logger":"task.stderr"}
{"timestamp":"2026-08-29T01:54:59.110955Z","level":"error","event":"","logger":"task.stderr"}
{"timestamp":"2026-08-29T01:54:59.112403Z","level":"error","event":"\rRDSP2408.parquet:  38%|███▊      | 5.44M/14.3M [00:01<00:02, 3.73MB/s]\u001b[A\u001b[A","logger":"task.stderr"}
{"timestamp":"2026-08-29T01:54:59.113048Z","level":"error","event":"","logger":"task.stderr"}
{"timestamp":"2026-08-29T01:54:59.114345Z","level":"error","event":"\rRDSP2408.parquet:  39%|███▊      | 5.51M/14.3M [00:01<00:02, 3.76MB/s]\u001b[A\u001b[A","logger":"task.stderr"}
{"timestamp":"2026-08-29T01:54:59.115108Z","level":"error","event":"","logger":"task.stderr"}
{"timestamp":"2026-08-29T01:54:59.116058Z","level":"error","event":"\rRDSP2408.parquet:  39%|███▉      | 5.57M/14.3M [00:01<00:02, 3.80MB/s]\u001b[A\u001b[A","logger":"task.stderr"}
{"timestamp":"2026-08-29T01:54:59.116946Z","level":"error","event":"","logger":"task.stderr"}
{"timestamp":"2026-08-29T01:54:59.118372Z","level":"error","event":"\rRDSP2408.parquet:  40%|███▉      | 5.64M/14.3M [00:01<00:02, 3.84MB/s]\u001b[A\u001b[A","logger":"task.stderr"}
{"timestamp":"2026-08-29T01:54:59.119151Z","level":"error","event":"","logger":"task.stderr"}
{"timestamp":"2026-08-29T01:54:59.120826Z","level":"error","event":"\rRDSP2408.parquet:  40%|████      | 5.70M/14.3M [00:01<00:02, 3.88MB/s]\u001b[A\u001b[A","logger":"task.stderr"}
{"timestamp":"2026-08-29T01:54:59.121688Z","level":"error","event":"","logger":"task.stderr"}
{"timestamp":"2026-08-29T01:54:59.122994Z","level":"error","event":"\rRDSP2408.parquet:  40%|████      | 5.77M/14.3M [00:01<00:02, 3.92MB/s]\u001b[A\u001b[A","logger":"task.stderr"}
{"timestamp":"2026-08-29T01:54:59.123762Z","level":"error","event":"","logger":"task.stderr"}
{"timestamp":"2026-08-29T01:54:59.127529Z","level":"error","event":"\rRDSP2408.parquet:  41%|████      | 5.83M/14.3M [00:01<00:02, 3.96MB/s]\u001b[A\u001b[A","logger":"task.stderr"}
{"timestamp":"2026-08-29T01:54:59.128375Z","level":"error","event":"","logger":"task.stderr"}
{"timestamp":"2026-08-29T01:54:59.130387Z","level":"error","event":"\rRDSP2408.parquet:  41%|████▏     | 5.90M/14.3M [00:01<00:02, 3.99MB/s]\u001b[A\u001b[A","logger":"task.stderr"}
{"timestamp":"2026-08-29T01:54:59.131106Z","level":"error","event":"","logger":"task.stderr"}
{"timestamp":"2026-08-29T01:54:59.135663Z","level":"error","event":"\rRDSP2408.parquet:  42%|████▏     | 5.96M/14.3M [00:01<00:02, 4.03MB/s]\u001b[A\u001b[A","logger":"task.stderr"}
{"timestamp":"2026-08-29T01:54:59.136579Z","level":"error","event":"","logger":"task.stderr"}
{"timestamp":"2026-08-29T01:54:59.140676Z","level":"error","event":"\rRDSP2408.parquet:  42%|████▏     | 6.03M/14.3M [00:01<00:02, 4.06MB/s]\u001b[A\u001b[A","logger":"task.stderr"}
{"timestamp":"2026-08-29T01:54:59.141583Z","level":"error","event":"","logger":"task.stderr"}
{"timestamp":"2026-08-29T01:54:59.143667Z","level":"error","event":"\rRDSP2408.parquet:  43%|████▎     | 6.09M/14.3M [00:01<00:01, 4.09MB/s]\u001b[A\u001b[A","logger":"task.stderr"}
{"timestamp":"2026-08-29T01:54:59.144383Z","level":"error","event":"","logger":"task.stderr"}
{"timestamp":"2026-08-29T01:54:59.146118Z","level":"error","event":"\rRDSP2408.parquet:  43%|████▎     | 6.16M/14.3M [00:01<00:01, 4.12MB/s]\u001b[A\u001b[A","logger":"task.stderr"}
{"timestamp":"2026-08-29T01:54:59.146888Z","level":"error","event":"","logger":"task.stderr"}
{"timestamp":"2026-08-29T01:54:59.148213Z","level":"error","event":"\rRDSP2408.parquet:  44%|████▎     | 6.23M/14.3M [00:01<00:01, 4.16MB/s]\u001b[A\u001b[A","logger":"task.stderr"}
{"timestamp":"2026-08-29T01:54:59.148893Z","level":"error","event":"","logger":"task.stderr"}
{"timestamp":"2026-08-29T01:54:59.150238Z","level":"error","event":"\rRDSP2408.parquet:  44%|████▍     | 6.29M/14.3M [00:01<00:01, 4.20MB/s]\u001b[A\u001b[A","logger":"task.stderr"}
{"timestamp":"2026-08-29T01:54:59.150967Z","level":"error","event":"","logger":"task.stderr"}
{"timestamp":"2026-08-29T01:54:59.153247Z","level":"error","event":"\rRDSP2408.parquet:  45%|████▍     | 6.36M/14.3M [00:01<00:01, 4.24MB/s]\u001b[A\u001b[A","logger":"task.stderr"}
{"timestamp":"2026-08-29T01:54:59.154204Z","level":"error","event":"","logger":"task.stderr"}
{"timestamp":"2026-08-29T01:54:59.155808Z","level":"error","event":"\rRDSP2408.parquet:  45%|████▌     | 6.42M/14.3M [00:01<00:01, 4.27MB/s]\u001b[A\u001b[A","logger":"task.stderr"}
{"timestamp":"2026-08-29T01:54:59.156527Z","level":"error","event":"","logger":"task.stderr"}
{"timestamp":"2026-08-29T01:54:59.157508Z","level":"error","event":"\rRDSP2408.parquet:  46%|████▌     | 6.49M/14.3M [00:01<00:01, 4.31MB/s]\u001b[A\u001b[A","logger":"task.stderr"}
{"timestamp":"2026-08-29T01:54:59.158274Z","level":"error","event":"","logger":"task.stderr"}
{"timestamp":"2026-08-29T01:54:59.159427Z","level":"error","event":"\rRDSP2408.parquet:  46%|████▌     | 6.55M/14.3M [00:01<00:01, 4.35MB/s]\u001b[A\u001b[A","logger":"task.stderr"}
{"timestamp":"2026-08-29T01:54:59.160171Z","level":"error","event":"","logger":"task.stderr"}
{"timestamp":"2026-08-29T01:54:59.161994Z","level":"error","event":"\rRDSP2408.parquet:  46%|████▋     | 6.62M/14.3M [00:01<00:01, 4.39MB/s]\u001b[A\u001b[A","logger":"task.stderr"}
{"timestamp":"2026-08-29T01:54:59.162681Z","level":"error","event":"","logger":"task.stderr"}
{"timestamp":"2026-08-29T01:54:59.164061Z","level":"error","event":"\rRDSP2408.parquet:  47%|████▋     | 6.68M/14.3M [00:01<00:01, 4.42MB/s]\u001b[A\u001b[A","logger":"task.stderr"}
{"timestamp":"2026-08-29T01:54:59.164713Z","level":"error","event":"","logger":"task.stderr"}
{"timestamp":"2026-08-29T01:54:59.166580Z","level":"error","event":"\rRDSP2408.parquet:  47%|████▋     | 6.75M/14.3M [00:01<00:01, 4.46MB/s]\u001b[A\u001b[A","logger":"task.stderr"}
{"timestamp":"2026-08-29T01:54:59.167342Z","level":"error","event":"","logger":"task.stderr"}
{"timestamp":"2026-08-29T01:54:59.169105Z","level":"error","event":"\rRDSP2408.parquet:  48%|████▊     | 6.82M/14.3M [00:01<00:01, 4.49MB/s]\u001b[A\u001b[A","logger":"task.stderr"}
{"timestamp":"2026-08-29T01:54:59.169807Z","level":"error","event":"","logger":"task.stderr"}
{"timestamp":"2026-08-29T01:54:59.171280Z","level":"error","event":"\rRDSP2408.parquet:  48%|████▊     | 6.88M/14.3M [00:01<00:01, 4.53MB/s]\u001b[A\u001b[A","logger":"task.stderr"}
{"timestamp":"2026-08-29T01:54:59.172095Z","level":"error","event":"","logger":"task.stderr"}
{"timestamp":"2026-08-29T01:54:59.173191Z","level":"error","event":"\rRDSP2408.parquet:  49%|████▊     | 6.95M/14.3M [00:01<00:01, 4.57MB/s]\u001b[A\u001b[A","logger":"task.stderr"}
{"timestamp":"2026-08-29T01:54:59.173915Z","level":"error","event":"","logger":"task.stderr"}
{"timestamp":"2026-08-29T01:54:59.175383Z","level":"error","event":"\rRDSP2408.parquet:  49%|████▉     | 7.01M/14.3M [00:01<00:01, 4.60MB/s]\u001b[A\u001b[A","logger":"task.stderr"}
{"timestamp":"2026-08-29T01:54:59.176217Z","level":"error","event":"","logger":"task.stderr"}
{"timestamp":"2026-08-29T01:54:59.177325Z","level":"error","event":"\rRDSP2408.parquet:  50%|████▉     | 7.08M/14.3M [00:01<00:01, 4.64MB/s]\u001b[A\u001b[A","logger":"task.stderr"}
{"timestamp":"2026-08-29T01:54:59.178055Z","level":"error","event":"","logger":"task.stderr"}
{"timestamp":"2026-08-29T01:54:59.210265Z","level":"error","event":"\rRDSP2408.parquet:  50%|█████     | 7.14M/14.3M [00:01<00:01, 4.68MB/s]\u001b[A\u001b[A","logger":"task.stderr"}
{"timestamp":"2026-08-29T01:54:59.211043Z","level":"error","event":"","logger":"task.stderr"}
{"timestamp":"2026-08-29T01:54:59.217904Z","level":"error","event":"\rRDSP2408.parquet:  51%|█████     | 7.21M/14.3M [00:01<00:01, 4.62MB/s]\u001b[A\u001b[A","logger":"task.stderr"}
{"timestamp":"2026-08-29T01:54:59.218779Z","level":"error","event":"","logger":"task.stderr"}
{"timestamp":"2026-08-29T01:54:59.222032Z","level":"error","event":"\rRDSP2408.parquet:  51%|█████     | 7.27M/14.3M [00:01<00:01, 4.64MB/s]\u001b[A\u001b[A","logger":"task.stderr"}
{"timestamp":"2026-08-29T01:54:59.222819Z","level":"error","event":"","logger":"task.stderr"}
{"timestamp":"2026-08-29T01:54:59.224899Z","level":"error","event":"\rRDSP2408.parquet:  52%|█████▏    | 7.34M/14.3M [00:01<00:01, 4.67MB/s]\u001b[A\u001b[A","logger":"task.stderr"}
{"timestamp":"2026-08-29T01:54:59.225657Z","level":"error","event":"","logger":"task.stderr"}
{"timestamp":"2026-08-29T01:54:59.226937Z","level":"error","event":"\rRDSP2408.parquet:  52%|█████▏    | 7.41M/14.3M [00:01<00:01, 4.70MB/s]\u001b[A\u001b[A","logger":"task.stderr"}
{"timestamp":"2026-08-29T01:54:59.227620Z","level":"error","event":"","logger":"task.stderr"}
{"timestamp":"2026-08-29T01:54:59.228785Z","level":"error","event":"\rRDSP2408.parquet:  52%|█████▏    | 7.47M/14.3M [00:01<00:01, 4.74MB/s]\u001b[A\u001b[A","logger":"task.stderr"}
{"timestamp":"2026-08-29T01:54:59.229501Z","level":"error","event":"","logger":"task.stderr"}
{"timestamp":"2026-08-29T01:54:59.231444Z","level":"error","event":"\rRDSP2408.parquet:  53%|█████▎    | 7.54M/14.3M [00:01<00:01, 4.77MB/s]\u001b[A\u001b[A","logger":"task.stderr"}
{"timestamp":"2026-08-29T01:54:59.232365Z","level":"error","event":"","logger":"task.stderr"}
{"timestamp":"2026-08-29T01:54:59.233175Z","level":"error","event":"\rRDSP2408.parquet:  53%|█████▎    | 7.60M/14.3M [00:01<00:01, 4.81MB/s]\u001b[A\u001b[A","logger":"task.stderr"}
{"timestamp":"2026-08-29T01:54:59.233856Z","level":"error","event":"","logger":"task.stderr"}
{"timestamp":"2026-08-29T01:54:59.235096Z","level":"error","event":"\rRDSP2408.parquet:  54%|█████▍    | 7.67M/14.3M [00:01<00:01, 4.84MB/s]\u001b[A\u001b[A","logger":"task.stderr"}
{"timestamp":"2026-08-29T01:54:59.235905Z","level":"error","event":"","logger":"task.stderr"}
{"timestamp":"2026-08-29T01:54:59.237546Z","level":"error","event":"\rRDSP2408.parquet:  54%|█████▍    | 7.73M/14.3M [00:01<00:01, 4.88MB/s]\u001b[A\u001b[A","logger":"task.stderr"}
{"timestamp":"2026-08-29T01:54:59.238266Z","level":"error","event":"","logger":"task.stderr"}
{"timestamp":"2026-08-29T01:54:59.239113Z","level":"error","event":"\rRDSP2408.parquet:  55%|█████▍    | 7.80M/14.3M [00:01<00:01, 4.91MB/s]\u001b[A\u001b[A","logger":"task.stderr"}
{"timestamp":"2026-08-29T01:54:59.239729Z","level":"error","event":"","logger":"task.stderr"}
{"timestamp":"2026-08-29T01:54:59.241003Z","level":"error","event":"\rRDSP2408.parquet:  55%|█████▌    | 7.86M/14.3M [00:01<00:01, 4.95MB/s]\u001b[A\u001b[A","logger":"task.stderr"}
{"timestamp":"2026-08-29T01:54:59.241777Z","level":"error","event":"","logger":"task.stderr"}
{"timestamp":"2026-08-29T01:54:59.243047Z","level":"error","event":"\rRDSP2408.parquet:  56%|█████▌    | 7.93M/14.3M [00:01<00:01, 4.98MB/s]\u001b[A\u001b[A","logger":"task.stderr"}
{"timestamp":"2026-08-29T01:54:59.243775Z","level":"error","event":"","logger":"task.stderr"}
{"timestamp":"2026-08-29T01:54:59.246100Z","level":"error","event":"\rRDSP2408.parquet:  56%|█████▌    | 8.00M/14.3M [00:01<00:01, 5.02MB/s]\u001b[A\u001b[A","logger":"task.stderr"}
{"timestamp":"2026-08-29T01:54:59.246838Z","level":"error","event":"","logger":"task.stderr"}
{"timestamp":"2026-08-29T01:54:59.248334Z","level":"error","event":"\rRDSP2408.parquet:  57%|█████▋    | 8.06M/14.3M [00:01<00:01, 5.05MB/s]\u001b[A\u001b[A","logger":"task.stderr"}
{"timestamp":"2026-08-29T01:54:59.249223Z","level":"error","event":"","logger":"task.stderr"}
{"timestamp":"2026-08-29T01:54:59.254927Z","level":"error","event":"\rRDSP2408.parquet:  57%|█████▋    | 8.13M/14.3M [00:01<00:01, 5.08MB/s]\u001b[A\u001b[A","logger":"task.stderr"}
{"timestamp":"2026-08-29T01:54:59.255869Z","level":"error","event":"","logger":"task.stderr"}
{"timestamp":"2026-08-29T01:54:59.258025Z","level":"error","event":"\rRDSP2408.parquet:  57%|█████▋    | 8.19M/14.3M [00:01<00:01, 5.10MB/s]\u001b[A\u001b[A","logger":"task.stderr"}
{"timestamp":"2026-08-29T01:54:59.258785Z","level":"error","event":"","logger":"task.stderr"}
{"timestamp":"2026-08-29T01:54:59.260414Z","level":"error","event":"\rRDSP2408.parquet:  58%|█████▊    | 8.26M/14.3M [00:01<00:01, 5.14MB/s]\u001b[A\u001b[A","logger":"task.stderr"}
{"timestamp":"2026-08-29T01:54:59.261235Z","level":"error","event":"","logger":"task.stderr"}
{"timestamp":"2026-08-29T01:54:59.262144Z","level":"error","event":"\rRDSP2408.parquet:  58%|█████▊    | 8.32M/14.3M [00:01<00:01, 5.17MB/s]\u001b[A\u001b[A","logger":"task.stderr"}
{"timestamp":"2026-08-29T01:54:59.262929Z","level":"error","event":"","logger":"task.stderr"}
{"timestamp":"2026-08-29T01:54:59.264937Z","level":"error","event":"\rRDSP2408.parquet:  59%|█████▉    | 8.39M/14.3M [00:01<00:01, 5.20MB/s]\u001b[A\u001b[A","logger":"task.stderr"}
{"timestamp":"2026-08-29T01:54:59.265641Z","level":"error","event":"","logger":"task.stderr"}
{"timestamp":"2026-08-29T01:54:59.268109Z","level":"error","event":"\rRDSP2408.parquet:  59%|█████▉    | 8.45M/14.3M [00:01<00:01, 5.24MB/s]\u001b[A\u001b[A","logger":"task.stderr"}
{"timestamp":"2026-08-29T01:54:59.268989Z","level":"error","event":"","logger":"task.stderr"}
{"timestamp":"2026-08-29T01:54:59.270022Z","level":"error","event":"\rRDSP2408.parquet:  60%|█████▉    | 8.52M/14.3M [00:01<00:01, 5.27MB/s]\u001b[A\u001b[A","logger":"task.stderr"}
{"timestamp":"2026-08-29T01:54:59.270768Z","level":"error","event":"","logger":"task.stderr"}
{"timestamp":"2026-08-29T01:54:59.271805Z","level":"error","event":"\rRDSP2408.parquet:  60%|██████    | 8.59M/14.3M [00:01<00:01, 5.30MB/s]\u001b[A\u001b[A","logger":"task.stderr"}
{"timestamp":"2026-08-29T01:54:59.272457Z","level":"error","event":"","logger":"task.stderr"}
{"timestamp":"2026-08-29T01:54:59.274674Z","level":"error","event":"\rRDSP2408.parquet:  61%|██████    | 8.65M/14.3M [00:01<00:01, 5.33MB/s]\u001b[A\u001b[A","logger":"task.stderr"}
{"timestamp":"2026-08-29T01:54:59.275623Z","level":"error","event":"","logger":"task.stderr"}
{"timestamp":"2026-08-29T01:54:59.276989Z","level":"error","event":"\rRDSP2408.parquet:  61%|██████    | 8.72M/14.3M [00:01<00:01, 5.37MB/s]\u001b[A\u001b[A","logger":"task.stderr"}
{"timestamp":"2026-08-29T01:54:59.277712Z","level":"error","event":"","logger":"task.stderr"}
{"timestamp":"2026-08-29T01:54:59.279567Z","level":"error","event":"\rRDSP2408.parquet:  62%|██████▏   | 8.78M/14.3M [00:01<00:01, 5.40MB/s]\u001b[A\u001b[A","logger":"task.stderr"}
{"timestamp":"2026-08-29T01:54:59.280390Z","level":"error","event":"","logger":"task.stderr"}
{"timestamp":"2026-08-29T01:54:59.281464Z","level":"error","event":"\rRDSP2408.parquet:  62%|██████▏   | 8.85M/14.3M [00:01<00:00, 5.43MB/s]\u001b[A\u001b[A","logger":"task.stderr"}
{"timestamp":"2026-08-29T01:54:59.282060Z","level":"error","event":"","logger":"task.stderr"}
{"timestamp":"2026-08-29T01:54:59.283589Z","level":"error","event":"\rRDSP2408.parquet:  63%|██████▎   | 8.91M/14.3M [00:01<00:00, 5.46MB/s]\u001b[A\u001b[A","logger":"task.stderr"}
{"timestamp":"2026-08-29T01:54:59.284317Z","level":"error","event":"","logger":"task.stderr"}
{"timestamp":"2026-08-29T01:54:59.285928Z","level":"error","event":"\rRDSP2408.parquet:  63%|██████▎   | 8.98M/14.3M [00:01<00:00, 5.50MB/s]\u001b[A\u001b[A","logger":"task.stderr"}
{"timestamp":"2026-08-29T01:54:59.286729Z","level":"error","event":"","logger":"task.stderr"}
{"timestamp":"2026-08-29T01:54:59.287583Z","level":"error","event":"\rRDSP2408.parquet:  63%|██████▎   | 9.04M/14.3M [00:01<00:00, 5.53MB/s]\u001b[A\u001b[A","logger":"task.stderr"}
{"timestamp":"2026-08-29T01:54:59.288312Z","level":"error","event":"","logger":"task.stderr"}
{"timestamp":"2026-08-29T01:54:59.289969Z","level":"error","event":"\rRDSP2408.parquet:  64%|██████▍   | 9.11M/14.3M [00:01<00:00, 5.56MB/s]\u001b[A\u001b[A","logger":"task.stderr"}
{"timestamp":"2026-08-29T01:54:59.290742Z","level":"error","event":"","logger":"task.stderr"}
{"timestamp":"2026-08-29T01:54:59.292045Z","level":"error","event":"\rRDSP2408.parquet:  64%|██████▍   | 9.18M/14.3M [00:01<00:00, 5.60MB/s]\u001b[A\u001b[A","logger":"task.stderr"}
{"timestamp":"2026-08-29T01:54:59.292887Z","level":"error","event":"","logger":"task.stderr"}
{"timestamp":"2026-08-29T01:54:59.297292Z","level":"error","event":"\rRDSP2408.parquet:  65%|██████▍   | 9.24M/14.3M [00:01<00:00, 5.63MB/s]\u001b[A\u001b[A","logger":"task.stderr"}
{"timestamp":"2026-08-29T01:54:59.298091Z","level":"error","event":"","logger":"task.stderr"}
{"timestamp":"2026-08-29T01:54:59.301345Z","level":"error","event":"\rRDSP2408.parquet:  65%|██████▌   | 9.31M/14.3M [00:01<00:00, 5.65MB/s]\u001b[A\u001b[A","logger":"task.stderr"}
{"timestamp":"2026-08-29T01:54:59.302150Z","level":"error","event":"","logger":"task.stderr"}
{"timestamp":"2026-08-29T01:54:59.303767Z","level":"error","event":"\rRDSP2408.parquet:  66%|██████▌   | 9.37M/14.3M [00:01<00:00, 5.68MB/s]\u001b[A\u001b[A","logger":"task.stderr"}
{"timestamp":"2026-08-29T01:54:59.304400Z","level":"error","event":"","logger":"task.stderr"}
{"timestamp":"2026-08-29T01:54:59.305689Z","level":"error","event":"\rRDSP2408.parquet:  66%|██████▌   | 9.44M/14.3M [00:01<00:00, 5.71MB/s]\u001b[A\u001b[A","logger":"task.stderr"}
{"timestamp":"2026-08-29T01:54:59.306431Z","level":"error","event":"","logger":"task.stderr"}
{"timestamp":"2026-08-29T01:54:59.307667Z","level":"error","event":"\rRDSP2408.parquet:  67%|██████▋   | 9.50M/14.3M [00:01<00:00, 5.74MB/s]\u001b[A\u001b[A","logger":"task.stderr"}
{"timestamp":"2026-08-29T01:54:59.308426Z","level":"error","event":"","logger":"task.stderr"}
{"timestamp":"2026-08-29T01:54:59.309348Z","level":"error","event":"\rRDSP2408.parquet:  67%|██████▋   | 9.57M/14.3M [00:01<00:00, 5.77MB/s]\u001b[A\u001b[A","logger":"task.stderr"}
{"timestamp":"2026-08-29T01:54:59.309962Z","level":"error","event":"","logger":"task.stderr"}
{"timestamp":"2026-08-29T01:54:59.311353Z","level":"error","event":"\rRDSP2408.parquet:  68%|██████▊   | 9.63M/14.3M [00:01<00:00, 5.81MB/s]\u001b[A\u001b[A","logger":"task.stderr"}
{"timestamp":"2026-08-29T01:54:59.312279Z","level":"error","event":"","logger":"task.stderr"}
{"timestamp":"2026-08-29T01:54:59.313312Z","level":"error","event":"\rRDSP2408.parquet:  68%|██████▊   | 9.70M/14.3M [00:01<00:00, 5.84MB/s]\u001b[A\u001b[A","logger":"task.stderr"}
{"timestamp":"2026-08-29T01:54:59.313977Z","level":"error","event":"","logger":"task.stderr"}
{"timestamp":"2026-08-29T01:54:59.314862Z","level":"error","event":"\rRDSP2408.parquet:  69%|██████▊   | 9.76M/14.3M [00:01<00:00, 5.87MB/s]\u001b[A\u001b[A","logger":"task.stderr"}
{"timestamp":"2026-08-29T01:54:59.315597Z","level":"error","event":"","logger":"task.stderr"}
{"timestamp":"2026-08-29T01:54:59.316886Z","level":"error","event":"\rRDSP2408.parquet:  69%|██████▉   | 9.83M/14.3M [00:01<00:00, 5.91MB/s]\u001b[A\u001b[A","logger":"task.stderr"}
{"timestamp":"2026-08-29T01:54:59.317700Z","level":"error","event":"","logger":"task.stderr"}
{"timestamp":"2026-08-29T01:54:59.318574Z","level":"error","event":"\rRDSP2408.parquet:  69%|██████▉   | 9.90M/14.3M [00:01<00:00, 5.94MB/s]\u001b[A\u001b[A","logger":"task.stderr"}
{"timestamp":"2026-08-29T01:54:59.319309Z","level":"error","event":"","logger":"task.stderr"}
{"timestamp":"2026-08-29T01:54:59.320226Z","level":"error","event":"\rRDSP2408.parquet:  70%|██████▉   | 9.96M/14.3M [00:01<00:00, 5.97MB/s]\u001b[A\u001b[A","logger":"task.stderr"}
{"timestamp":"2026-08-29T01:54:59.320872Z","level":"error","event":"","logger":"task.stderr"}
{"timestamp":"2026-08-29T01:54:59.321770Z","level":"error","event":"\rRDSP2408.parquet:  70%|███████   | 10.0M/14.3M [00:01<00:00, 6.00MB/s]\u001b[A\u001b[A","logger":"task.stderr"}
{"timestamp":"2026-08-29T01:54:59.322381Z","level":"error","event":"","logger":"task.stderr"}
{"timestamp":"2026-08-29T01:54:59.323877Z","level":"error","event":"\rRDSP2408.parquet:  71%|███████   | 10.1M/14.3M [00:01<00:00, 6.04MB/s]\u001b[A\u001b[A","logger":"task.stderr"}
{"timestamp":"2026-08-29T01:54:59.324696Z","level":"error","event":"","logger":"task.stderr"}
{"timestamp":"2026-08-29T01:54:59.325508Z","level":"error","event":"\rRDSP2408.parquet:  71%|███████▏  | 10.2M/14.3M [00:01<00:00, 6.07MB/s]\u001b[A\u001b[A","logger":"task.stderr"}
{"timestamp":"2026-08-29T01:54:59.326246Z","level":"error","event":"","logger":"task.stderr"}
{"timestamp":"2026-08-29T01:54:59.327117Z","level":"error","event":"\rRDSP2408.parquet:  72%|███████▏  | 10.2M/14.3M [00:01<00:00, 6.10MB/s]\u001b[A\u001b[A","logger":"task.stderr"}
{"timestamp":"2026-08-29T01:54:59.327753Z","level":"error","event":"","logger":"task.stderr"}
{"timestamp":"2026-08-29T01:54:59.329083Z","level":"error","event":"\rRDSP2408.parquet:  72%|███████▏  | 10.3M/14.3M [00:01<00:00, 6.14MB/s]\u001b[A\u001b[A","logger":"task.stderr"}
{"timestamp":"2026-08-29T01:54:59.329965Z","level":"error","event":"","logger":"task.stderr"}
{"timestamp":"2026-08-29T01:54:59.331114Z","level":"error","event":"\rRDSP2408.parquet:  73%|███████▎  | 10.4M/14.3M [00:01<00:00, 6.17MB/s]\u001b[A\u001b[A","logger":"task.stderr"}
{"timestamp":"2026-08-29T01:54:59.331793Z","level":"error","event":"","logger":"task.stderr"}
{"timestamp":"2026-08-29T01:54:59.334029Z","level":"error","event":"\rRDSP2408.parquet:  73%|███████▎  | 10.4M/14.3M [00:01<00:00, 6.20MB/s]\u001b[A\u001b[A","logger":"task.stderr"}
{"timestamp":"2026-08-29T01:54:59.334749Z","level":"error","event":"","logger":"task.stderr"}
{"timestamp":"2026-08-29T01:54:59.338321Z","level":"error","event":"\rRDSP2408.parquet:  74%|███████▎  | 10.5M/14.3M [00:01<00:00, 6.23MB/s]\u001b[A\u001b[A","logger":"task.stderr"}
{"timestamp":"2026-08-29T01:54:59.339109Z","level":"error","event":"","logger":"task.stderr"}
{"timestamp":"2026-08-29T01:54:59.342175Z","level":"error","event":"\rRDSP2408.parquet:  74%|███████▍  | 10.6M/14.3M [00:01<00:00, 6.25MB/s]\u001b[A\u001b[A","logger":"task.stderr"}
{"timestamp":"2026-08-29T01:54:59.342979Z","level":"error","event":"","logger":"task.stderr"}
{"timestamp":"2026-08-29T01:54:59.344106Z","level":"error","event":"\rRDSP2408.parquet:  75%|███████▍  | 10.6M/14.3M [00:01<00:00, 6.27MB/s]\u001b[A\u001b[A","logger":"task.stderr"}
{"timestamp":"2026-08-29T01:54:59.344862Z","level":"error","event":"","logger":"task.stderr"}
{"timestamp":"2026-08-29T01:54:59.345749Z","level":"error","event":"\rRDSP2408.parquet:  75%|███████▍  | 10.7M/14.3M [00:01<00:00, 6.31MB/s]\u001b[A\u001b[A","logger":"task.stderr"}
{"timestamp":"2026-08-29T01:54:59.346385Z","level":"error","event":"","logger":"task.stderr"}
{"timestamp":"2026-08-29T01:54:59.348018Z","level":"error","event":"\rRDSP2408.parquet:  75%|███████▌  | 10.7M/14.3M [00:01<00:00, 6.34MB/s]\u001b[A\u001b[A","logger":"task.stderr"}
{"timestamp":"2026-08-29T01:54:59.348702Z","level":"error","event":"","logger":"task.stderr"}
{"timestamp":"2026-08-29T01:54:59.349821Z","level":"error","event":"\rRDSP2408.parquet:  76%|███████▌  | 10.8M/14.3M [00:01<00:00, 6.37MB/s]\u001b[A\u001b[A","logger":"task.stderr"}
{"timestamp":"2026-08-29T01:54:59.350534Z","level":"error","event":"","logger":"task.stderr"}
{"timestamp":"2026-08-29T01:54:59.351347Z","level":"error","event":"\rRDSP2408.parquet:  76%|███████▋  | 10.9M/14.3M [00:01<00:00, 6.40MB/s]\u001b[A\u001b[A","logger":"task.stderr"}
{"timestamp":"2026-08-29T01:54:59.352010Z","level":"error","event":"","logger":"task.stderr"}
{"timestamp":"2026-08-29T01:54:59.352995Z","level":"error","event":"\rRDSP2408.parquet:  77%|███████▋  | 10.9M/14.3M [00:01<00:00, 6.43MB/s]\u001b[A\u001b[A","logger":"task.stderr"}
{"timestamp":"2026-08-29T01:54:59.353597Z","level":"error","event":"","logger":"task.stderr"}
{"timestamp":"2026-08-29T01:54:59.354945Z","level":"error","event":"\rRDSP2408.parquet:  77%|███████▋  | 11.0M/14.3M [00:01<00:00, 6.47MB/s]\u001b[A\u001b[A","logger":"task.stderr"}
{"timestamp":"2026-08-29T01:54:59.355674Z","level":"error","event":"","logger":"task.stderr"}
{"timestamp":"2026-08-29T01:54:59.356742Z","level":"error","event":"\rRDSP2408.parquet:  78%|███████▊  | 11.1M/14.3M [00:01<00:00, 6.50MB/s]\u001b[A\u001b[A","logger":"task.stderr"}
{"timestamp":"2026-08-29T01:54:59.357413Z","level":"error","event":"","logger":"task.stderr"}
{"timestamp":"2026-08-29T01:54:59.358226Z","level":"error","event":"\rRDSP2408.parquet:  78%|███████▊  | 11.1M/14.3M [00:01<00:00, 6.53MB/s]\u001b[A\u001b[A","logger":"task.stderr"}
{"timestamp":"2026-08-29T01:54:59.358859Z","level":"error","event":"","logger":"task.stderr"}
{"timestamp":"2026-08-29T01:54:59.360194Z","level":"error","event":"\rRDSP2408.parquet:  79%|███████▊  | 11.2M/14.3M [00:01<00:00, 6.56MB/s]\u001b[A\u001b[A","logger":"task.stderr"}
{"timestamp":"2026-08-29T01:54:59.360887Z","level":"error","event":"","logger":"task.stderr"}
{"timestamp":"2026-08-29T01:54:59.361957Z","level":"error","event":"\rRDSP2408.parquet:  79%|███████▉  | 11.3M/14.3M [00:01<00:00, 6.59MB/s]\u001b[A\u001b[A","logger":"task.stderr"}
{"timestamp":"2026-08-29T01:54:59.362899Z","level":"error","event":"","logger":"task.stderr"}
{"timestamp":"2026-08-29T01:54:59.422897Z","level":"error","event":"\rRDSP2408.parquet:  80%|███████▉  | 11.3M/14.3M [00:01<00:00, 6.62MB/s]\u001b[A\u001b[A","logger":"task.stderr"}
{"timestamp":"2026-08-29T01:54:59.423854Z","level":"error","event":"","logger":"task.stderr"}
{"timestamp":"2026-08-29T01:54:59.424992Z","level":"error","event":"\rRDSP2408.parquet:  80%|████████  | 11.4M/14.3M [00:01<00:00, 6.43MB/s]\u001b[A\u001b[A","logger":"task.stderr"}
{"timestamp":"2026-08-29T01:54:59.425606Z","level":"error","event":"","logger":"task.stderr"}
{"timestamp":"2026-08-29T01:54:59.433849Z","level":"error","event":"\rRDSP2408.parquet:  80%|████████  | 11.5M/14.3M [00:01<00:00, 6.46MB/s]\u001b[A\u001b[A","logger":"task.stderr"}
{"timestamp":"2026-08-29T01:54:59.434832Z","level":"error","event":"","logger":"task.stderr"}
{"timestamp":"2026-08-29T01:54:59.436030Z","level":"error","event":"\rRDSP2408.parquet:  81%|████████  | 11.5M/14.3M [00:01<00:00, 6.47MB/s]\u001b[A\u001b[A","logger":"task.stderr"}
{"timestamp":"2026-08-29T01:54:59.436808Z","level":"error","event":"","logger":"task.stderr"}
{"timestamp":"2026-08-29T01:54:59.437967Z","level":"error","event":"\rRDSP2408.parquet:  81%|████████▏ | 11.6M/14.3M [00:01<00:00, 6.50MB/s]\u001b[A\u001b[A","logger":"task.stderr"}
{"timestamp":"2026-08-29T01:54:59.438926Z","level":"error","event":"","logger":"task.stderr"}
{"timestamp":"2026-08-29T01:54:59.440401Z","level":"error","event":"\rRDSP2408.parquet:  82%|████████▏ | 11.7M/14.3M [00:01<00:00, 6.52MB/s]\u001b[A\u001b[A","logger":"task.stderr"}
{"timestamp":"2026-08-29T01:54:59.441158Z","level":"error","event":"","logger":"task.stderr"}
{"timestamp":"2026-08-29T01:54:59.442101Z","level":"error","event":"\rRDSP2408.parquet:  82%|████████▏ | 11.7M/14.3M [00:01<00:00, 6.55MB/s]\u001b[A\u001b[A","logger":"task.stderr"}
{"timestamp":"2026-08-29T01:54:59.442862Z","level":"error","event":"","logger":"task.stderr"}
{"timestamp":"2026-08-29T01:54:59.443757Z","level":"error","event":"\rRDSP2408.parquet:  83%|████████▎ | 11.8M/14.3M [00:01<00:00, 6.58MB/s]\u001b[A\u001b[A","logger":"task.stderr"}
{"timestamp":"2026-08-29T01:54:59.444593Z","level":"error","event":"","logger":"task.stderr"}
{"timestamp":"2026-08-29T01:54:59.445818Z","level":"error","event":"\rRDSP2408.parquet:  83%|████████▎ | 11.9M/14.3M [00:01<00:00, 6.61MB/s]\u001b[A\u001b[A","logger":"task.stderr"}
{"timestamp":"2026-08-29T01:54:59.446555Z","level":"error","event":"","logger":"task.stderr"}
{"timestamp":"2026-08-29T01:54:59.448051Z","level":"error","event":"\rRDSP2408.parquet:  84%|████████▎ | 11.9M/14.3M [00:01<00:00, 6.64MB/s]\u001b[A\u001b[A","logger":"task.stderr"}
{"timestamp":"2026-08-29T01:54:59.448691Z","level":"error","event":"","logger":"task.stderr"}
{"timestamp":"2026-08-29T01:54:59.452287Z","level":"error","event":"\rRDSP2408.parquet:  84%|████████▍ | 12.0M/14.3M [00:01<00:00, 6.67MB/s]\u001b[A\u001b[A","logger":"task.stderr"}
{"timestamp":"2026-08-29T01:54:59.453160Z","level":"error","event":"","logger":"task.stderr"}
{"timestamp":"2026-08-29T01:54:59.454189Z","level":"error","event":"\rRDSP2408.parquet:  85%|████████▍ | 12.1M/14.3M [00:01<00:00, 6.69MB/s]\u001b[A\u001b[A","logger":"task.stderr"}
{"timestamp":"2026-08-29T01:54:59.454844Z","level":"error","event":"","logger":"task.stderr"}
{"timestamp":"2026-08-29T01:54:59.459344Z","level":"error","event":"\rRDSP2408.parquet:  85%|████████▌ | 12.1M/14.3M [00:01<00:00, 6.72MB/s]\u001b[A\u001b[A","logger":"task.stderr"}
{"timestamp":"2026-08-29T01:54:59.460223Z","level":"error","event":"","logger":"task.stderr"}
{"timestamp":"2026-08-29T01:54:59.464704Z","level":"error","event":"\rRDSP2408.parquet:  86%|████████▌ | 12.2M/14.3M [00:01<00:00, 6.74MB/s]\u001b[A\u001b[A","logger":"task.stderr"}
{"timestamp":"2026-08-29T01:54:59.465589Z","level":"error","event":"","logger":"task.stderr"}
{"timestamp":"2026-08-29T01:54:59.466591Z","level":"error","event":"\rRDSP2408.parquet:  86%|████████▌ | 12.3M/14.3M [00:01<00:00, 6.75MB/s]\u001b[A\u001b[A","logger":"task.stderr"}
{"timestamp":"2026-08-29T01:54:59.467316Z","level":"error","event":"","logger":"task.stderr"}
{"timestamp":"2026-08-29T01:54:59.468451Z","level":"error","event":"\rRDSP2408.parquet:  86%|████████▋ | 12.3M/14.3M [00:01<00:00, 6.78MB/s]\u001b[A\u001b[A","logger":"task.stderr"}
{"timestamp":"2026-08-29T01:54:59.469103Z","level":"error","event":"","logger":"task.stderr"}
{"timestamp":"2026-08-29T01:54:59.470979Z","level":"error","event":"\rRDSP2408.parquet:  87%|████████▋ | 12.4M/14.3M [00:01<00:00, 6.81MB/s]\u001b[A\u001b[A","logger":"task.stderr"}
{"timestamp":"2026-08-29T01:54:59.471883Z","level":"error","event":"","logger":"task.stderr"}
{"timestamp":"2026-08-29T01:54:59.473912Z","level":"error","event":"\rRDSP2408.parquet:  87%|████████▋ | 12.5M/14.3M [00:01<00:00, 6.84MB/s]\u001b[A\u001b[A","logger":"task.stderr"}
{"timestamp":"2026-08-29T01:54:59.474586Z","level":"error","event":"","logger":"task.stderr"}
{"timestamp":"2026-08-29T01:54:59.475944Z","level":"error","event":"\rRDSP2408.parquet:  88%|████████▊ | 12.5M/14.3M [00:01<00:00, 6.86MB/s]\u001b[A\u001b[A","logger":"task.stderr"}
{"timestamp":"2026-08-29T01:54:59.476624Z","level":"error","event":"","logger":"task.stderr"}
{"timestamp":"2026-08-29T01:54:59.478479Z","level":"error","event":"\rRDSP2408.parquet:  88%|████████▊ | 12.6M/14.3M [00:01<00:00, 6.89MB/s]\u001b[A\u001b[A","logger":"task.stderr"}
{"timestamp":"2026-08-29T01:54:59.479179Z","level":"error","event":"","logger":"task.stderr"}
{"timestamp":"2026-08-29T01:54:59.480366Z","level":"error","event":"\rRDSP2408.parquet:  89%|████████▉ | 12.6M/14.3M [00:01<00:00, 6.92MB/s]\u001b[A\u001b[A","logger":"task.stderr"}
{"timestamp":"2026-08-29T01:54:59.481049Z","level":"error","event":"","logger":"task.stderr"}
{"timestamp":"2026-08-29T01:54:59.482117Z","level":"error","event":"\rRDSP2408.parquet:  89%|████████▉ | 12.7M/14.3M [00:01<00:00, 6.95MB/s]\u001b[A\u001b[A","logger":"task.stderr"}
{"timestamp":"2026-08-29T01:54:59.483024Z","level":"error","event":"","logger":"task.stderr"}
{"timestamp":"2026-08-29T01:54:59.484068Z","level":"error","event":"\rRDSP2408.parquet:  90%|████████▉ | 12.8M/14.3M [00:01<00:00, 6.98MB/s]\u001b[A\u001b[A","logger":"task.stderr"}
{"timestamp":"2026-08-29T01:54:59.484726Z","level":"error","event":"","logger":"task.stderr"}
{"timestamp":"2026-08-29T01:54:59.486224Z","level":"error","event":"\rRDSP2408.parquet:  90%|█████████ | 12.8M/14.3M [00:01<00:00, 7.00MB/s]\u001b[A\u001b[A","logger":"task.stderr"}
{"timestamp":"2026-08-29T01:54:59.487076Z","level":"error","event":"","logger":"task.stderr"}
{"timestamp":"2026-08-29T01:54:59.488434Z","level":"error","event":"\rRDSP2408.parquet:  91%|█████████ | 12.9M/14.3M [00:01<00:00, 7.03MB/s]\u001b[A\u001b[A","logger":"task.stderr"}
{"timestamp":"2026-08-29T01:54:59.489197Z","level":"error","event":"","logger":"task.stderr"}
{"timestamp":"2026-08-29T01:54:59.491942Z","level":"error","event":"\rRDSP2408.parquet:  91%|█████████ | 13.0M/14.3M [00:01<00:00, 7.06MB/s]\u001b[A\u001b[A","logger":"task.stderr"}
{"timestamp":"2026-08-29T01:54:59.492831Z","level":"error","event":"","logger":"task.stderr"}
{"timestamp":"2026-08-29T01:54:59.493816Z","level":"error","event":"\rRDSP2408.parquet:  92%|█████████▏| 13.0M/14.3M [00:01<00:00, 7.08MB/s]\u001b[A\u001b[A","logger":"task.stderr"}
{"timestamp":"2026-08-29T01:54:59.494436Z","level":"error","event":"","logger":"task.stderr"}
{"timestamp":"2026-08-29T01:54:59.496460Z","level":"error","event":"\rRDSP2408.parquet:  92%|█████████▏| 13.1M/14.3M [00:01<00:00, 7.11MB/s]\u001b[A\u001b[A","logger":"task.stderr"}
{"timestamp":"2026-08-29T01:54:59.499105Z","level":"error","event":"","logger":"task.stderr"}
{"timestamp":"2026-08-29T01:54:59.500271Z","level":"error","event":"\rRDSP2408.parquet:  92%|█████████▏| 13.2M/14.3M [00:01<00:00, 7.13MB/s]\u001b[A\u001b[A","logger":"task.stderr"}
{"timestamp":"2026-08-29T01:54:59.500981Z","level":"error","event":"","logger":"task.stderr"}
{"timestamp":"2026-08-29T01:54:59.502027Z","level":"error","event":"\rRDSP2408.parquet:  93%|█████████▎| 13.2M/14.3M [00:01<00:00, 7.16MB/s]\u001b[A\u001b[A","logger":"task.stderr"}
{"timestamp":"2026-08-29T01:54:59.502785Z","level":"error","event":"","logger":"task.stderr"}
{"timestamp":"2026-08-29T01:54:59.504060Z","level":"error","event":"\rRDSP2408.parquet:  93%|█████████▎| 13.3M/14.3M [00:01<00:00, 7.18MB/s]\u001b[A\u001b[A","logger":"task.stderr"}
{"timestamp":"2026-08-29T01:54:59.504671Z","level":"error","event":"","logger":"task.stderr"}
{"timestamp":"2026-08-29T01:54:59.505635Z","level":"error","event":"\rRDSP2408.parquet:  94%|█████████▍| 13.4M/14.3M [00:01<00:00, 7.21MB/s]\u001b[A\u001b[A","logger":"task.stderr"}
{"timestamp":"2026-08-29T01:54:59.506269Z","level":"error","event":"","logger":"task.stderr"}
{"timestamp":"2026-08-29T01:54:59.507224Z","level":"error","event":"\rRDSP2408.parquet:  94%|█████████▍| 13.4M/14.3M [00:01<00:00, 7.24MB/s]\u001b[A\u001b[A","logger":"task.stderr"}
{"timestamp":"2026-08-29T01:54:59.507996Z","level":"error","event":"","logger":"task.stderr"}
{"timestamp":"2026-08-29T01:54:59.508957Z","level":"error","event":"\rRDSP2408.parquet:  95%|█████████▍| 13.5M/14.3M [00:01<00:00, 7.27MB/s]\u001b[A\u001b[A","logger":"task.stderr"}
{"timestamp":"2026-08-29T01:54:59.509603Z","level":"error","event":"","logger":"task.stderr"}
{"timestamp":"2026-08-29T01:54:59.511832Z","level":"error","event":"\rRDSP2408.parquet:  95%|█████████▌| 13.6M/14.3M [00:01<00:00, 7.30MB/s]\u001b[A\u001b[A","logger":"task.stderr"}
{"timestamp":"2026-08-29T01:54:59.512872Z","level":"error","event":"","logger":"task.stderr"}
{"timestamp":"2026-08-29T01:54:59.513728Z","level":"error","event":"\rRDSP2408.parquet:  96%|█████████▌| 13.6M/14.3M [00:01<00:00, 7.32MB/s]\u001b[A\u001b[A","logger":"task.stderr"}
{"timestamp":"2026-08-29T01:54:59.514360Z","level":"error","event":"","logger":"task.stderr"}
{"timestamp":"2026-08-29T01:54:59.515663Z","level":"error","event":"\rRDSP2408.parquet:  96%|█████████▌| 13.7M/14.3M [00:01<00:00, 7.35MB/s]\u001b[A\u001b[A","logger":"task.stderr"}
{"timestamp":"2026-08-29T01:54:59.516327Z","level":"error","event":"","logger":"task.stderr"}
{"timestamp":"2026-08-29T01:54:59.517625Z","level":"error","event":"\rRDSP2408.parquet:  97%|█████████▋| 13.8M/14.3M [00:01<00:00, 7.38MB/s]\u001b[A\u001b[A","logger":"task.stderr"}
{"timestamp":"2026-08-29T01:54:59.518213Z","level":"error","event":"","logger":"task.stderr"}
{"timestamp":"2026-08-29T01:54:59.519104Z","level":"error","event":"\rRDSP2408.parquet:  97%|█████████▋| 13.8M/14.3M [00:01<00:00, 7.40MB/s]\u001b[A\u001b[A","logger":"task.stderr"}
{"timestamp":"2026-08-29T01:54:59.519746Z","level":"error","event":"","logger":"task.stderr"}
{"timestamp":"2026-08-29T01:54:59.520782Z","level":"error","event":"\rRDSP2408.parquet:  97%|█████████▋| 13.9M/14.3M [00:01<00:00, 7.43MB/s]\u001b[A\u001b[A","logger":"task.stderr"}
{"timestamp":"2026-08-29T01:54:59.521578Z","level":"error","event":"","logger":"task.stderr"}
{"timestamp":"2026-08-29T01:54:59.522378Z","level":"error","event":"\rRDSP2408.parquet:  98%|█████████▊| 14.0M/14.3M [00:01<00:00, 7.46MB/s]\u001b[A\u001b[A","logger":"task.stderr"}
{"timestamp":"2026-08-29T01:54:59.522991Z","level":"error","event":"","logger":"task.stderr"}
{"timestamp":"2026-08-29T01:54:59.524403Z","level":"error","event":"\rRDSP2408.parquet:  98%|█████████▊| 14.0M/14.3M [00:01<00:00, 7.49MB/s]\u001b[A\u001b[A","logger":"task.stderr"}
{"timestamp":"2026-08-29T01:54:59.525033Z","level":"error","event":"","logger":"task.stderr"}
{"timestamp":"2026-08-29T01:54:59.526179Z","level":"error","event":"\rRDSP2408.parquet:  99%|█████████▉| 14.1M/14.3M [00:01<00:00, 7.52MB/s]\u001b[A\u001b[A","logger":"task.stderr"}
{"timestamp":"2026-08-29T01:54:59.526894Z","level":"error","event":"","logger":"task.stderr"}
{"timestamp":"2026-08-29T01:54:59.527870Z","level":"error","event":"\rRDSP2408.parquet:  99%|█████████▉| 14.2M/14.3M [00:01<00:00, 7.55MB/s]\u001b[A\u001b[A","logger":"task.stderr"}
{"timestamp":"2026-08-29T01:54:59.528657Z","level":"error","event":"","logger":"task.stderr"}
{"timestamp":"2026-08-29T01:54:59.529289Z","level":"error","event":"\rRDSP2408.parquet: 100%|█████████▉| 14.2M/14.3M [00:01<00:00, 7.57MB/s]\u001b[A\u001b[A","logger":"task.stderr"}
{"timestamp":"2026-08-29T01:54:59.529836Z","level":"error","event":"","logger":"task.stderr"}
{"timestamp":"2026-08-29T01:54:59.553930Z","level":"error","event":"\rRDSP2408.parquet: 100%|██████████| 14.3M/14.3M [00:01<00:00, 7.59MB/s]\u001b[A\u001b[A\rRDSP2408.parquet: 100%|██████████| 14.3M/14.3M [00:01<00:00, 7.49MB/s]","logger":"task.stderr"}
{"timestamp":"2026-08-29T01:54:59.557105Z","level":"error","event":"\rDownloading sih: 100%|██████████| 3/3 [00:04<00:00,  1.30s/file]\rDownloading sih: 100%|██████████| 3/3 [00:04<00:00,  1.42s/file]","logger":"task.stderr"}
{"timestamp":"2026-08-29T01:55:00.358350Z","level":"info","event":"[SIH] Carregado: 246,085 registros","logger":"task.stdout"}
{"timestamp":"2026-08-29T01:55:03.855160Z","level":"info","event":"[SIH] Salvo localmente em: /opt/airflow/data/raw/sih_SP_2024_08.parquet","logger":"task.stdout"}
{"timestamp":"2026-08-29T01:55:03.855826Z","level":"info","event":"[CNES] Baixando dados: SP 2024/08","logger":"task.stdout"}
{"timestamp":"2026-08-29T01:55:13.774738Z","level":"error","event":"\rDownloading cnes:   0%|          | 0/1 [00:00<?, ?file/s]","logger":"task.stderr"}
{"timestamp":"2026-08-29T01:55:15.299875Z","level":"error","event":"\rLTSP2408.parquet: 0.00B [00:00, ?B/s]\u001b[A","logger":"task.stderr"}
{"timestamp":"2026-08-29T01:55:15.309464Z","level":"error","event":"\rLTSP2408.parquet:   0%|          | 0.00/98.6k [00:00<?, ?B/s]\u001b[A","logger":"task.stderr"}
{"timestamp":"2026-08-29T01:55:15.373820Z","level":"error","event":"\rLTSP2408.parquet:  66%|██████▋   | 65.5k/98.6k [00:00<00:00, 472MB/s]\u001b[A","logger":"task.stderr"}
{"timestamp":"2026-08-29T01:55:15.399064Z","level":"error","event":"\rLTSP2408.parquet: 100%|██████████| 98.6k/98.6k [00:00<00:00, 1.33MB/s]\u001b[A\rLTSP2408.parquet: 100%|██████████| 98.6k/98.6k [00:00<00:00, 995kB/s]","logger":"task.stderr"}
{"timestamp":"2026-08-29T01:55:15.401407Z","level":"error","event":"\rDownloading cnes: 100%|██████████| 1/1 [00:01<00:00,  1.63s/file]\rDownloading cnes: 100%|██████████| 1/1 [00:01<00:00,  1.63s/file]","logger":"task.stderr"}
{"timestamp":"2026-08-29T01:55:15.418359Z","level":"info","event":"[CNES] Carregado: 8,445 registros","logger":"task.stdout"}
{"timestamp":"2026-08-29T01:55:15.495899Z","level":"info","event":"[CNES] Salvo localmente em: /opt/airflow/data/raw/cnes_SP_2024_08.parquet","logger":"task.stdout"}
{"timestamp":"2026-08-29T01:55:15.496829Z","level":"info","event":"[IBGE] Carregando dados para SP","logger":"task.stdout"}
{"timestamp":"2026-08-29T01:55:15.602071Z","level":"info","event":"[IBGE] Carregado: 645 municípios","logger":"task.stdout"}
{"timestamp":"2026-08-29T01:55:15.629197Z","level":"info","event":"[IBGE] Salvo localmente em: /opt/airflow/data/reference/ibge_SP.parquet","logger":"task.stdout"}
{"timestamp":"2026-08-29T01:55:15.630098Z","level":"info","event":"==================================================","logger":"task.stdout"}
{"timestamp":"2026-08-29T01:55:15.630905Z","level":"info","event":"RESUMO DA INGESTÃO","logger":"task.stdout"}
{"timestamp":"2026-08-29T01:55:15.631696Z","level":"info","event":"SIH        | OK    |  246,085 registros","logger":"task.stdout"}
{"timestamp":"2026-08-29T01:55:15.632307Z","level":"info","event":"CNES       | OK    |    8,445 registros","logger":"task.stdout"}
{"timestamp":"2026-08-29T01:55:15.632898Z","level":"info","event":"IBGE       | OK    |      645 registros","logger":"task.stdout"}
{"timestamp":"2026-08-29T01:55:15.633447Z","level":"info","event":"==================================================","logger":"task.stdout"}
{"timestamp":"2026-08-29T01:55:15.634056Z","level":"info","event":"[INGESTAO] Concluída com sucesso.","logger":"task.stdout"}
{"timestamp":"2026-08-29T01:55:15.677007Z","level":"info","event":"Done. Returned value was: None","logger":"airflow.task.operators.airflow.providers.standard.operators.python.PythonOperator","filename":"python.py","lineno":229}
{"timestamp":"2026-08-29T03:38:50.558138Z","level":"info","event":"DAG bundles loaded: dags-folder","logger":"airflow.dag_processing.bundles.manager.DagBundlesManager","filename":"manager.py","lineno":209}
{"timestamp":"2026-08-29T03:38:50.559711Z","level":"info","event":"Filling up the DagBag from /opt/airflow/dags/meddata_pipeline.py","logger":"airflow.dag_processing.dagbag.BundleDagBag","filename":"dagbag.py","lineno":469}
{"timestamp":"2026-08-29T03:38:51.038156Z","level":"info","event":"Default Auth client Circuit breaker strategy enabled","logger":"oci.circuit_breaker","filename":"__init__.py","lineno":28}
{"timestamp":"2026-08-29T03:38:51.346031Z","level":"warning","event":"The `airflow.hooks.base.BaseHook` attribute is deprecated. Please use `'airflow.sdk.bases.hook.BaseHook'`.","category":"UserWarning","filename":"/opt/airflow/dags/meddata_pipeline.py","lineno":11,"logger":"py.warnings"}
{"timestamp":"2026-08-29T03:38:51.365344Z","level":"info","event":"[INGESTAO] Baixando dados para SP/2024/08","logger":"task.stdout"}
{"timestamp":"2026-08-29T03:38:51.366477Z","level":"info","event":"==================================================","logger":"task.stdout"}
{"timestamp":"2026-08-29T03:38:51.367172Z","level":"info","event":"INICIANDO INGESTÃO DE DADOS","logger":"task.stdout"}
{"timestamp":"2026-08-29T03:38:51.367814Z","level":"info","event":"UF: SP | Ano: 2024 | Mês: 08","logger":"task.stdout"}
{"timestamp":"2026-08-29T03:38:51.368431Z","level":"info","event":"Upload para OCI: NÃO","logger":"task.stdout"}
{"timestamp":"2026-08-29T03:38:51.368986Z","level":"info","event":"==================================================","logger":"task.stdout"}
{"timestamp":"2026-08-29T03:38:51.369516Z","level":"info","event":"[SIH] Baixando dados: SP 2024/08","logger":"task.stdout"}
{"timestamp":"2026-08-29T03:39:12.231490Z","level":"error","event":"\rDownloading sih:   0%|          | 0/3 [00:00<?, ?file/s]","logger":"task.stderr"}
{"timestamp":"2026-08-29T03:39:12.290418Z","level":"error","event":"\rRJSP2408.parquet: 0.00B [00:00, ?B/s]\u001b[A","logger":"task.stderr"}
{"timestamp":"2026-08-29T03:39:12.291468Z","level":"error","event":"","logger":"task.stderr"}
{"timestamp":"2026-08-29T03:39:12.342224Z","level":"error","event":"\rERSP2408.parquet: 0.00B [00:00, ?B/s]\u001b[A\u001b[A","logger":"task.stderr"}
{"timestamp":"2026-08-29T03:39:12.343158Z","level":"error","event":"","logger":"task.stderr"}
{"timestamp":"2026-08-29T03:39:12.343782Z","level":"error","event":"","logger":"task.stderr"}
{"timestamp":"2026-08-29T03:39:13.933153Z","level":"error","event":"\rRDSP2408.parquet: 0.00B [00:00, ?B/s]\u001b[A\u001b[A\u001b[A","logger":"task.stderr"}
{"timestamp":"2026-08-29T03:39:13.933984Z","level":"error","event":"","logger":"task.stderr"}
{"timestamp":"2026-08-29T03:39:13.934694Z","level":"error","event":"","logger":"task.stderr"}
{"timestamp":"2026-08-29T03:39:13.935417Z","level":"error","event":"\rRDSP2408.parquet:   0%|          | 0.00/14.3M [00:00<?, ?B/s]\u001b[A\u001b[A\u001b[A","logger":"task.stderr"}
{"timestamp":"2026-08-29T03:39:13.935984Z","level":"error","event":"","logger":"task.stderr"}
{"timestamp":"2026-08-29T03:39:13.936570Z","level":"error","event":"","logger":"task.stderr"}
{"timestamp":"2026-08-29T03:39:14.030970Z","level":"error","event":"\rRDSP2408.parquet:   0%|          | 65.5k/14.3M [00:00<00:00, 251MB/s]\u001b[A\u001b[A\u001b[A","logger":"task.stderr"}
{"timestamp":"2026-08-29T03:39:14.032371Z","level":"error","event":"\rRJSP2408.parquet:   0%|          | 0.00/595k [00:00<?, ?B/s]\u001b[A","logger":"task.stderr"}
{"timestamp":"2026-08-29T03:39:14.065135Z","level":"error","event":"\rRJSP2408.parquet:  11%|█         | 65.5k/595k [00:00<00:00, 436MB/s]\u001b[A","logger":"task.stderr"}
{"timestamp":"2026-08-29T03:39:14.065934Z","level":"error","event":"","logger":"task.stderr"}
{"timestamp":"2026-08-29T03:39:14.066703Z","level":"error","event":"\rERSP2408.parquet:   0%|          | 0.00/255k [00:00<?, ?B/s]\u001b[A\u001b[A","logger":"task.stderr"}
{"timestamp":"2026-08-29T03:39:14.067289Z","level":"error","event":"","logger":"task.stderr"}
{"timestamp":"2026-08-29T03:39:14.127176Z","level":"error","event":"\rERSP2408.parquet:  26%|██▌       | 65.5k/255k [00:00<00:00, 478MB/s]\u001b[A\u001b[A","logger":"task.stderr"}
{"timestamp":"2026-08-29T03:39:14.128042Z","level":"error","event":"","logger":"task.stderr"}
{"timestamp":"2026-08-29T03:39:14.128635Z","level":"error","event":"","logger":"task.stderr"}
{"timestamp":"2026-08-29T03:39:14.241947Z","level":"error","event":"\rRDSP2408.parquet:   1%|          | 131k/14.3M [00:00<00:20, 675kB/s] \u001b[A\u001b[A\u001b[A","logger":"task.stderr"}
{"timestamp":"2026-08-29T03:39:14.242860Z","level":"error","event":"","logger":"task.stderr"}
{"timestamp":"2026-08-29T03:39:14.243542Z","level":"error","event":"","logger":"task.stderr"}
{"timestamp":"2026-08-29T03:39:14.264566Z","level":"error","event":"\rRDSP2408.parquet:   1%|▏         | 197k/14.3M [00:00<00:22, 636kB/s]\u001b[A\u001b[A\u001b[A","logger":"task.stderr"}
{"timestamp":"2026-08-29T03:39:14.265362Z","level":"error","event":"","logger":"task.stderr"}
{"timestamp":"2026-08-29T03:39:14.286708Z","level":"error","event":"\rERSP2408.parquet:  51%|█████▏    | 131k/255k [00:00<00:00, 657kB/s] \u001b[A\u001b[A","logger":"task.stderr"}
{"timestamp":"2026-08-29T03:39:14.340641Z","level":"error","event":"\rRJSP2408.parquet:  22%|██▏       | 131k/595k [00:00<00:00, 513kB/s] \u001b[A","logger":"task.stderr"}
{"timestamp":"2026-08-29T03:39:14.341688Z","level":"error","event":"","logger":"task.stderr"}
{"timestamp":"2026-08-29T03:39:14.342435Z","level":"error","event":"","logger":"task.stderr"}
{"timestamp":"2026-08-29T03:39:14.373729Z","level":"error","event":"\rRDSP2408.parquet:   2%|▏         | 262k/14.3M [00:00<00:21, 643kB/s]\u001b[A\u001b[A\u001b[A","logger":"task.stderr"}
{"timestamp":"2026-08-29T03:39:14.374504Z","level":"error","event":"","logger":"task.stderr"}
{"timestamp":"2026-08-29T03:39:14.396662Z","level":"error","event":"\rERSP2408.parquet:  77%|███████▋  | 197k/255k [00:00<00:00, 637kB/s]\u001b[A\u001b[A","logger":"task.stderr"}
{"timestamp":"2026-08-29T03:39:14.424943Z","level":"error","event":"\rRJSP2408.parquet:  33%|███▎      | 197k/595k [00:00<00:00, 538kB/s]\u001b[A","logger":"task.stderr"}
{"timestamp":"2026-08-29T03:39:14.425863Z","level":"error","event":"","logger":"task.stderr"}
{"timestamp":"2026-08-29T03:39:14.426543Z","level":"error","event":"","logger":"task.stderr"}
{"timestamp":"2026-08-29T03:39:14.465027Z","level":"error","event":"\rRDSP2408.parquet:   2%|▏         | 328k/14.3M [00:00<00:20, 666kB/s]\u001b[A\u001b[A\u001b[A","logger":"task.stderr"}
{"timestamp":"2026-08-29T03:39:14.466038Z","level":"error","event":"","logger":"task.stderr"}
{"timestamp":"2026-08-29T03:39:14.492824Z","level":"error","event":"\rERSP2408.parquet: 100%|██████████| 255k/255k [00:00<00:00, 638kB/s]\u001b[A\u001b[A\rERSP2408.parquet: 100%|██████████| 255k/255k [00:00<00:00, 597kB/s]","logger":"task.stderr"}
{"timestamp":"2026-08-29T03:39:14.494530Z","level":"error","event":"","logger":"task.stderr"}
{"timestamp":"2026-08-29T03:39:14.495322Z","level":"error","event":"","logger":"task.stderr"}
{"timestamp":"2026-08-29T03:39:14.496008Z","level":"error","event":"","logger":"task.stderr"}
{"timestamp":"2026-08-29T03:39:14.496683Z","level":"error","event":"\rRDSP2408.parquet:   3%|▎         | 393k/14.3M [00:00<00:19, 700kB/s]\u001b[A\u001b[A\u001b[A","logger":"task.stderr"}
{"timestamp":"2026-08-29T03:39:14.520902Z","level":"error","event":"\rRJSP2408.parquet:  44%|████▍     | 262k/595k [00:00<00:00, 563kB/s]\u001b[A\rDownloading sih:  33%|███▎      | 1/3 [00:02<00:04,  2.27s/file]","logger":"task.stderr"}
{"timestamp":"2026-08-29T03:39:14.521741Z","level":"error","event":"","logger":"task.stderr"}
{"timestamp":"2026-08-29T03:39:14.522461Z","level":"error","event":"","logger":"task.stderr"}
{"timestamp":"2026-08-29T03:39:14.565205Z","level":"error","event":"\rRDSP2408.parquet:   3%|▎         | 459k/14.3M [00:00<00:17, 780kB/s]\u001b[A\u001b[A\u001b[A","logger":"task.stderr"}
{"timestamp":"2026-08-29T03:39:14.567497Z","level":"error","event":"\rRJSP2408.parquet:  55%|█████▌    | 328k/595k [00:00<00:00, 613kB/s]\u001b[A","logger":"task.stderr"}
{"timestamp":"2026-08-29T03:39:14.568219Z","level":"error","event":"","logger":"task.stderr"}
{"timestamp":"2026-08-29T03:39:14.568793Z","level":"error","event":"","logger":"task.stderr"}
{"timestamp":"2026-08-29T03:39:14.615175Z","level":"error","event":"\rRDSP2408.parquet:   4%|▎         | 524k/14.3M [00:00<00:16, 826kB/s]\u001b[A\u001b[A\u001b[A","logger":"task.stderr"}
{"timestamp":"2026-08-29T03:39:14.616072Z","level":"error","event":"","logger":"task.stderr"}
{"timestamp":"2026-08-29T03:39:14.616778Z","level":"error","event":"","logger":"task.stderr"}
{"timestamp":"2026-08-29T03:39:14.635325Z","level":"error","event":"\rRDSP2408.parquet:   4%|▍         | 590k/14.3M [00:00<00:15, 865kB/s]\u001b[A\u001b[A\u001b[A","logger":"task.stderr"}
{"timestamp":"2026-08-29T03:39:14.647323Z","level":"error","event":"\rRJSP2408.parquet:  66%|██████▌   | 393k/595k [00:00<00:00, 651kB/s]\u001b[A","logger":"task.stderr"}
{"timestamp":"2026-08-29T03:39:14.648072Z","level":"error","event":"","logger":"task.stderr"}
{"timestamp":"2026-08-29T03:39:14.648675Z","level":"error","event":"","logger":"task.stderr"}
{"timestamp":"2026-08-29T03:39:14.674706Z","level":"error","event":"\rRDSP2408.parquet:   5%|▍         | 655k/14.3M [00:00<00:14, 917kB/s]\u001b[A\u001b[A\u001b[A","logger":"task.stderr"}
{"timestamp":"2026-08-29T03:39:14.675537Z","level":"error","event":"","logger":"task.stderr"}
{"timestamp":"2026-08-29T03:39:14.676178Z","level":"error","event":"","logger":"task.stderr"}
{"timestamp":"2026-08-29T03:39:14.680344Z","level":"error","event":"\rRDSP2408.parquet:   5%|▌         | 721k/14.3M [00:00<00:13, 972kB/s]\u001b[A\u001b[A\u001b[A","logger":"task.stderr"}
{"timestamp":"2026-08-29T03:39:14.701819Z","level":"error","event":"\rRJSP2408.parquet:  77%|███████▋  | 459k/595k [00:00<00:00, 706kB/s]\u001b[A","logger":"task.stderr"}
{"timestamp":"2026-08-29T03:39:14.702559Z","level":"error","event":"","logger":"task.stderr"}
{"timestamp":"2026-08-29T03:39:14.703337Z","level":"error","event":"","logger":"task.stderr"}
{"timestamp":"2026-08-29T03:39:14.729130Z","level":"error","event":"\rRDSP2408.parquet:   6%|▌         | 786k/14.3M [00:00<00:13, 1.02MB/s]\u001b[A\u001b[A\u001b[A","logger":"task.stderr"}
{"timestamp":"2026-08-29T03:39:14.732471Z","level":"error","event":"\rRJSP2408.parquet:  88%|████████▊ | 524k/595k [00:00<00:00, 751kB/s]\u001b[A","logger":"task.stderr"}
{"timestamp":"2026-08-29T03:39:14.733338Z","level":"error","event":"","logger":"task.stderr"}
{"timestamp":"2026-08-29T03:39:14.734147Z","level":"error","event":"","logger":"task.stderr"}
{"timestamp":"2026-08-29T03:39:14.756641Z","level":"error","event":"\rRDSP2408.parquet:   6%|▌         | 852k/14.3M [00:00<00:12, 1.07MB/s]\u001b[A\u001b[A\u001b[A","logger":"task.stderr"}
{"timestamp":"2026-08-29T03:39:14.757497Z","level":"error","event":"","logger":"task.stderr"}
{"timestamp":"2026-08-29T03:39:14.758170Z","level":"error","event":"","logger":"task.stderr"}
{"timestamp":"2026-08-29T03:39:14.766076Z","level":"error","event":"\rRDSP2408.parquet:   6%|▋         | 918k/14.3M [00:00<00:11, 1.11MB/s]\u001b[A\u001b[A\u001b[A","logger":"task.stderr"}
{"timestamp":"2026-08-29T03:39:14.767171Z","level":"error","event":"\rRJSP2408.parquet:  99%|█████████▉| 590k/595k [00:00<00:00, 802kB/s]\u001b[A","logger":"task.stderr"}
{"timestamp":"2026-08-29T03:39:14.797246Z","level":"error","event":"\rRJSP2408.parquet: 100%|██████████| 595k/595k [00:00<00:00, 808kB/s]\u001b[A\rRJSP2408.parquet: 100%|██████████| 595k/595k [00:00<00:00, 776kB/s]","logger":"task.stderr"}
{"timestamp":"2026-08-29T03:39:14.798907Z","level":"error","event":"","logger":"task.stderr"}
{"timestamp":"2026-08-29T03:39:14.799679Z","level":"error","event":"","logger":"task.stderr"}
{"timestamp":"2026-08-29T03:39:14.800379Z","level":"error","event":"","logger":"task.stderr"}
{"timestamp":"2026-08-29T03:39:14.803251Z","level":"error","event":"\rRDSP2408.parquet:   7%|▋         | 983k/14.3M [00:00<00:11, 1.14MB/s]\u001b[A\u001b[A\u001b[A\rDownloading sih:  67%|██████▋   | 2/3 [00:02<00:01,  1.11s/file]","logger":"task.stderr"}
{"timestamp":"2026-08-29T03:39:14.804119Z","level":"error","event":"","logger":"task.stderr"}
{"timestamp":"2026-08-29T03:39:14.804836Z","level":"error","event":"","logger":"task.stderr"}
{"timestamp":"2026-08-29T03:39:14.821138Z","level":"error","event":"\rRDSP2408.parquet:   7%|▋         | 1.05M/14.3M [00:00<00:10, 1.20MB/s]\u001b[A\u001b[A\u001b[A","logger":"task.stderr"}
{"timestamp":"2026-08-29T03:39:14.821956Z","level":"error","event":"","logger":"task.stderr"}
{"timestamp":"2026-08-29T03:39:14.822540Z","level":"error","event":"","logger":"task.stderr"}
{"timestamp":"2026-08-29T03:39:14.837515Z","level":"error","event":"\rRDSP2408.parquet:   8%|▊         | 1.11M/14.3M [00:00<00:10, 1.25MB/s]\u001b[A\u001b[A\u001b[A","logger":"task.stderr"}
{"timestamp":"2026-08-29T03:39:14.838279Z","level":"error","event":"","logger":"task.stderr"}
{"timestamp":"2026-08-29T03:39:14.838909Z","level":"error","event":"","logger":"task.stderr"}
{"timestamp":"2026-08-29T03:39:14.853939Z","level":"error","event":"\rRDSP2408.parquet:   8%|▊         | 1.18M/14.3M [00:00<00:10, 1.30MB/s]\u001b[A\u001b[A\u001b[A","logger":"task.stderr"}
{"timestamp":"2026-08-29T03:39:14.854749Z","level":"error","event":"","logger":"task.stderr"}
{"timestamp":"2026-08-29T03:39:14.855431Z","level":"error","event":"","logger":"task.stderr"}
{"timestamp":"2026-08-29T03:39:14.874560Z","level":"error","event":"\rRDSP2408.parquet:   9%|▊         | 1.25M/14.3M [00:00<00:09, 1.35MB/s]\u001b[A\u001b[A\u001b[A","logger":"task.stderr"}
{"timestamp":"2026-08-29T03:39:14.875405Z","level":"error","event":"","logger":"task.stderr"}
{"timestamp":"2026-08-29T03:39:14.876084Z","level":"error","event":"","logger":"task.stderr"}
{"timestamp":"2026-08-29T03:39:14.889834Z","level":"error","event":"\rRDSP2408.parquet:   9%|▉         | 1.31M/14.3M [00:00<00:09, 1.39MB/s]\u001b[A\u001b[A\u001b[A","logger":"task.stderr"}
{"timestamp":"2026-08-29T03:39:14.890674Z","level":"error","event":"","logger":"task.stderr"}
{"timestamp":"2026-08-29T03:39:14.891418Z","level":"error","event":"","logger":"task.stderr"}
{"timestamp":"2026-08-29T03:39:14.902952Z","level":"error","event":"\rRDSP2408.parquet:  10%|▉         | 1.38M/14.3M [00:00<00:08, 1.44MB/s]\u001b[A\u001b[A\u001b[A","logger":"task.stderr"}
{"timestamp":"2026-08-29T03:39:14.903832Z","level":"error","event":"","logger":"task.stderr"}
{"timestamp":"2026-08-29T03:39:14.904507Z","level":"error","event":"","logger":"task.stderr"}
{"timestamp":"2026-08-29T03:39:14.917202Z","level":"error","event":"\rRDSP2408.parquet:  10%|█         | 1.44M/14.3M [00:00<00:08, 1.49MB/s]\u001b[A\u001b[A\u001b[A","logger":"task.stderr"}
{"timestamp":"2026-08-29T03:39:14.918069Z","level":"error","event":"","logger":"task.stderr"}
{"timestamp":"2026-08-29T03:39:14.918740Z","level":"error","event":"","logger":"task.stderr"}
{"timestamp":"2026-08-29T03:39:14.934098Z","level":"error","event":"\rRDSP2408.parquet:  11%|█         | 1.51M/14.3M [00:00<00:08, 1.53MB/s]\u001b[A\u001b[A\u001b[A","logger":"task.stderr"}
{"timestamp":"2026-08-29T03:39:14.935071Z","level":"error","event":"","logger":"task.stderr"}
{"timestamp":"2026-08-29T03:39:14.935935Z","level":"error","event":"","logger":"task.stderr"}
{"timestamp":"2026-08-29T03:39:14.945742Z","level":"error","event":"\rRDSP2408.parquet:  11%|█         | 1.57M/14.3M [00:01<00:08, 1.57MB/s]\u001b[A\u001b[A\u001b[A","logger":"task.stderr"}
{"timestamp":"2026-08-29T03:39:14.946703Z","level":"error","event":"","logger":"task.stderr"}
{"timestamp":"2026-08-29T03:39:14.947368Z","level":"error","event":"","logger":"task.stderr"}
{"timestamp":"2026-08-29T03:39:14.957486Z","level":"error","event":"\rRDSP2408.parquet:  11%|█▏        | 1.64M/14.3M [00:01<00:07, 1.62MB/s]\u001b[A\u001b[A\u001b[A","logger":"task.stderr"}
{"timestamp":"2026-08-29T03:39:14.958312Z","level":"error","event":"","logger":"task.stderr"}
{"timestamp":"2026-08-29T03:39:14.959114Z","level":"error","event":"","logger":"task.stderr"}
{"timestamp":"2026-08-29T03:39:14.971456Z","level":"error","event":"\rRDSP2408.parquet:  12%|█▏        | 1.70M/14.3M [00:01<00:07, 1.66MB/s]\u001b[A\u001b[A\u001b[A","logger":"task.stderr"}
{"timestamp":"2026-08-29T03:39:14.972299Z","level":"error","event":"","logger":"task.stderr"}
{"timestamp":"2026-08-29T03:39:14.972936Z","level":"error","event":"","logger":"task.stderr"}
{"timestamp":"2026-08-29T03:39:14.983471Z","level":"error","event":"\rRDSP2408.parquet:  12%|█▏        | 1.77M/14.3M [00:01<00:07, 1.70MB/s]\u001b[A\u001b[A\u001b[A","logger":"task.stderr"}
{"timestamp":"2026-08-29T03:39:14.984711Z","level":"error","event":"","logger":"task.stderr"}
{"timestamp":"2026-08-29T03:39:14.985469Z","level":"error","event":"","logger":"task.stderr"}
{"timestamp":"2026-08-29T03:39:14.994159Z","level":"error","event":"\rRDSP2408.parquet:  13%|█▎        | 1.84M/14.3M [00:01<00:07, 1.75MB/s]\u001b[A\u001b[A\u001b[A","logger":"task.stderr"}
{"timestamp":"2026-08-29T03:39:14.994998Z","level":"error","event":"","logger":"task.stderr"}
{"timestamp":"2026-08-29T03:39:14.995738Z","level":"error","event":"","logger":"task.stderr"}
{"timestamp":"2026-08-29T03:39:15.003808Z","level":"error","event":"\rRDSP2408.parquet:  13%|█▎        | 1.90M/14.3M [00:01<00:06, 1.79MB/s]\u001b[A\u001b[A\u001b[A","logger":"task.stderr"}
{"timestamp":"2026-08-29T03:39:15.004654Z","level":"error","event":"","logger":"task.stderr"}
{"timestamp":"2026-08-29T03:39:15.005494Z","level":"error","event":"","logger":"task.stderr"}
{"timestamp":"2026-08-29T03:39:15.017517Z","level":"error","event":"\rRDSP2408.parquet:  14%|█▍        | 1.97M/14.3M [00:01<00:06, 1.84MB/s]\u001b[A\u001b[A\u001b[A","logger":"task.stderr"}
{"timestamp":"2026-08-29T03:39:15.018407Z","level":"error","event":"","logger":"task.stderr"}
{"timestamp":"2026-08-29T03:39:15.019130Z","level":"error","event":"","logger":"task.stderr"}
{"timestamp":"2026-08-29T03:39:15.031081Z","level":"error","event":"\rRDSP2408.parquet:  14%|█▍        | 2.03M/14.3M [00:01<00:06, 1.87MB/s]\u001b[A\u001b[A\u001b[A","logger":"task.stderr"}
{"timestamp":"2026-08-29T03:39:15.031999Z","level":"error","event":"","logger":"task.stderr"}
{"timestamp":"2026-08-29T03:39:15.032643Z","level":"error","event":"","logger":"task.stderr"}
{"timestamp":"2026-08-29T03:39:15.040253Z","level":"error","event":"\rRDSP2408.parquet:  15%|█▍        | 2.10M/14.3M [00:01<00:06, 1.91MB/s]\u001b[A\u001b[A\u001b[A","logger":"task.stderr"}
{"timestamp":"2026-08-29T03:39:15.041018Z","level":"error","event":"","logger":"task.stderr"}
{"timestamp":"2026-08-29T03:39:15.041841Z","level":"error","event":"","logger":"task.stderr"}
{"timestamp":"2026-08-29T03:39:15.051558Z","level":"error","event":"\rRDSP2408.parquet:  15%|█▌        | 2.16M/14.3M [00:01<00:06, 1.95MB/s]\u001b[A\u001b[A\u001b[A","logger":"task.stderr"}
{"timestamp":"2026-08-29T03:39:15.052417Z","level":"error","event":"","logger":"task.stderr"}
{"timestamp":"2026-08-29T03:39:15.053187Z","level":"error","event":"","logger":"task.stderr"}
{"timestamp":"2026-08-29T03:39:15.060637Z","level":"error","event":"\rRDSP2408.parquet:  16%|█▌        | 2.23M/14.3M [00:01<00:06, 1.99MB/s]\u001b[A\u001b[A\u001b[A","logger":"task.stderr"}
{"timestamp":"2026-08-29T03:39:15.061450Z","level":"error","event":"","logger":"task.stderr"}
{"timestamp":"2026-08-29T03:39:15.062564Z","level":"error","event":"","logger":"task.stderr"}
{"timestamp":"2026-08-29T03:39:15.069398Z","level":"error","event":"\rRDSP2408.parquet:  16%|█▌        | 2.29M/14.3M [00:01<00:05, 2.03MB/s]\u001b[A\u001b[A\u001b[A","logger":"task.stderr"}
{"timestamp":"2026-08-29T03:39:15.070197Z","level":"error","event":"","logger":"task.stderr"}
{"timestamp":"2026-08-29T03:39:15.070844Z","level":"error","event":"","logger":"task.stderr"}
{"timestamp":"2026-08-29T03:39:15.076886Z","level":"error","event":"\rRDSP2408.parquet:  17%|█▋        | 2.36M/14.3M [00:01<00:05, 2.08MB/s]\u001b[A\u001b[A\u001b[A","logger":"task.stderr"}
{"timestamp":"2026-08-29T03:39:15.077666Z","level":"error","event":"","logger":"task.stderr"}
{"timestamp":"2026-08-29T03:39:15.078339Z","level":"error","event":"","logger":"task.stderr"}
{"timestamp":"2026-08-29T03:39:15.086743Z","level":"error","event":"\rRDSP2408.parquet:  17%|█▋        | 2.42M/14.3M [00:01<00:05, 2.12MB/s]\u001b[A\u001b[A\u001b[A","logger":"task.stderr"}
{"timestamp":"2026-08-29T03:39:15.087562Z","level":"error","event":"","logger":"task.stderr"}
{"timestamp":"2026-08-29T03:39:15.088278Z","level":"error","event":"","logger":"task.stderr"}
{"timestamp":"2026-08-29T03:39:15.094844Z","level":"error","event":"\rRDSP2408.parquet:  17%|█▋        | 2.49M/14.3M [00:01<00:05, 2.16MB/s]\u001b[A\u001b[A\u001b[A","logger":"task.stderr"}
{"timestamp":"2026-08-29T03:39:15.095731Z","level":"error","event":"","logger":"task.stderr"}
{"timestamp":"2026-08-29T03:39:15.096365Z","level":"error","event":"","logger":"task.stderr"}
{"timestamp":"2026-08-29T03:39:15.103986Z","level":"error","event":"\rRDSP2408.parquet:  18%|█▊        | 2.56M/14.3M [00:01<00:05, 2.20MB/s]\u001b[A\u001b[A\u001b[A","logger":"task.stderr"}
{"timestamp":"2026-08-29T03:39:15.104926Z","level":"error","event":"","logger":"task.stderr"}
{"timestamp":"2026-08-29T03:39:15.105617Z","level":"error","event":"","logger":"task.stderr"}
{"timestamp":"2026-08-29T03:39:15.113458Z","level":"error","event":"\rRDSP2408.parquet:  18%|█▊        | 2.62M/14.3M [00:01<00:05, 2.24MB/s]\u001b[A\u001b[A\u001b[A","logger":"task.stderr"}
{"timestamp":"2026-08-29T03:39:15.114434Z","level":"error","event":"","logger":"task.stderr"}
{"timestamp":"2026-08-29T03:39:15.115248Z","level":"error","event":"","logger":"task.stderr"}
{"timestamp":"2026-08-29T03:39:15.119597Z","level":"error","event":"\rRDSP2408.parquet:  19%|█▉        | 2.69M/14.3M [00:01<00:05, 2.28MB/s]\u001b[A\u001b[A\u001b[A","logger":"task.stderr"}
{"timestamp":"2026-08-29T03:39:15.120324Z","level":"error","event":"","logger":"task.stderr"}
{"timestamp":"2026-08-29T03:39:15.120943Z","level":"error","event":"","logger":"task.stderr"}
{"timestamp":"2026-08-29T03:39:15.127288Z","level":"error","event":"\rRDSP2408.parquet:  19%|█▉        | 2.75M/14.3M [00:01<00:04, 2.32MB/s]\u001b[A\u001b[A\u001b[A","logger":"task.stderr"}
{"timestamp":"2026-08-29T03:39:15.128248Z","level":"error","event":"","logger":"task.stderr"}
{"timestamp":"2026-08-29T03:39:15.129049Z","level":"error","event":"","logger":"task.stderr"}
{"timestamp":"2026-08-29T03:39:15.132580Z","level":"error","event":"\rRDSP2408.parquet:  20%|█▉        | 2.82M/14.3M [00:01<00:04, 2.36MB/s]\u001b[A\u001b[A\u001b[A","logger":"task.stderr"}
{"timestamp":"2026-08-29T03:39:15.133258Z","level":"error","event":"","logger":"task.stderr"}
{"timestamp":"2026-08-29T03:39:15.133911Z","level":"error","event":"","logger":"task.stderr"}
{"timestamp":"2026-08-29T03:39:15.141582Z","level":"error","event":"\rRDSP2408.parquet:  20%|██        | 2.88M/14.3M [00:01<00:04, 2.40MB/s]\u001b[A\u001b[A\u001b[A","logger":"task.stderr"}
{"timestamp":"2026-08-29T03:39:15.142333Z","level":"error","event":"","logger":"task.stderr"}
{"timestamp":"2026-08-29T03:39:15.143028Z","level":"error","event":"","logger":"task.stderr"}
{"timestamp":"2026-08-29T03:39:15.148012Z","level":"error","event":"\rRDSP2408.parquet:  21%|██        | 2.95M/14.3M [00:01<00:04, 2.44MB/s]\u001b[A\u001b[A\u001b[A","logger":"task.stderr"}
{"timestamp":"2026-08-29T03:39:15.148810Z","level":"error","event":"","logger":"task.stderr"}
{"timestamp":"2026-08-29T03:39:15.149496Z","level":"error","event":"","logger":"task.stderr"}
{"timestamp":"2026-08-29T03:39:15.155112Z","level":"error","event":"\rRDSP2408.parquet:  21%|██        | 3.01M/14.3M [00:01<00:04, 2.48MB/s]\u001b[A\u001b[A\u001b[A","logger":"task.stderr"}
{"timestamp":"2026-08-29T03:39:15.155934Z","level":"error","event":"","logger":"task.stderr"}
{"timestamp":"2026-08-29T03:39:15.156588Z","level":"error","event":"","logger":"task.stderr"}
{"timestamp":"2026-08-29T03:39:15.161697Z","level":"error","event":"\rRDSP2408.parquet:  22%|██▏       | 3.08M/14.3M [00:01<00:04, 2.52MB/s]\u001b[A\u001b[A\u001b[A","logger":"task.stderr"}
{"timestamp":"2026-08-29T03:39:15.162649Z","level":"error","event":"","logger":"task.stderr"}
{"timestamp":"2026-08-29T03:39:15.163283Z","level":"error","event":"","logger":"task.stderr"}
{"timestamp":"2026-08-29T03:39:15.169509Z","level":"error","event":"\rRDSP2408.parquet:  22%|██▏       | 3.15M/14.3M [00:01<00:04, 2.56MB/s]\u001b[A\u001b[A\u001b[A","logger":"task.stderr"}
{"timestamp":"2026-08-29T03:39:15.170426Z","level":"error","event":"","logger":"task.stderr"}
{"timestamp":"2026-08-29T03:39:15.171149Z","level":"error","event":"","logger":"task.stderr"}
{"timestamp":"2026-08-29T03:39:15.175533Z","level":"error","event":"\rRDSP2408.parquet:  23%|██▎       | 3.21M/14.3M [00:01<00:04, 2.60MB/s]\u001b[A\u001b[A\u001b[A","logger":"task.stderr"}
{"timestamp":"2026-08-29T03:39:15.176301Z","level":"error","event":"","logger":"task.stderr"}
{"timestamp":"2026-08-29T03:39:15.176932Z","level":"error","event":"","logger":"task.stderr"}
{"timestamp":"2026-08-29T03:39:15.182414Z","level":"error","event":"\rRDSP2408.parquet:  23%|██▎       | 3.28M/14.3M [00:01<00:04, 2.64MB/s]\u001b[A\u001b[A\u001b[A","logger":"task.stderr"}
{"timestamp":"2026-08-29T03:39:15.183668Z","level":"error","event":"","logger":"task.stderr"}
{"timestamp":"2026-08-29T03:39:15.184448Z","level":"error","event":"","logger":"task.stderr"}
{"timestamp":"2026-08-29T03:39:15.188532Z","level":"error","event":"\rRDSP2408.parquet:  23%|██▎       | 3.34M/14.3M [00:01<00:04, 2.68MB/s]\u001b[A\u001b[A\u001b[A","logger":"task.stderr"}
{"timestamp":"2026-08-29T03:39:15.189313Z","level":"error","event":"","logger":"task.stderr"}
{"timestamp":"2026-08-29T03:39:15.190025Z","level":"error","event":"","logger":"task.stderr"}
{"timestamp":"2026-08-29T03:39:15.194334Z","level":"error","event":"\rRDSP2408.parquet:  24%|██▍       | 3.41M/14.3M [00:01<00:03, 2.71MB/s]\u001b[A\u001b[A\u001b[A","logger":"task.stderr"}
{"timestamp":"2026-08-29T03:39:15.195187Z","level":"error","event":"","logger":"task.stderr"}
{"timestamp":"2026-08-29T03:39:15.195911Z","level":"error","event":"","logger":"task.stderr"}
{"timestamp":"2026-08-29T03:39:15.200125Z","level":"error","event":"\rRDSP2408.parquet:  24%|██▍       | 3.47M/14.3M [00:01<00:03, 2.75MB/s]\u001b[A\u001b[A\u001b[A","logger":"task.stderr"}
{"timestamp":"2026-08-29T03:39:15.201024Z","level":"error","event":"","logger":"task.stderr"}
{"timestamp":"2026-08-29T03:39:15.201740Z","level":"error","event":"","logger":"task.stderr"}
{"timestamp":"2026-08-29T03:39:15.206030Z","level":"error","event":"\rRDSP2408.parquet:  25%|██▍       | 3.54M/14.3M [00:01<00:03, 2.79MB/s]\u001b[A\u001b[A\u001b[A","logger":"task.stderr"}
{"timestamp":"2026-08-29T03:39:15.206843Z","level":"error","event":"","logger":"task.stderr"}
{"timestamp":"2026-08-29T03:39:15.207595Z","level":"error","event":"","logger":"task.stderr"}
{"timestamp":"2026-08-29T03:39:15.211849Z","level":"error","event":"\rRDSP2408.parquet:  25%|██▌       | 3.60M/14.3M [00:01<00:03, 2.83MB/s]\u001b[A\u001b[A\u001b[A","logger":"task.stderr"}
{"timestamp":"2026-08-29T03:39:15.212574Z","level":"error","event":"","logger":"task.stderr"}
{"timestamp":"2026-08-29T03:39:15.213235Z","level":"error","event":"","logger":"task.stderr"}
{"timestamp":"2026-08-29T03:39:15.219086Z","level":"error","event":"\rRDSP2408.parquet:  26%|██▌       | 3.67M/14.3M [00:01<00:03, 2.87MB/s]\u001b[A\u001b[A\u001b[A","logger":"task.stderr"}
{"timestamp":"2026-08-29T03:39:15.220035Z","level":"error","event":"","logger":"task.stderr"}
{"timestamp":"2026-08-29T03:39:15.220780Z","level":"error","event":"","logger":"task.stderr"}
{"timestamp":"2026-08-29T03:39:15.224164Z","level":"error","event":"\rRDSP2408.parquet:  26%|██▌       | 3.74M/14.3M [00:01<00:03, 2.90MB/s]\u001b[A\u001b[A\u001b[A","logger":"task.stderr"}
{"timestamp":"2026-08-29T03:39:15.224899Z","level":"error","event":"","logger":"task.stderr"}
{"timestamp":"2026-08-29T03:39:15.225594Z","level":"error","event":"","logger":"task.stderr"}
{"timestamp":"2026-08-29T03:39:15.232126Z","level":"error","event":"\rRDSP2408.parquet:  27%|██▋       | 3.80M/14.3M [00:01<00:03, 2.94MB/s]\u001b[A\u001b[A\u001b[A","logger":"task.stderr"}
{"timestamp":"2026-08-29T03:39:15.233155Z","level":"error","event":"","logger":"task.stderr"}
{"timestamp":"2026-08-29T03:39:15.233930Z","level":"error","event":"","logger":"task.stderr"}
{"timestamp":"2026-08-29T03:39:15.237394Z","level":"error","event":"\rRDSP2408.parquet:  27%|██▋       | 3.87M/14.3M [00:01<00:03, 2.98MB/s]\u001b[A\u001b[A\u001b[A","logger":"task.stderr"}
{"timestamp":"2026-08-29T03:39:15.238207Z","level":"error","event":"","logger":"task.stderr"}
{"timestamp":"2026-08-29T03:39:15.238951Z","level":"error","event":"","logger":"task.stderr"}
{"timestamp":"2026-08-29T03:39:15.243295Z","level":"error","event":"\rRDSP2408.parquet:  28%|██▊       | 3.93M/14.3M [00:01<00:03, 3.01MB/s]\u001b[A\u001b[A\u001b[A","logger":"task.stderr"}
{"timestamp":"2026-08-29T03:39:15.244210Z","level":"error","event":"","logger":"task.stderr"}
{"timestamp":"2026-08-29T03:39:15.244898Z","level":"error","event":"","logger":"task.stderr"}
{"timestamp":"2026-08-29T03:39:15.248615Z","level":"error","event":"\rRDSP2408.parquet:  28%|██▊       | 4.00M/14.3M [00:01<00:03, 3.05MB/s]\u001b[A\u001b[A\u001b[A","logger":"task.stderr"}
{"timestamp":"2026-08-29T03:39:15.249512Z","level":"error","event":"","logger":"task.stderr"}
{"timestamp":"2026-08-29T03:39:15.250231Z","level":"error","event":"","logger":"task.stderr"}
{"timestamp":"2026-08-29T03:39:15.255180Z","level":"error","event":"\rRDSP2408.parquet:  29%|██▊       | 4.06M/14.3M [00:01<00:03, 3.09MB/s]\u001b[A\u001b[A\u001b[A","logger":"task.stderr"}
{"timestamp":"2026-08-29T03:39:15.256040Z","level":"error","event":"","logger":"task.stderr"}
{"timestamp":"2026-08-29T03:39:15.256830Z","level":"error","event":"","logger":"task.stderr"}
{"timestamp":"2026-08-29T03:39:15.264240Z","level":"error","event":"\rRDSP2408.parquet:  29%|██▉       | 4.13M/14.3M [00:01<00:03, 3.12MB/s]\u001b[A\u001b[A\u001b[A","logger":"task.stderr"}
{"timestamp":"2026-08-29T03:39:15.265192Z","level":"error","event":"","logger":"task.stderr"}
{"timestamp":"2026-08-29T03:39:15.265914Z","level":"error","event":"","logger":"task.stderr"}
{"timestamp":"2026-08-29T03:39:15.272063Z","level":"error","event":"\rRDSP2408.parquet:  29%|██▉       | 4.19M/14.3M [00:01<00:03, 3.15MB/s]\u001b[A\u001b[A\u001b[A","logger":"task.stderr"}
{"timestamp":"2026-08-29T03:39:15.272989Z","level":"error","event":"","logger":"task.stderr"}
{"timestamp":"2026-08-29T03:39:15.273695Z","level":"error","event":"","logger":"task.stderr"}
{"timestamp":"2026-08-29T03:39:15.281263Z","level":"error","event":"\rRDSP2408.parquet:  30%|██▉       | 4.26M/14.3M [00:01<00:03, 3.18MB/s]\u001b[A\u001b[A\u001b[A","logger":"task.stderr"}
{"timestamp":"2026-08-29T03:39:15.282285Z","level":"error","event":"","logger":"task.stderr"}
{"timestamp":"2026-08-29T03:39:15.283144Z","level":"error","event":"","logger":"task.stderr"}
{"timestamp":"2026-08-29T03:39:15.287238Z","level":"error","event":"\rRDSP2408.parquet:  30%|███       | 4.33M/14.3M [00:01<00:03, 3.21MB/s]\u001b[A\u001b[A\u001b[A","logger":"task.stderr"}
{"timestamp":"2026-08-29T03:39:15.288039Z","level":"error","event":"","logger":"task.stderr"}
{"timestamp":"2026-08-29T03:39:15.288867Z","level":"error","event":"","logger":"task.stderr"}
{"timestamp":"2026-08-29T03:39:15.291622Z","level":"error","event":"\rRDSP2408.parquet:  31%|███       | 4.39M/14.3M [00:01<00:03, 3.24MB/s]\u001b[A\u001b[A\u001b[A","logger":"task.stderr"}
{"timestamp":"2026-08-29T03:39:15.292469Z","level":"error","event":"","logger":"task.stderr"}
{"timestamp":"2026-08-29T03:39:15.293255Z","level":"error","event":"","logger":"task.stderr"}
{"timestamp":"2026-08-29T03:39:15.294151Z","level":"error","event":"\rRDSP2408.parquet:  31%|███▏      | 4.46M/14.3M [00:01<00:02, 3.28MB/s]\u001b[A\u001b[A\u001b[A","logger":"task.stderr"}
{"timestamp":"2026-08-29T03:39:15.295016Z","level":"error","event":"","logger":"task.stderr"}
{"timestamp":"2026-08-29T03:39:15.295803Z","level":"error","event":"","logger":"task.stderr"}
{"timestamp":"2026-08-29T03:39:15.296725Z","level":"error","event":"\rRDSP2408.parquet:  32%|███▏      | 4.52M/14.3M [00:01<00:02, 3.32MB/s]\u001b[A\u001b[A\u001b[A","logger":"task.stderr"}
{"timestamp":"2026-08-29T03:39:15.297416Z","level":"error","event":"","logger":"task.stderr"}
{"timestamp":"2026-08-29T03:39:15.298110Z","level":"error","event":"","logger":"task.stderr"}
{"timestamp":"2026-08-29T03:39:15.298870Z","level":"error","event":"\rRDSP2408.parquet:  32%|███▏      | 4.59M/14.3M [00:01<00:02, 3.36MB/s]\u001b[A\u001b[A\u001b[A","logger":"task.stderr"}
{"timestamp":"2026-08-29T03:39:15.299529Z","level":"error","event":"","logger":"task.stderr"}
{"timestamp":"2026-08-29T03:39:15.300253Z","level":"error","event":"","logger":"task.stderr"}
{"timestamp":"2026-08-29T03:39:15.300949Z","level":"error","event":"\rRDSP2408.parquet:  33%|███▎      | 4.65M/14.3M [00:01<00:02, 3.41MB/s]\u001b[A\u001b[A\u001b[A","logger":"task.stderr"}
{"timestamp":"2026-08-29T03:39:15.301842Z","level":"error","event":"","logger":"task.stderr"}
{"timestamp":"2026-08-29T03:39:15.302435Z","level":"error","event":"","logger":"task.stderr"}
{"timestamp":"2026-08-29T03:39:15.304225Z","level":"error","event":"\rRDSP2408.parquet:  33%|███▎      | 4.72M/14.3M [00:01<00:02, 3.45MB/s]\u001b[A\u001b[A\u001b[A","logger":"task.stderr"}
{"timestamp":"2026-08-29T03:39:15.304928Z","level":"error","event":"","logger":"task.stderr"}
{"timestamp":"2026-08-29T03:39:15.305605Z","level":"error","event":"","logger":"task.stderr"}
{"timestamp":"2026-08-29T03:39:15.310055Z","level":"error","event":"\rRDSP2408.parquet:  34%|███▎      | 4.78M/14.3M [00:01<00:02, 3.49MB/s]\u001b[A\u001b[A\u001b[A","logger":"task.stderr"}
{"timestamp":"2026-08-29T03:39:15.310855Z","level":"error","event":"","logger":"task.stderr"}
{"timestamp":"2026-08-29T03:39:15.311426Z","level":"error","event":"","logger":"task.stderr"}
{"timestamp":"2026-08-29T03:39:15.314340Z","level":"error","event":"\rRDSP2408.parquet:  34%|███▍      | 4.85M/14.3M [00:01<00:02, 3.52MB/s]\u001b[A\u001b[A\u001b[A","logger":"task.stderr"}
{"timestamp":"2026-08-29T03:39:15.315279Z","level":"error","event":"","logger":"task.stderr"}
{"timestamp":"2026-08-29T03:39:15.316022Z","level":"error","event":"","logger":"task.stderr"}
{"timestamp":"2026-08-29T03:39:15.318432Z","level":"error","event":"\rRDSP2408.parquet:  34%|███▍      | 4.92M/14.3M [00:01<00:02, 3.56MB/s]\u001b[A\u001b[A\u001b[A","logger":"task.stderr"}
{"timestamp":"2026-08-29T03:39:15.319380Z","level":"error","event":"","logger":"task.stderr"}
{"timestamp":"2026-08-29T03:39:15.320126Z","level":"error","event":"","logger":"task.stderr"}
{"timestamp":"2026-08-29T03:39:15.324669Z","level":"error","event":"\rRDSP2408.parquet:  35%|███▍      | 4.98M/14.3M [00:01<00:02, 3.60MB/s]\u001b[A\u001b[A\u001b[A","logger":"task.stderr"}
{"timestamp":"2026-08-29T03:39:15.325687Z","level":"error","event":"","logger":"task.stderr"}
{"timestamp":"2026-08-29T03:39:15.326465Z","level":"error","event":"","logger":"task.stderr"}
{"timestamp":"2026-08-29T03:39:15.327747Z","level":"error","event":"\rRDSP2408.parquet:  35%|███▌      | 5.05M/14.3M [00:01<00:02, 3.63MB/s]\u001b[A\u001b[A\u001b[A","logger":"task.stderr"}
{"timestamp":"2026-08-29T03:39:15.328596Z","level":"error","event":"","logger":"task.stderr"}
{"timestamp":"2026-08-29T03:39:15.329358Z","level":"error","event":"","logger":"task.stderr"}
{"timestamp":"2026-08-29T03:39:15.331086Z","level":"error","event":"\rRDSP2408.parquet:  36%|███▌      | 5.11M/14.3M [00:01<00:02, 3.66MB/s]\u001b[A\u001b[A\u001b[A","logger":"task.stderr"}
{"timestamp":"2026-08-29T03:39:15.331903Z","level":"error","event":"","logger":"task.stderr"}
{"timestamp":"2026-08-29T03:39:15.332674Z","level":"error","event":"","logger":"task.stderr"}
{"timestamp":"2026-08-29T03:39:15.335416Z","level":"error","event":"\rRDSP2408.parquet:  36%|███▋      | 5.18M/14.3M [00:01<00:02, 3.70MB/s]\u001b[A\u001b[A\u001b[A","logger":"task.stderr"}
{"timestamp":"2026-08-29T03:39:15.336257Z","level":"error","event":"","logger":"task.stderr"}
{"timestamp":"2026-08-29T03:39:15.337050Z","level":"error","event":"","logger":"task.stderr"}
{"timestamp":"2026-08-29T03:39:15.338835Z","level":"error","event":"\rRDSP2408.parquet:  37%|███▋      | 5.24M/14.3M [00:01<00:02, 3.74MB/s]\u001b[A\u001b[A\u001b[A","logger":"task.stderr"}
{"timestamp":"2026-08-29T03:39:15.339694Z","level":"error","event":"","logger":"task.stderr"}
{"timestamp":"2026-08-29T03:39:15.340390Z","level":"error","event":"","logger":"task.stderr"}
{"timestamp":"2026-08-29T03:39:15.345571Z","level":"error","event":"\rRDSP2408.parquet:  37%|███▋      | 5.31M/14.3M [00:01<00:02, 3.78MB/s]\u001b[A\u001b[A\u001b[A","logger":"task.stderr"}
{"timestamp":"2026-08-29T03:39:15.346567Z","level":"error","event":"","logger":"task.stderr"}
{"timestamp":"2026-08-29T03:39:15.347477Z","level":"error","event":"","logger":"task.stderr"}
{"timestamp":"2026-08-29T03:39:15.351542Z","level":"error","event":"\rRDSP2408.parquet:  38%|███▊      | 5.37M/14.3M [00:01<00:02, 3.80MB/s]\u001b[A\u001b[A\u001b[A","logger":"task.stderr"}
{"timestamp":"2026-08-29T03:39:15.352458Z","level":"error","event":"","logger":"task.stderr"}
{"timestamp":"2026-08-29T03:39:15.353233Z","level":"error","event":"","logger":"task.stderr"}
{"timestamp":"2026-08-29T03:39:15.361364Z","level":"error","event":"\rRDSP2408.parquet:  38%|███▊      | 5.44M/14.3M [00:01<00:02, 3.83MB/s]\u001b[A\u001b[A\u001b[A","logger":"task.stderr"}
{"timestamp":"2026-08-29T03:39:15.362263Z","level":"error","event":"","logger":"task.stderr"}
{"timestamp":"2026-08-29T03:39:15.363028Z","level":"error","event":"","logger":"task.stderr"}
{"timestamp":"2026-08-29T03:39:15.366320Z","level":"error","event":"\rRDSP2408.parquet:  39%|███▊      | 5.51M/14.3M [00:01<00:02, 3.85MB/s]\u001b[A\u001b[A\u001b[A","logger":"task.stderr"}
{"timestamp":"2026-08-29T03:39:15.367386Z","level":"error","event":"","logger":"task.stderr"}
{"timestamp":"2026-08-29T03:39:15.368190Z","level":"error","event":"","logger":"task.stderr"}
{"timestamp":"2026-08-29T03:39:15.369040Z","level":"error","event":"\rRDSP2408.parquet:  39%|███▉      | 5.57M/14.3M [00:01<00:02, 3.89MB/s]\u001b[A\u001b[A\u001b[A","logger":"task.stderr"}
{"timestamp":"2026-08-29T03:39:15.369807Z","level":"error","event":"","logger":"task.stderr"}
{"timestamp":"2026-08-29T03:39:15.370524Z","level":"error","event":"","logger":"task.stderr"}
{"timestamp":"2026-08-29T03:39:15.371544Z","level":"error","event":"\rRDSP2408.parquet:  40%|███▉      | 5.64M/14.3M [00:01<00:02, 3.92MB/s]\u001b[A\u001b[A\u001b[A","logger":"task.stderr"}
{"timestamp":"2026-08-29T03:39:15.372309Z","level":"error","event":"","logger":"task.stderr"}
{"timestamp":"2026-08-29T03:39:15.373007Z","level":"error","event":"","logger":"task.stderr"}
{"timestamp":"2026-08-29T03:39:15.374768Z","level":"error","event":"\rRDSP2408.parquet:  40%|████      | 5.70M/14.3M [00:01<00:02, 3.96MB/s]\u001b[A\u001b[A\u001b[A","logger":"task.stderr"}
{"timestamp":"2026-08-29T03:39:15.375724Z","level":"error","event":"","logger":"task.stderr"}
{"timestamp":"2026-08-29T03:39:15.376494Z","level":"error","event":"","logger":"task.stderr"}
{"timestamp":"2026-08-29T03:39:15.377548Z","level":"error","event":"\rRDSP2408.parquet:  40%|████      | 5.77M/14.3M [00:01<00:02, 4.00MB/s]\u001b[A\u001b[A\u001b[A","logger":"task.stderr"}
{"timestamp":"2026-08-29T03:39:15.378366Z","level":"error","event":"","logger":"task.stderr"}
{"timestamp":"2026-08-29T03:39:15.379235Z","level":"error","event":"","logger":"task.stderr"}
{"timestamp":"2026-08-29T03:39:15.381150Z","level":"error","event":"\rRDSP2408.parquet:  41%|████      | 5.83M/14.3M [00:01<00:02, 4.04MB/s]\u001b[A\u001b[A\u001b[A","logger":"task.stderr"}
{"timestamp":"2026-08-29T03:39:15.381960Z","level":"error","event":"","logger":"task.stderr"}
{"timestamp":"2026-08-29T03:39:15.382815Z","level":"error","event":"","logger":"task.stderr"}
{"timestamp":"2026-08-29T03:39:15.384490Z","level":"error","event":"\rRDSP2408.parquet:  41%|████▏     | 5.90M/14.3M [00:01<00:02, 4.07MB/s]\u001b[A\u001b[A\u001b[A","logger":"task.stderr"}
{"timestamp":"2026-08-29T03:39:15.385374Z","level":"error","event":"","logger":"task.stderr"}
{"timestamp":"2026-08-29T03:39:15.386192Z","level":"error","event":"","logger":"task.stderr"}
{"timestamp":"2026-08-29T03:39:15.387060Z","level":"error","event":"\rRDSP2408.parquet:  42%|████▏     | 5.96M/14.3M [00:01<00:02, 4.11MB/s]\u001b[A\u001b[A\u001b[A","logger":"task.stderr"}
{"timestamp":"2026-08-29T03:39:15.387763Z","level":"error","event":"","logger":"task.stderr"}
{"timestamp":"2026-08-29T03:39:15.388452Z","level":"error","event":"","logger":"task.stderr"}
{"timestamp":"2026-08-29T03:39:15.389294Z","level":"error","event":"\rRDSP2408.parquet:  42%|████▏     | 6.03M/14.3M [00:01<00:01, 4.15MB/s]\u001b[A\u001b[A\u001b[A","logger":"task.stderr"}
{"timestamp":"2026-08-29T03:39:15.390642Z","level":"error","event":"","logger":"task.stderr"}
{"timestamp":"2026-08-29T03:39:15.391426Z","level":"error","event":"","logger":"task.stderr"}
{"timestamp":"2026-08-29T03:39:15.392426Z","level":"error","event":"\rRDSP2408.parquet:  43%|████▎     | 6.09M/14.3M [00:01<00:01, 4.19MB/s]\u001b[A\u001b[A\u001b[A","logger":"task.stderr"}
{"timestamp":"2026-08-29T03:39:15.393231Z","level":"error","event":"","logger":"task.stderr"}
{"timestamp":"2026-08-29T03:39:15.394029Z","level":"error","event":"","logger":"task.stderr"}
{"timestamp":"2026-08-29T03:39:15.394915Z","level":"error","event":"\rRDSP2408.parquet:  43%|████▎     | 6.16M/14.3M [00:01<00:01, 4.22MB/s]\u001b[A\u001b[A\u001b[A","logger":"task.stderr"}
{"timestamp":"2026-08-29T03:39:15.395845Z","level":"error","event":"","logger":"task.stderr"}
{"timestamp":"2026-08-29T03:39:15.396788Z","level":"error","event":"","logger":"task.stderr"}
{"timestamp":"2026-08-29T03:39:15.397773Z","level":"error","event":"\rRDSP2408.parquet:  44%|████▎     | 6.23M/14.3M [00:01<00:01, 4.26MB/s]\u001b[A\u001b[A\u001b[A","logger":"task.stderr"}
{"timestamp":"2026-08-29T03:39:15.398767Z","level":"error","event":"","logger":"task.stderr"}
{"timestamp":"2026-08-29T03:39:15.399707Z","level":"error","event":"","logger":"task.stderr"}
{"timestamp":"2026-08-29T03:39:15.400913Z","level":"error","event":"\rRDSP2408.parquet:  44%|████▍     | 6.29M/14.3M [00:01<00:01, 4.30MB/s]\u001b[A\u001b[A\u001b[A","logger":"task.stderr"}
{"timestamp":"2026-08-29T03:39:15.402046Z","level":"error","event":"","logger":"task.stderr"}
{"timestamp":"2026-08-29T03:39:15.403065Z","level":"error","event":"","logger":"task.stderr"}
{"timestamp":"2026-08-29T03:39:15.403932Z","level":"error","event":"\rRDSP2408.parquet:  45%|████▍     | 6.36M/14.3M [00:01<00:01, 4.33MB/s]\u001b[A\u001b[A\u001b[A","logger":"task.stderr"}
{"timestamp":"2026-08-29T03:39:15.404786Z","level":"error","event":"","logger":"task.stderr"}
{"timestamp":"2026-08-29T03:39:15.405647Z","level":"error","event":"","logger":"task.stderr"}
{"timestamp":"2026-08-29T03:39:15.406917Z","level":"error","event":"\rRDSP2408.parquet:  45%|████▌     | 6.42M/14.3M [00:01<00:01, 4.37MB/s]\u001b[A\u001b[A\u001b[A","logger":"task.stderr"}
{"timestamp":"2026-08-29T03:39:15.407911Z","level":"error","event":"","logger":"task.stderr"}
{"timestamp":"2026-08-29T03:39:15.408712Z","level":"error","event":"","logger":"task.stderr"}
{"timestamp":"2026-08-29T03:39:15.409680Z","level":"error","event":"\rRDSP2408.parquet:  46%|████▌     | 6.49M/14.3M [00:01<00:01, 4.41MB/s]\u001b[A\u001b[A\u001b[A","logger":"task.stderr"}
{"timestamp":"2026-08-29T03:39:15.410506Z","level":"error","event":"","logger":"task.stderr"}
{"timestamp":"2026-08-29T03:39:15.411463Z","level":"error","event":"","logger":"task.stderr"}
{"timestamp":"2026-08-29T03:39:15.412372Z","level":"error","event":"\rRDSP2408.parquet:  46%|████▌     | 6.55M/14.3M [00:01<00:01, 4.44MB/s]\u001b[A\u001b[A\u001b[A","logger":"task.stderr"}
{"timestamp":"2026-08-29T03:39:15.413207Z","level":"error","event":"","logger":"task.stderr"}
{"timestamp":"2026-08-29T03:39:15.414052Z","level":"error","event":"","logger":"task.stderr"}
{"timestamp":"2026-08-29T03:39:15.414819Z","level":"error","event":"\rRDSP2408.parquet:  46%|████▋     | 6.62M/14.3M [00:01<00:01, 4.48MB/s]\u001b[A\u001b[A\u001b[A","logger":"task.stderr"}
{"timestamp":"2026-08-29T03:39:15.415529Z","level":"error","event":"","logger":"task.stderr"}
{"timestamp":"2026-08-29T03:39:15.416257Z","level":"error","event":"","logger":"task.stderr"}
{"timestamp":"2026-08-29T03:39:15.417203Z","level":"error","event":"\rRDSP2408.parquet:  47%|████▋     | 6.68M/14.3M [00:01<00:01, 4.51MB/s]\u001b[A\u001b[A\u001b[A","logger":"task.stderr"}
{"timestamp":"2026-08-29T03:39:15.417906Z","level":"error","event":"","logger":"task.stderr"}
{"timestamp":"2026-08-29T03:39:15.418651Z","level":"error","event":"","logger":"task.stderr"}
{"timestamp":"2026-08-29T03:39:15.419698Z","level":"error","event":"\rRDSP2408.parquet:  47%|████▋     | 6.75M/14.3M [00:01<00:01, 4.55MB/s]\u001b[A\u001b[A\u001b[A","logger":"task.stderr"}
{"timestamp":"2026-08-29T03:39:15.420460Z","level":"error","event":"","logger":"task.stderr"}
{"timestamp":"2026-08-29T03:39:15.421153Z","level":"error","event":"","logger":"task.stderr"}
{"timestamp":"2026-08-29T03:39:15.423113Z","level":"error","event":"\rRDSP2408.parquet:  48%|████▊     | 6.82M/14.3M [00:01<00:01, 4.58MB/s]\u001b[A\u001b[A\u001b[A","logger":"task.stderr"}
{"timestamp":"2026-08-29T03:39:15.423891Z","level":"error","event":"","logger":"task.stderr"}
{"timestamp":"2026-08-29T03:39:15.424621Z","level":"error","event":"","logger":"task.stderr"}
{"timestamp":"2026-08-29T03:39:15.426032Z","level":"error","event":"\rRDSP2408.parquet:  48%|████▊     | 6.88M/14.3M [00:01<00:01, 4.62MB/s]\u001b[A\u001b[A\u001b[A","logger":"task.stderr"}
{"timestamp":"2026-08-29T03:39:15.426863Z","level":"error","event":"","logger":"task.stderr"}
{"timestamp":"2026-08-29T03:39:15.427664Z","level":"error","event":"","logger":"task.stderr"}
{"timestamp":"2026-08-29T03:39:15.430013Z","level":"error","event":"\rRDSP2408.parquet:  49%|████▊     | 6.95M/14.3M [00:01<00:01, 4.65MB/s]\u001b[A\u001b[A\u001b[A","logger":"task.stderr"}
{"timestamp":"2026-08-29T03:39:15.430897Z","level":"error","event":"","logger":"task.stderr"}
{"timestamp":"2026-08-29T03:39:15.431690Z","level":"error","event":"","logger":"task.stderr"}
{"timestamp":"2026-08-29T03:39:15.433083Z","level":"error","event":"\rRDSP2408.parquet:  49%|████▉     | 7.01M/14.3M [00:01<00:01, 4.68MB/s]\u001b[A\u001b[A\u001b[A","logger":"task.stderr"}
{"timestamp":"2026-08-29T03:39:15.433855Z","level":"error","event":"","logger":"task.stderr"}
{"timestamp":"2026-08-29T03:39:15.434640Z","level":"error","event":"","logger":"task.stderr"}
{"timestamp":"2026-08-29T03:39:15.436814Z","level":"error","event":"\rRDSP2408.parquet:  50%|████▉     | 7.08M/14.3M [00:01<00:01, 4.72MB/s]\u001b[A\u001b[A\u001b[A","logger":"task.stderr"}
{"timestamp":"2026-08-29T03:39:15.438476Z","level":"error","event":"","logger":"task.stderr"}
{"timestamp":"2026-08-29T03:39:15.439305Z","level":"error","event":"","logger":"task.stderr"}
{"timestamp":"2026-08-29T03:39:15.443399Z","level":"error","event":"\rRDSP2408.parquet:  50%|█████     | 7.14M/14.3M [00:01<00:01, 4.75MB/s]\u001b[A\u001b[A\u001b[A","logger":"task.stderr"}
{"timestamp":"2026-08-29T03:39:15.444421Z","level":"error","event":"","logger":"task.stderr"}
{"timestamp":"2026-08-29T03:39:15.445231Z","level":"error","event":"","logger":"task.stderr"}
{"timestamp":"2026-08-29T03:39:15.445998Z","level":"error","event":"\rRDSP2408.parquet:  51%|█████     | 7.21M/14.3M [00:01<00:01, 4.78MB/s]\u001b[A\u001b[A\u001b[A","logger":"task.stderr"}
{"timestamp":"2026-08-29T03:39:15.446822Z","level":"error","event":"","logger":"task.stderr"}
{"timestamp":"2026-08-29T03:39:15.447601Z","level":"error","event":"","logger":"task.stderr"}
{"timestamp":"2026-08-29T03:39:15.448558Z","level":"error","event":"\rRDSP2408.parquet:  51%|█████     | 7.27M/14.3M [00:01<00:01, 4.82MB/s]\u001b[A\u001b[A\u001b[A","logger":"task.stderr"}
{"timestamp":"2026-08-29T03:39:15.449359Z","level":"error","event":"","logger":"task.stderr"}
{"timestamp":"2026-08-29T03:39:15.450119Z","level":"error","event":"","logger":"task.stderr"}
{"timestamp":"2026-08-29T03:39:15.450942Z","level":"error","event":"\rRDSP2408.parquet:  52%|█████▏    | 7.34M/14.3M [00:01<00:01, 4.85MB/s]\u001b[A\u001b[A\u001b[A","logger":"task.stderr"}
{"timestamp":"2026-08-29T03:39:15.451849Z","level":"error","event":"","logger":"task.stderr"}
{"timestamp":"2026-08-29T03:39:15.452857Z","level":"error","event":"","logger":"task.stderr"}
{"timestamp":"2026-08-29T03:39:15.453801Z","level":"error","event":"\rRDSP2408.parquet:  52%|█████▏    | 7.41M/14.3M [00:01<00:01, 4.89MB/s]\u001b[A\u001b[A\u001b[A","logger":"task.stderr"}
{"timestamp":"2026-08-29T03:39:15.454829Z","level":"error","event":"","logger":"task.stderr"}
{"timestamp":"2026-08-29T03:39:15.455831Z","level":"error","event":"","logger":"task.stderr"}
{"timestamp":"2026-08-29T03:39:15.456672Z","level":"error","event":"\rRDSP2408.parquet:  52%|█████▏    | 7.47M/14.3M [00:01<00:01, 4.92MB/s]\u001b[A\u001b[A\u001b[A","logger":"task.stderr"}
{"timestamp":"2026-08-29T03:39:15.457520Z","level":"error","event":"","logger":"task.stderr"}
{"timestamp":"2026-08-29T03:39:15.458433Z","level":"error","event":"","logger":"task.stderr"}
{"timestamp":"2026-08-29T03:39:15.459338Z","level":"error","event":"\rRDSP2408.parquet:  53%|█████▎    | 7.54M/14.3M [00:01<00:01, 4.96MB/s]\u001b[A\u001b[A\u001b[A","logger":"task.stderr"}
{"timestamp":"2026-08-29T03:39:15.460150Z","level":"error","event":"","logger":"task.stderr"}
{"timestamp":"2026-08-29T03:39:15.460874Z","level":"error","event":"","logger":"task.stderr"}
{"timestamp":"2026-08-29T03:39:15.461807Z","level":"error","event":"\rRDSP2408.parquet:  53%|█████▎    | 7.60M/14.3M [00:01<00:01, 4.99MB/s]\u001b[A\u001b[A\u001b[A","logger":"task.stderr"}
{"timestamp":"2026-08-29T03:39:15.462655Z","level":"error","event":"","logger":"task.stderr"}
{"timestamp":"2026-08-29T03:39:15.463525Z","level":"error","event":"","logger":"task.stderr"}
{"timestamp":"2026-08-29T03:39:15.464444Z","level":"error","event":"\rRDSP2408.parquet:  54%|█████▍    | 7.67M/14.3M [00:01<00:01, 5.02MB/s]\u001b[A\u001b[A\u001b[A","logger":"task.stderr"}
{"timestamp":"2026-08-29T03:39:15.465207Z","level":"error","event":"","logger":"task.stderr"}
{"timestamp":"2026-08-29T03:39:15.465927Z","level":"error","event":"","logger":"task.stderr"}
{"timestamp":"2026-08-29T03:39:15.466743Z","level":"error","event":"\rRDSP2408.parquet:  54%|█████▍    | 7.73M/14.3M [00:01<00:01, 5.06MB/s]\u001b[A\u001b[A\u001b[A","logger":"task.stderr"}
{"timestamp":"2026-08-29T03:39:15.467390Z","level":"error","event":"","logger":"task.stderr"}
{"timestamp":"2026-08-29T03:39:15.467962Z","level":"error","event":"","logger":"task.stderr"}
{"timestamp":"2026-08-29T03:39:15.468766Z","level":"error","event":"\rRDSP2408.parquet:  55%|█████▍    | 7.80M/14.3M [00:01<00:01, 5.09MB/s]\u001b[A\u001b[A\u001b[A","logger":"task.stderr"}
{"timestamp":"2026-08-29T03:39:15.469596Z","level":"error","event":"","logger":"task.stderr"}
{"timestamp":"2026-08-29T03:39:15.470316Z","level":"error","event":"","logger":"task.stderr"}
{"timestamp":"2026-08-29T03:39:15.471141Z","level":"error","event":"\rRDSP2408.parquet:  55%|█████▌    | 7.86M/14.3M [00:01<00:01, 5.13MB/s]\u001b[A\u001b[A\u001b[A","logger":"task.stderr"}
{"timestamp":"2026-08-29T03:39:15.471856Z","level":"error","event":"","logger":"task.stderr"}
{"timestamp":"2026-08-29T03:39:15.472565Z","level":"error","event":"","logger":"task.stderr"}
{"timestamp":"2026-08-29T03:39:15.473381Z","level":"error","event":"\rRDSP2408.parquet:  56%|█████▌    | 7.93M/14.3M [00:01<00:01, 5.16MB/s]\u001b[A\u001b[A\u001b[A","logger":"task.stderr"}
{"timestamp":"2026-08-29T03:39:15.474138Z","level":"error","event":"","logger":"task.stderr"}
{"timestamp":"2026-08-29T03:39:15.474997Z","level":"error","event":"","logger":"task.stderr"}
{"timestamp":"2026-08-29T03:39:15.475980Z","level":"error","event":"\rRDSP2408.parquet:  56%|█████▌    | 8.00M/14.3M [00:01<00:01, 5.19MB/s]\u001b[A\u001b[A\u001b[A","logger":"task.stderr"}
{"timestamp":"2026-08-29T03:39:15.476767Z","level":"error","event":"","logger":"task.stderr"}
{"timestamp":"2026-08-29T03:39:15.477488Z","level":"error","event":"","logger":"task.stderr"}
{"timestamp":"2026-08-29T03:39:15.478500Z","level":"error","event":"\rRDSP2408.parquet:  57%|█████▋    | 8.06M/14.3M [00:01<00:01, 5.23MB/s]\u001b[A\u001b[A\u001b[A","logger":"task.stderr"}
{"timestamp":"2026-08-29T03:39:15.479307Z","level":"error","event":"","logger":"task.stderr"}
{"timestamp":"2026-08-29T03:39:15.479986Z","level":"error","event":"","logger":"task.stderr"}
{"timestamp":"2026-08-29T03:39:15.483956Z","level":"error","event":"\rRDSP2408.parquet:  57%|█████▋    | 8.13M/14.3M [00:01<00:01, 5.26MB/s]\u001b[A\u001b[A\u001b[A","logger":"task.stderr"}
{"timestamp":"2026-08-29T03:39:15.484896Z","level":"error","event":"","logger":"task.stderr"}
{"timestamp":"2026-08-29T03:39:15.485668Z","level":"error","event":"","logger":"task.stderr"}
{"timestamp":"2026-08-29T03:39:15.491799Z","level":"error","event":"\rRDSP2408.parquet:  57%|█████▋    | 8.19M/14.3M [00:01<00:01, 5.28MB/s]\u001b[A\u001b[A\u001b[A","logger":"task.stderr"}
{"timestamp":"2026-08-29T03:39:15.492940Z","level":"error","event":"","logger":"task.stderr"}
{"timestamp":"2026-08-29T03:39:15.493607Z","level":"error","event":"","logger":"task.stderr"}
{"timestamp":"2026-08-29T03:39:15.498572Z","level":"error","event":"\rRDSP2408.parquet:  58%|█████▊    | 8.26M/14.3M [00:01<00:01, 5.30MB/s]\u001b[A\u001b[A\u001b[A","logger":"task.stderr"}
{"timestamp":"2026-08-29T03:39:15.499574Z","level":"error","event":"","logger":"task.stderr"}
{"timestamp":"2026-08-29T03:39:15.500359Z","level":"error","event":"","logger":"task.stderr"}
{"timestamp":"2026-08-29T03:39:15.504565Z","level":"error","event":"\rRDSP2408.parquet:  58%|█████▊    | 8.32M/14.3M [00:01<00:01, 5.32MB/s]\u001b[A\u001b[A\u001b[A","logger":"task.stderr"}
{"timestamp":"2026-08-29T03:39:15.505515Z","level":"error","event":"","logger":"task.stderr"}
{"timestamp":"2026-08-29T03:39:15.506191Z","level":"error","event":"","logger":"task.stderr"}
{"timestamp":"2026-08-29T03:39:15.507858Z","level":"error","event":"\rRDSP2408.parquet:  59%|█████▉    | 8.39M/14.3M [00:01<00:01, 5.34MB/s]\u001b[A\u001b[A\u001b[A","logger":"task.stderr"}
{"timestamp":"2026-08-29T03:39:15.508621Z","level":"error","event":"","logger":"task.stderr"}
{"timestamp":"2026-08-29T03:39:15.509413Z","level":"error","event":"","logger":"task.stderr"}
{"timestamp":"2026-08-29T03:39:15.511183Z","level":"error","event":"\rRDSP2408.parquet:  59%|█████▉    | 8.45M/14.3M [00:01<00:01, 5.37MB/s]\u001b[A\u001b[A\u001b[A","logger":"task.stderr"}
{"timestamp":"2026-08-29T03:39:15.511892Z","level":"error","event":"","logger":"task.stderr"}
{"timestamp":"2026-08-29T03:39:15.512600Z","level":"error","event":"","logger":"task.stderr"}
{"timestamp":"2026-08-29T03:39:15.513492Z","level":"error","event":"\rRDSP2408.parquet:  60%|█████▉    | 8.52M/14.3M [00:01<00:01, 5.40MB/s]\u001b[A\u001b[A\u001b[A","logger":"task.stderr"}
{"timestamp":"2026-08-29T03:39:15.514185Z","level":"error","event":"","logger":"task.stderr"}
{"timestamp":"2026-08-29T03:39:15.514850Z","level":"error","event":"","logger":"task.stderr"}
{"timestamp":"2026-08-29T03:39:15.516469Z","level":"error","event":"\rRDSP2408.parquet:  60%|██████    | 8.59M/14.3M [00:01<00:01, 5.43MB/s]\u001b[A\u001b[A\u001b[A","logger":"task.stderr"}
{"timestamp":"2026-08-29T03:39:15.517278Z","level":"error","event":"","logger":"task.stderr"}
{"timestamp":"2026-08-29T03:39:15.518184Z","level":"error","event":"","logger":"task.stderr"}
{"timestamp":"2026-08-29T03:39:15.519773Z","level":"error","event":"\rRDSP2408.parquet:  61%|██████    | 8.65M/14.3M [00:01<00:01, 5.46MB/s]\u001b[A\u001b[A\u001b[A","logger":"task.stderr"}
{"timestamp":"2026-08-29T03:39:15.520535Z","level":"error","event":"","logger":"task.stderr"}
{"timestamp":"2026-08-29T03:39:15.521181Z","level":"error","event":"","logger":"task.stderr"}
{"timestamp":"2026-08-29T03:39:15.526691Z","level":"error","event":"\rRDSP2408.parquet:  61%|██████    | 8.72M/14.3M [00:01<00:01, 5.49MB/s]\u001b[A\u001b[A\u001b[A","logger":"task.stderr"}
{"timestamp":"2026-08-29T03:39:15.527595Z","level":"error","event":"","logger":"task.stderr"}
{"timestamp":"2026-08-29T03:39:15.528296Z","level":"error","event":"","logger":"task.stderr"}
{"timestamp":"2026-08-29T03:39:15.530034Z","level":"error","event":"\rRDSP2408.parquet:  62%|██████▏   | 8.78M/14.3M [00:01<00:00, 5.51MB/s]\u001b[A\u001b[A\u001b[A","logger":"task.stderr"}
{"timestamp":"2026-08-29T03:39:15.530934Z","level":"error","event":"","logger":"task.stderr"}
{"timestamp":"2026-08-29T03:39:15.532962Z","level":"error","event":"","logger":"task.stderr"}
{"timestamp":"2026-08-29T03:39:15.537438Z","level":"error","event":"\rRDSP2408.parquet:  62%|██████▏   | 8.85M/14.3M [00:01<00:00, 5.54MB/s]\u001b[A\u001b[A\u001b[A","logger":"task.stderr"}
{"timestamp":"2026-08-29T03:39:15.538445Z","level":"error","event":"","logger":"task.stderr"}
{"timestamp":"2026-08-29T03:39:15.539228Z","level":"error","event":"","logger":"task.stderr"}
{"timestamp":"2026-08-29T03:39:15.544824Z","level":"error","event":"\rRDSP2408.parquet:  63%|██████▎   | 8.91M/14.3M [00:01<00:00, 5.56MB/s]\u001b[A\u001b[A\u001b[A","logger":"task.stderr"}
{"timestamp":"2026-08-29T03:39:15.545786Z","level":"error","event":"","logger":"task.stderr"}
{"timestamp":"2026-08-29T03:39:15.546507Z","level":"error","event":"","logger":"task.stderr"}
{"timestamp":"2026-08-29T03:39:15.551492Z","level":"error","event":"\rRDSP2408.parquet:  63%|██████▎   | 8.98M/14.3M [00:01<00:00, 5.57MB/s]\u001b[A\u001b[A\u001b[A","logger":"task.stderr"}
{"timestamp":"2026-08-29T03:39:15.552462Z","level":"error","event":"","logger":"task.stderr"}
{"timestamp":"2026-08-29T03:39:15.553142Z","level":"error","event":"","logger":"task.stderr"}
{"timestamp":"2026-08-29T03:39:15.557312Z","level":"error","event":"\rRDSP2408.parquet:  63%|██████▎   | 9.04M/14.3M [00:01<00:00, 5.59MB/s]\u001b[A\u001b[A\u001b[A","logger":"task.stderr"}
{"timestamp":"2026-08-29T03:39:15.558129Z","level":"error","event":"","logger":"task.stderr"}
{"timestamp":"2026-08-29T03:39:15.558861Z","level":"error","event":"","logger":"task.stderr"}
{"timestamp":"2026-08-29T03:39:15.563155Z","level":"error","event":"\rRDSP2408.parquet:  64%|██████▍   | 9.11M/14.3M [00:01<00:00, 5.61MB/s]\u001b[A\u001b[A\u001b[A","logger":"task.stderr"}
{"timestamp":"2026-08-29T03:39:15.564072Z","level":"error","event":"","logger":"task.stderr"}
{"timestamp":"2026-08-29T03:39:15.564781Z","level":"error","event":"","logger":"task.stderr"}
{"timestamp":"2026-08-29T03:39:15.567490Z","level":"error","event":"\rRDSP2408.parquet:  64%|██████▍   | 9.18M/14.3M [00:01<00:00, 5.63MB/s]\u001b[A\u001b[A\u001b[A","logger":"task.stderr"}
{"timestamp":"2026-08-29T03:39:15.568418Z","level":"error","event":"","logger":"task.stderr"}
{"timestamp":"2026-08-29T03:39:15.569110Z","level":"error","event":"","logger":"task.stderr"}
{"timestamp":"2026-08-29T03:39:15.569877Z","level":"error","event":"\rRDSP2408.parquet:  65%|██████▍   | 9.24M/14.3M [00:01<00:00, 5.65MB/s]\u001b[A\u001b[A\u001b[A","logger":"task.stderr"}
{"timestamp":"2026-08-29T03:39:15.570774Z","level":"error","event":"","logger":"task.stderr"}
{"timestamp":"2026-08-29T03:39:15.571685Z","level":"error","event":"","logger":"task.stderr"}
{"timestamp":"2026-08-29T03:39:15.572483Z","level":"error","event":"\rRDSP2408.parquet:  65%|██████▌   | 9.31M/14.3M [00:01<00:00, 5.69MB/s]\u001b[A\u001b[A\u001b[A","logger":"task.stderr"}
{"timestamp":"2026-08-29T03:39:15.573359Z","level":"error","event":"","logger":"task.stderr"}
{"timestamp":"2026-08-29T03:39:15.574286Z","level":"error","event":"","logger":"task.stderr"}
{"timestamp":"2026-08-29T03:39:15.575037Z","level":"error","event":"\rRDSP2408.parquet:  66%|██████▌   | 9.37M/14.3M [00:01<00:00, 5.72MB/s]\u001b[A\u001b[A\u001b[A","logger":"task.stderr"}
{"timestamp":"2026-08-29T03:39:15.576761Z","level":"error","event":"","logger":"task.stderr"}
{"timestamp":"2026-08-29T03:39:15.577445Z","level":"error","event":"","logger":"task.stderr"}
{"timestamp":"2026-08-29T03:39:15.578126Z","level":"error","event":"\rRDSP2408.parquet:  66%|██████▌   | 9.44M/14.3M [00:01<00:00, 5.75MB/s]\u001b[A\u001b[A\u001b[A","logger":"task.stderr"}
{"timestamp":"2026-08-29T03:39:15.578831Z","level":"error","event":"","logger":"task.stderr"}
{"timestamp":"2026-08-29T03:39:15.579656Z","level":"error","event":"","logger":"task.stderr"}
{"timestamp":"2026-08-29T03:39:15.580618Z","level":"error","event":"\rRDSP2408.parquet:  67%|██████▋   | 9.50M/14.3M [00:01<00:00, 5.78MB/s]\u001b[A\u001b[A\u001b[A","logger":"task.stderr"}
{"timestamp":"2026-08-29T03:39:15.581633Z","level":"error","event":"","logger":"task.stderr"}
{"timestamp":"2026-08-29T03:39:15.582505Z","level":"error","event":"","logger":"task.stderr"}
{"timestamp":"2026-08-29T03:39:15.583428Z","level":"error","event":"\rRDSP2408.parquet:  67%|██████▋   | 9.57M/14.3M [00:01<00:00, 5.81MB/s]\u001b[A\u001b[A\u001b[A","logger":"task.stderr"}
{"timestamp":"2026-08-29T03:39:15.584340Z","level":"error","event":"","logger":"task.stderr"}
{"timestamp":"2026-08-29T03:39:15.585292Z","level":"error","event":"","logger":"task.stderr"}
{"timestamp":"2026-08-29T03:39:15.586126Z","level":"error","event":"\rRDSP2408.parquet:  68%|██████▊   | 9.63M/14.3M [00:01<00:00, 5.85MB/s]\u001b[A\u001b[A\u001b[A","logger":"task.stderr"}
{"timestamp":"2026-08-29T03:39:15.586994Z","level":"error","event":"","logger":"task.stderr"}
{"timestamp":"2026-08-29T03:39:15.587885Z","level":"error","event":"","logger":"task.stderr"}
{"timestamp":"2026-08-29T03:39:15.588744Z","level":"error","event":"\rRDSP2408.parquet:  68%|██████▊   | 9.70M/14.3M [00:01<00:00, 5.88MB/s]\u001b[A\u001b[A\u001b[A","logger":"task.stderr"}
{"timestamp":"2026-08-29T03:39:15.589601Z","level":"error","event":"","logger":"task.stderr"}
{"timestamp":"2026-08-29T03:39:15.590645Z","level":"error","event":"","logger":"task.stderr"}
{"timestamp":"2026-08-29T03:39:15.591534Z","level":"error","event":"\rRDSP2408.parquet:  69%|██████▊   | 9.76M/14.3M [00:01<00:00, 5.91MB/s]\u001b[A\u001b[A\u001b[A","logger":"task.stderr"}
{"timestamp":"2026-08-29T03:39:15.592299Z","level":"error","event":"","logger":"task.stderr"}
{"timestamp":"2026-08-29T03:39:15.593067Z","level":"error","event":"","logger":"task.stderr"}
{"timestamp":"2026-08-29T03:39:15.593995Z","level":"error","event":"\rRDSP2408.parquet:  69%|██████▉   | 9.83M/14.3M [00:01<00:00, 5.94MB/s]\u001b[A\u001b[A\u001b[A","logger":"task.stderr"}
{"timestamp":"2026-08-29T03:39:15.596248Z","level":"error","event":"","logger":"task.stderr"}
{"timestamp":"2026-08-29T03:39:15.596965Z","level":"error","event":"","logger":"task.stderr"}
{"timestamp":"2026-08-29T03:39:15.597584Z","level":"error","event":"\rRDSP2408.parquet:  69%|██████▉   | 9.90M/14.3M [00:01<00:00, 5.97MB/s]\u001b[A\u001b[A\u001b[A","logger":"task.stderr"}
{"timestamp":"2026-08-29T03:39:15.598307Z","level":"error","event":"","logger":"task.stderr"}
{"timestamp":"2026-08-29T03:39:15.598966Z","level":"error","event":"","logger":"task.stderr"}
{"timestamp":"2026-08-29T03:39:15.600004Z","level":"error","event":"\rRDSP2408.parquet:  70%|██████▉   | 9.96M/14.3M [00:01<00:00, 6.00MB/s]\u001b[A\u001b[A\u001b[A","logger":"task.stderr"}
{"timestamp":"2026-08-29T03:39:15.600731Z","level":"error","event":"","logger":"task.stderr"}
{"timestamp":"2026-08-29T03:39:15.601607Z","level":"error","event":"","logger":"task.stderr"}
{"timestamp":"2026-08-29T03:39:15.602435Z","level":"error","event":"\rRDSP2408.parquet:  70%|███████   | 10.0M/14.3M [00:01<00:00, 6.03MB/s]\u001b[A\u001b[A\u001b[A","logger":"task.stderr"}
{"timestamp":"2026-08-29T03:39:15.603348Z","level":"error","event":"","logger":"task.stderr"}
{"timestamp":"2026-08-29T03:39:15.604347Z","level":"error","event":"","logger":"task.stderr"}
{"timestamp":"2026-08-29T03:39:15.605207Z","level":"error","event":"\rRDSP2408.parquet:  71%|███████   | 10.1M/14.3M [00:01<00:00, 6.07MB/s]\u001b[A\u001b[A\u001b[A","logger":"task.stderr"}
{"timestamp":"2026-08-29T03:39:15.605947Z","level":"error","event":"","logger":"task.stderr"}
{"timestamp":"2026-08-29T03:39:15.606743Z","level":"error","event":"","logger":"task.stderr"}
{"timestamp":"2026-08-29T03:39:15.607612Z","level":"error","event":"\rRDSP2408.parquet:  71%|███████▏  | 10.2M/14.3M [00:01<00:00, 6.10MB/s]\u001b[A\u001b[A\u001b[A","logger":"task.stderr"}
{"timestamp":"2026-08-29T03:39:15.608394Z","level":"error","event":"","logger":"task.stderr"}
{"timestamp":"2026-08-29T03:39:15.609141Z","level":"error","event":"","logger":"task.stderr"}
{"timestamp":"2026-08-29T03:39:15.609869Z","level":"error","event":"\rRDSP2408.parquet:  72%|███████▏  | 10.2M/14.3M [00:01<00:00, 6.13MB/s]\u001b[A\u001b[A\u001b[A","logger":"task.stderr"}
{"timestamp":"2026-08-29T03:39:15.610722Z","level":"error","event":"","logger":"task.stderr"}
{"timestamp":"2026-08-29T03:39:15.611495Z","level":"error","event":"","logger":"task.stderr"}
{"timestamp":"2026-08-29T03:39:15.612286Z","level":"error","event":"\rRDSP2408.parquet:  72%|███████▏  | 10.3M/14.3M [00:01<00:00, 6.16MB/s]\u001b[A\u001b[A\u001b[A","logger":"task.stderr"}
{"timestamp":"2026-08-29T03:39:15.613088Z","level":"error","event":"","logger":"task.stderr"}
{"timestamp":"2026-08-29T03:39:15.613928Z","level":"error","event":"","logger":"task.stderr"}
{"timestamp":"2026-08-29T03:39:15.614763Z","level":"error","event":"\rRDSP2408.parquet:  73%|███████▎  | 10.4M/14.3M [00:01<00:00, 6.19MB/s]\u001b[A\u001b[A\u001b[A","logger":"task.stderr"}
{"timestamp":"2026-08-29T03:39:15.615751Z","level":"error","event":"","logger":"task.stderr"}
{"timestamp":"2026-08-29T03:39:15.616520Z","level":"error","event":"","logger":"task.stderr"}
{"timestamp":"2026-08-29T03:39:15.617383Z","level":"error","event":"\rRDSP2408.parquet:  73%|███████▎  | 10.4M/14.3M [00:01<00:00, 6.22MB/s]\u001b[A\u001b[A\u001b[A","logger":"task.stderr"}
{"timestamp":"2026-08-29T03:39:15.618066Z","level":"error","event":"","logger":"task.stderr"}
{"timestamp":"2026-08-29T03:39:15.618794Z","level":"error","event":"","logger":"task.stderr"}
{"timestamp":"2026-08-29T03:39:15.619578Z","level":"error","event":"\rRDSP2408.parquet:  74%|███████▎  | 10.5M/14.3M [00:01<00:00, 6.26MB/s]\u001b[A\u001b[A\u001b[A","logger":"task.stderr"}
{"timestamp":"2026-08-29T03:39:15.620363Z","level":"error","event":"","logger":"task.stderr"}
{"timestamp":"2026-08-29T03:39:15.621140Z","level":"error","event":"","logger":"task.stderr"}
{"timestamp":"2026-08-29T03:39:15.621930Z","level":"error","event":"\rRDSP2408.parquet:  74%|███████▍  | 10.6M/14.3M [00:01<00:00, 6.29MB/s]\u001b[A\u001b[A\u001b[A","logger":"task.stderr"}
{"timestamp":"2026-08-29T03:39:15.622734Z","level":"error","event":"","logger":"task.stderr"}
{"timestamp":"2026-08-29T03:39:15.623442Z","level":"error","event":"","logger":"task.stderr"}
{"timestamp":"2026-08-29T03:39:15.624191Z","level":"error","event":"\rRDSP2408.parquet:  75%|███████▍  | 10.6M/14.3M [00:01<00:00, 6.32MB/s]\u001b[A\u001b[A\u001b[A","logger":"task.stderr"}
{"timestamp":"2026-08-29T03:39:15.624847Z","level":"error","event":"","logger":"task.stderr"}
{"timestamp":"2026-08-29T03:39:15.625611Z","level":"error","event":"","logger":"task.stderr"}
{"timestamp":"2026-08-29T03:39:15.626408Z","level":"error","event":"\rRDSP2408.parquet:  75%|███████▍  | 10.7M/14.3M [00:01<00:00, 6.35MB/s]\u001b[A\u001b[A\u001b[A","logger":"task.stderr"}
{"timestamp":"2026-08-29T03:39:15.627225Z","level":"error","event":"","logger":"task.stderr"}
{"timestamp":"2026-08-29T03:39:15.628005Z","level":"error","event":"","logger":"task.stderr"}
{"timestamp":"2026-08-29T03:39:15.628681Z","level":"error","event":"\rRDSP2408.parquet:  75%|███████▌  | 10.7M/14.3M [00:01<00:00, 6.38MB/s]\u001b[A\u001b[A\u001b[A","logger":"task.stderr"}
{"timestamp":"2026-08-29T03:39:15.629394Z","level":"error","event":"","logger":"task.stderr"}
{"timestamp":"2026-08-29T03:39:15.630168Z","level":"error","event":"","logger":"task.stderr"}
{"timestamp":"2026-08-29T03:39:15.630892Z","level":"error","event":"\rRDSP2408.parquet:  76%|███████▌  | 10.8M/14.3M [00:01<00:00, 6.41MB/s]\u001b[A\u001b[A\u001b[A","logger":"task.stderr"}
{"timestamp":"2026-08-29T03:39:15.631619Z","level":"error","event":"","logger":"task.stderr"}
{"timestamp":"2026-08-29T03:39:15.632324Z","level":"error","event":"","logger":"task.stderr"}
{"timestamp":"2026-08-29T03:39:15.633058Z","level":"error","event":"\rRDSP2408.parquet:  76%|███████▋  | 10.9M/14.3M [00:01<00:00, 6.44MB/s]\u001b[A\u001b[A\u001b[A","logger":"task.stderr"}
{"timestamp":"2026-08-29T03:39:15.633850Z","level":"error","event":"","logger":"task.stderr"}
{"timestamp":"2026-08-29T03:39:15.634642Z","level":"error","event":"","logger":"task.stderr"}
{"timestamp":"2026-08-29T03:39:15.635599Z","level":"error","event":"\rRDSP2408.parquet:  77%|███████▋  | 10.9M/14.3M [00:01<00:00, 6.47MB/s]\u001b[A\u001b[A\u001b[A","logger":"task.stderr"}
{"timestamp":"2026-08-29T03:39:15.636436Z","level":"error","event":"","logger":"task.stderr"}
{"timestamp":"2026-08-29T03:39:15.637241Z","level":"error","event":"","logger":"task.stderr"}
{"timestamp":"2026-08-29T03:39:15.638109Z","level":"error","event":"\rRDSP2408.parquet:  77%|███████▋  | 11.0M/14.3M [00:01<00:00, 6.49MB/s]\u001b[A\u001b[A\u001b[A","logger":"task.stderr"}
{"timestamp":"2026-08-29T03:39:15.638917Z","level":"error","event":"","logger":"task.stderr"}
{"timestamp":"2026-08-29T03:39:15.639703Z","level":"error","event":"","logger":"task.stderr"}
{"timestamp":"2026-08-29T03:39:15.640500Z","level":"error","event":"\rRDSP2408.parquet:  78%|███████▊  | 11.1M/14.3M [00:01<00:00, 6.50MB/s]\u001b[A\u001b[A\u001b[A","logger":"task.stderr"}
{"timestamp":"2026-08-29T03:39:15.641323Z","level":"error","event":"","logger":"task.stderr"}
{"timestamp":"2026-08-29T03:39:15.642301Z","level":"error","event":"","logger":"task.stderr"}
{"timestamp":"2026-08-29T03:39:15.643999Z","level":"error","event":"\rRDSP2408.parquet:  78%|███████▊  | 11.1M/14.3M [00:01<00:00, 6.53MB/s]\u001b[A\u001b[A\u001b[A","logger":"task.stderr"}
{"timestamp":"2026-08-29T03:39:15.644912Z","level":"error","event":"","logger":"task.stderr"}
{"timestamp":"2026-08-29T03:39:15.645797Z","level":"error","event":"","logger":"task.stderr"}
{"timestamp":"2026-08-29T03:39:15.647509Z","level":"error","event":"\rRDSP2408.parquet:  79%|███████▊  | 11.2M/14.3M [00:01<00:00, 6.55MB/s]\u001b[A\u001b[A\u001b[A","logger":"task.stderr"}
{"timestamp":"2026-08-29T03:39:15.648343Z","level":"error","event":"","logger":"task.stderr"}
{"timestamp":"2026-08-29T03:39:15.649256Z","level":"error","event":"","logger":"task.stderr"}
{"timestamp":"2026-08-29T03:39:15.650156Z","level":"error","event":"\rRDSP2408.parquet:  79%|███████▉  | 11.3M/14.3M [00:01<00:00, 6.57MB/s]\u001b[A\u001b[A\u001b[A","logger":"task.stderr"}
{"timestamp":"2026-08-29T03:39:15.651041Z","level":"error","event":"","logger":"task.stderr"}
{"timestamp":"2026-08-29T03:39:15.651818Z","level":"error","event":"","logger":"task.stderr"}
{"timestamp":"2026-08-29T03:39:15.652818Z","level":"error","event":"\rRDSP2408.parquet:  80%|███████▉  | 11.3M/14.3M [00:01<00:00, 6.60MB/s]\u001b[A\u001b[A\u001b[A","logger":"task.stderr"}
{"timestamp":"2026-08-29T03:39:15.653631Z","level":"error","event":"","logger":"task.stderr"}
{"timestamp":"2026-08-29T03:39:15.654305Z","level":"error","event":"","logger":"task.stderr"}
{"timestamp":"2026-08-29T03:39:15.655172Z","level":"error","event":"\rRDSP2408.parquet:  80%|████████  | 11.4M/14.3M [00:01<00:00, 6.63MB/s]\u001b[A\u001b[A\u001b[A","logger":"task.stderr"}
{"timestamp":"2026-08-29T03:39:15.656169Z","level":"error","event":"","logger":"task.stderr"}
{"timestamp":"2026-08-29T03:39:15.657279Z","level":"error","event":"","logger":"task.stderr"}
{"timestamp":"2026-08-29T03:39:15.658301Z","level":"error","event":"\rRDSP2408.parquet:  80%|████████  | 11.5M/14.3M [00:01<00:00, 6.66MB/s]\u001b[A\u001b[A\u001b[A","logger":"task.stderr"}
{"timestamp":"2026-08-29T03:39:15.659104Z","level":"error","event":"","logger":"task.stderr"}
{"timestamp":"2026-08-29T03:39:15.659917Z","level":"error","event":"","logger":"task.stderr"}
{"timestamp":"2026-08-29T03:39:15.660709Z","level":"error","event":"\rRDSP2408.parquet:  81%|████████  | 11.5M/14.3M [00:01<00:00, 6.69MB/s]\u001b[A\u001b[A\u001b[A","logger":"task.stderr"}
{"timestamp":"2026-08-29T03:39:15.661471Z","level":"error","event":"","logger":"task.stderr"}
{"timestamp":"2026-08-29T03:39:15.662248Z","level":"error","event":"","logger":"task.stderr"}
{"timestamp":"2026-08-29T03:39:15.663329Z","level":"error","event":"\rRDSP2408.parquet:  81%|████████▏ | 11.6M/14.3M [00:01<00:00, 6.73MB/s]\u001b[A\u001b[A\u001b[A","logger":"task.stderr"}
{"timestamp":"2026-08-29T03:39:15.664336Z","level":"error","event":"","logger":"task.stderr"}
{"timestamp":"2026-08-29T03:39:15.665073Z","level":"error","event":"","logger":"task.stderr"}
{"timestamp":"2026-08-29T03:39:15.665742Z","level":"error","event":"\rRDSP2408.parquet:  82%|████████▏ | 11.7M/14.3M [00:01<00:00, 6.76MB/s]\u001b[A\u001b[A\u001b[A","logger":"task.stderr"}
{"timestamp":"2026-08-29T03:39:15.666479Z","level":"error","event":"","logger":"task.stderr"}
{"timestamp":"2026-08-29T03:39:15.667220Z","level":"error","event":"","logger":"task.stderr"}
{"timestamp":"2026-08-29T03:39:15.668308Z","level":"error","event":"\rRDSP2408.parquet:  82%|████████▏ | 11.7M/14.3M [00:01<00:00, 6.78MB/s]\u001b[A\u001b[A\u001b[A","logger":"task.stderr"}
{"timestamp":"2026-08-29T03:39:15.669159Z","level":"error","event":"","logger":"task.stderr"}
{"timestamp":"2026-08-29T03:39:15.669887Z","level":"error","event":"","logger":"task.stderr"}
{"timestamp":"2026-08-29T03:39:15.670704Z","level":"error","event":"\rRDSP2408.parquet:  83%|████████▎ | 11.8M/14.3M [00:01<00:00, 6.82MB/s]\u001b[A\u001b[A\u001b[A","logger":"task.stderr"}
{"timestamp":"2026-08-29T03:39:15.671454Z","level":"error","event":"","logger":"task.stderr"}
{"timestamp":"2026-08-29T03:39:15.672174Z","level":"error","event":"","logger":"task.stderr"}
{"timestamp":"2026-08-29T03:39:15.672867Z","level":"error","event":"\rRDSP2408.parquet:  83%|████████▎ | 11.9M/14.3M [00:01<00:00, 6.85MB/s]\u001b[A\u001b[A\u001b[A","logger":"task.stderr"}
{"timestamp":"2026-08-29T03:39:15.673599Z","level":"error","event":"","logger":"task.stderr"}
{"timestamp":"2026-08-29T03:39:15.674322Z","level":"error","event":"","logger":"task.stderr"}
{"timestamp":"2026-08-29T03:39:15.675186Z","level":"error","event":"\rRDSP2408.parquet:  84%|████████▎ | 11.9M/14.3M [00:01<00:00, 6.88MB/s]\u001b[A\u001b[A\u001b[A","logger":"task.stderr"}
{"timestamp":"2026-08-29T03:39:15.675885Z","level":"error","event":"","logger":"task.stderr"}
{"timestamp":"2026-08-29T03:39:15.676698Z","level":"error","event":"","logger":"task.stderr"}
{"timestamp":"2026-08-29T03:39:15.677421Z","level":"error","event":"\rRDSP2408.parquet:  84%|████████▍ | 12.0M/14.3M [00:01<00:00, 6.90MB/s]\u001b[A\u001b[A\u001b[A","logger":"task.stderr"}
{"timestamp":"2026-08-29T03:39:15.678110Z","level":"error","event":"","logger":"task.stderr"}
{"timestamp":"2026-08-29T03:39:15.678852Z","level":"error","event":"","logger":"task.stderr"}
{"timestamp":"2026-08-29T03:39:15.679479Z","level":"error","event":"\rRDSP2408.parquet:  85%|████████▍ | 12.1M/14.3M [00:01<00:00, 6.93MB/s]\u001b[A\u001b[A\u001b[A","logger":"task.stderr"}
{"timestamp":"2026-08-29T03:39:15.680149Z","level":"error","event":"","logger":"task.stderr"}
{"timestamp":"2026-08-29T03:39:15.680837Z","level":"error","event":"","logger":"task.stderr"}
{"timestamp":"2026-08-29T03:39:15.681619Z","level":"error","event":"\rRDSP2408.parquet:  85%|████████▌ | 12.1M/14.3M [00:01<00:00, 6.97MB/s]\u001b[A\u001b[A\u001b[A","logger":"task.stderr"}
{"timestamp":"2026-08-29T03:39:15.682323Z","level":"error","event":"","logger":"task.stderr"}
{"timestamp":"2026-08-29T03:39:15.683084Z","level":"error","event":"","logger":"task.stderr"}
{"timestamp":"2026-08-29T03:39:15.683793Z","level":"error","event":"\rRDSP2408.parquet:  86%|████████▌ | 12.2M/14.3M [00:01<00:00, 7.00MB/s]\u001b[A\u001b[A\u001b[A","logger":"task.stderr"}
{"timestamp":"2026-08-29T03:39:15.684545Z","level":"error","event":"","logger":"task.stderr"}
{"timestamp":"2026-08-29T03:39:15.685246Z","level":"error","event":"","logger":"task.stderr"}
{"timestamp":"2026-08-29T03:39:15.685997Z","level":"error","event":"\rRDSP2408.parquet:  86%|████████▌ | 12.3M/14.3M [00:01<00:00, 7.02MB/s]\u001b[A\u001b[A\u001b[A","logger":"task.stderr"}
{"timestamp":"2026-08-29T03:39:15.686715Z","level":"error","event":"","logger":"task.stderr"}
{"timestamp":"2026-08-29T03:39:15.687400Z","level":"error","event":"","logger":"task.stderr"}
{"timestamp":"2026-08-29T03:39:15.688197Z","level":"error","event":"\rRDSP2408.parquet:  86%|████████▋ | 12.3M/14.3M [00:01<00:00, 7.05MB/s]\u001b[A\u001b[A\u001b[A","logger":"task.stderr"}
{"timestamp":"2026-08-29T03:39:15.688846Z","level":"error","event":"","logger":"task.stderr"}
{"timestamp":"2026-08-29T03:39:15.689540Z","level":"error","event":"","logger":"task.stderr"}
{"timestamp":"2026-08-29T03:39:15.690208Z","level":"error","event":"\rRDSP2408.parquet:  87%|████████▋ | 12.4M/14.3M [00:01<00:00, 7.08MB/s]\u001b[A\u001b[A\u001b[A","logger":"task.stderr"}
{"timestamp":"2026-08-29T03:39:15.691072Z","level":"error","event":"","logger":"task.stderr"}
{"timestamp":"2026-08-29T03:39:15.691932Z","level":"error","event":"","logger":"task.stderr"}
{"timestamp":"2026-08-29T03:39:15.692787Z","level":"error","event":"\rRDSP2408.parquet:  87%|████████▋ | 12.5M/14.3M [00:01<00:00, 7.11MB/s]\u001b[A\u001b[A\u001b[A","logger":"task.stderr"}
{"timestamp":"2026-08-29T03:39:15.693563Z","level":"error","event":"","logger":"task.stderr"}
{"timestamp":"2026-08-29T03:39:15.694377Z","level":"error","event":"","logger":"task.stderr"}
{"timestamp":"2026-08-29T03:39:15.695396Z","level":"error","event":"\rRDSP2408.parquet:  88%|████████▊ | 12.5M/14.3M [00:01<00:00, 7.14MB/s]\u001b[A\u001b[A\u001b[A","logger":"task.stderr"}
{"timestamp":"2026-08-29T03:39:15.696217Z","level":"error","event":"","logger":"task.stderr"}
{"timestamp":"2026-08-29T03:39:15.697048Z","level":"error","event":"","logger":"task.stderr"}
{"timestamp":"2026-08-29T03:39:15.697920Z","level":"error","event":"\rRDSP2408.parquet:  88%|████████▊ | 12.6M/14.3M [00:01<00:00, 7.17MB/s]\u001b[A\u001b[A\u001b[A","logger":"task.stderr"}
{"timestamp":"2026-08-29T03:39:15.698862Z","level":"error","event":"","logger":"task.stderr"}
{"timestamp":"2026-08-29T03:39:15.699745Z","level":"error","event":"","logger":"task.stderr"}
{"timestamp":"2026-08-29T03:39:15.700730Z","level":"error","event":"\rRDSP2408.parquet:  89%|████████▉ | 12.6M/14.3M [00:01<00:00, 7.20MB/s]\u001b[A\u001b[A\u001b[A","logger":"task.stderr"}
{"timestamp":"2026-08-29T03:39:15.701560Z","level":"error","event":"","logger":"task.stderr"}
{"timestamp":"2026-08-29T03:39:15.702364Z","level":"error","event":"","logger":"task.stderr"}
{"timestamp":"2026-08-29T03:39:15.703150Z","level":"error","event":"\rRDSP2408.parquet:  89%|████████▉ | 12.7M/14.3M [00:01<00:00, 7.22MB/s]\u001b[A\u001b[A\u001b[A","logger":"task.stderr"}
{"timestamp":"2026-08-29T03:39:15.704056Z","level":"error","event":"","logger":"task.stderr"}
{"timestamp":"2026-08-29T03:39:15.704967Z","level":"error","event":"","logger":"task.stderr"}
{"timestamp":"2026-08-29T03:39:15.705969Z","level":"error","event":"\rRDSP2408.parquet:  90%|████████▉ | 12.8M/14.3M [00:01<00:00, 7.25MB/s]\u001b[A\u001b[A\u001b[A","logger":"task.stderr"}
{"timestamp":"2026-08-29T03:39:15.706827Z","level":"error","event":"","logger":"task.stderr"}
{"timestamp":"2026-08-29T03:39:15.707693Z","level":"error","event":"","logger":"task.stderr"}
{"timestamp":"2026-08-29T03:39:15.708365Z","level":"error","event":"\rRDSP2408.parquet:  90%|█████████ | 12.8M/14.3M [00:01<00:00, 7.28MB/s]\u001b[A\u001b[A\u001b[A","logger":"task.stderr"}
{"timestamp":"2026-08-29T03:39:15.709116Z","level":"error","event":"","logger":"task.stderr"}
{"timestamp":"2026-08-29T03:39:15.709820Z","level":"error","event":"","logger":"task.stderr"}
{"timestamp":"2026-08-29T03:39:15.710457Z","level":"error","event":"\rRDSP2408.parquet:  91%|█████████ | 12.9M/14.3M [00:01<00:00, 7.30MB/s]\u001b[A\u001b[A\u001b[A","logger":"task.stderr"}
{"timestamp":"2026-08-29T03:39:15.711186Z","level":"error","event":"","logger":"task.stderr"}
{"timestamp":"2026-08-29T03:39:15.711893Z","level":"error","event":"","logger":"task.stderr"}
{"timestamp":"2026-08-29T03:39:15.712626Z","level":"error","event":"\rRDSP2408.parquet:  91%|█████████ | 13.0M/14.3M [00:01<00:00, 7.33MB/s]\u001b[A\u001b[A\u001b[A","logger":"task.stderr"}
{"timestamp":"2026-08-29T03:39:15.713395Z","level":"error","event":"","logger":"task.stderr"}
{"timestamp":"2026-08-29T03:39:15.714032Z","level":"error","event":"","logger":"task.stderr"}
{"timestamp":"2026-08-29T03:39:15.714949Z","level":"error","event":"\rRDSP2408.parquet:  92%|█████████▏| 13.0M/14.3M [00:01<00:00, 7.36MB/s]\u001b[A\u001b[A\u001b[A","logger":"task.stderr"}
{"timestamp":"2026-08-29T03:39:15.715670Z","level":"error","event":"","logger":"task.stderr"}
{"timestamp":"2026-08-29T03:39:15.716301Z","level":"error","event":"","logger":"task.stderr"}
{"timestamp":"2026-08-29T03:39:15.716943Z","level":"error","event":"\rRDSP2408.parquet:  92%|█████████▏| 13.1M/14.3M [00:01<00:00, 7.38MB/s]\u001b[A\u001b[A\u001b[A","logger":"task.stderr"}
{"timestamp":"2026-08-29T03:39:15.717735Z","level":"error","event":"","logger":"task.stderr"}
{"timestamp":"2026-08-29T03:39:15.718448Z","level":"error","event":"","logger":"task.stderr"}
{"timestamp":"2026-08-29T03:39:15.719237Z","level":"error","event":"\rRDSP2408.parquet:  92%|█████████▏| 13.2M/14.3M [00:01<00:00, 7.41MB/s]\u001b[A\u001b[A\u001b[A","logger":"task.stderr"}
{"timestamp":"2026-08-29T03:39:15.719882Z","level":"error","event":"","logger":"task.stderr"}
{"timestamp":"2026-08-29T03:39:15.720640Z","level":"error","event":"","logger":"task.stderr"}
{"timestamp":"2026-08-29T03:39:15.721350Z","level":"error","event":"\rRDSP2408.parquet:  93%|█████████▎| 13.2M/14.3M [00:01<00:00, 7.44MB/s]\u001b[A\u001b[A\u001b[A","logger":"task.stderr"}
{"timestamp":"2026-08-29T03:39:15.722064Z","level":"error","event":"","logger":"task.stderr"}
{"timestamp":"2026-08-29T03:39:15.722812Z","level":"error","event":"","logger":"task.stderr"}
{"timestamp":"2026-08-29T03:39:15.723677Z","level":"error","event":"\rRDSP2408.parquet:  93%|█████████▎| 13.3M/14.3M [00:01<00:00, 7.47MB/s]\u001b[A\u001b[A\u001b[A","logger":"task.stderr"}
{"timestamp":"2026-08-29T03:39:15.724467Z","level":"error","event":"","logger":"task.stderr"}
{"timestamp":"2026-08-29T03:39:15.725215Z","level":"error","event":"","logger":"task.stderr"}
{"timestamp":"2026-08-29T03:39:15.725981Z","level":"error","event":"\rRDSP2408.parquet:  94%|█████████▍| 13.4M/14.3M [00:01<00:00, 7.50MB/s]\u001b[A\u001b[A\u001b[A","logger":"task.stderr"}
{"timestamp":"2026-08-29T03:39:15.726764Z","level":"error","event":"","logger":"task.stderr"}
{"timestamp":"2026-08-29T03:39:15.727487Z","level":"error","event":"","logger":"task.stderr"}
{"timestamp":"2026-08-29T03:39:15.728261Z","level":"error","event":"\rRDSP2408.parquet:  94%|█████████▍| 13.4M/14.3M [00:01<00:00, 7.53MB/s]\u001b[A\u001b[A\u001b[A","logger":"task.stderr"}
{"timestamp":"2026-08-29T03:39:15.728996Z","level":"error","event":"","logger":"task.stderr"}
{"timestamp":"2026-08-29T03:39:15.730223Z","level":"error","event":"","logger":"task.stderr"}
{"timestamp":"2026-08-29T03:39:15.730958Z","level":"error","event":"\rRDSP2408.parquet:  95%|█████████▍| 13.5M/14.3M [00:01<00:00, 7.56MB/s]\u001b[A\u001b[A\u001b[A","logger":"task.stderr"}
{"timestamp":"2026-08-29T03:39:15.731665Z","level":"error","event":"","logger":"task.stderr"}
{"timestamp":"2026-08-29T03:39:15.732356Z","level":"error","event":"","logger":"task.stderr"}
{"timestamp":"2026-08-29T03:39:15.733179Z","level":"error","event":"\rRDSP2408.parquet:  95%|█████████▌| 13.6M/14.3M [00:01<00:00, 7.58MB/s]\u001b[A\u001b[A\u001b[A","logger":"task.stderr"}
{"timestamp":"2026-08-29T03:39:15.734045Z","level":"error","event":"","logger":"task.stderr"}
{"timestamp":"2026-08-29T03:39:15.734830Z","level":"error","event":"","logger":"task.stderr"}
{"timestamp":"2026-08-29T03:39:15.735577Z","level":"error","event":"\rRDSP2408.parquet:  96%|█████████▌| 13.6M/14.3M [00:01<00:00, 7.61MB/s]\u001b[A\u001b[A\u001b[A","logger":"task.stderr"}
{"timestamp":"2026-08-29T03:39:15.736308Z","level":"error","event":"","logger":"task.stderr"}
{"timestamp":"2026-08-29T03:39:15.736910Z","level":"error","event":"","logger":"task.stderr"}
{"timestamp":"2026-08-29T03:39:15.737557Z","level":"error","event":"\rRDSP2408.parquet:  96%|█████████▌| 13.7M/14.3M [00:01<00:00, 7.64MB/s]\u001b[A\u001b[A\u001b[A","logger":"task.stderr"}
{"timestamp":"2026-08-29T03:39:15.738250Z","level":"error","event":"","logger":"task.stderr"}
{"timestamp":"2026-08-29T03:39:15.738981Z","level":"error","event":"","logger":"task.stderr"}
{"timestamp":"2026-08-29T03:39:15.739694Z","level":"error","event":"\rRDSP2408.parquet:  97%|█████████▋| 13.8M/14.3M [00:01<00:00, 7.67MB/s]\u001b[A\u001b[A\u001b[A","logger":"task.stderr"}
{"timestamp":"2026-08-29T03:39:15.740480Z","level":"error","event":"","logger":"task.stderr"}
{"timestamp":"2026-08-29T03:39:15.741174Z","level":"error","event":"","logger":"task.stderr"}
{"timestamp":"2026-08-29T03:39:15.741914Z","level":"error","event":"\rRDSP2408.parquet:  97%|█████████▋| 13.8M/14.3M [00:01<00:00, 7.70MB/s]\u001b[A\u001b[A\u001b[A","logger":"task.stderr"}
{"timestamp":"2026-08-29T03:39:15.742578Z","level":"error","event":"","logger":"task.stderr"}
{"timestamp":"2026-08-29T03:39:15.743326Z","level":"error","event":"","logger":"task.stderr"}
{"timestamp":"2026-08-29T03:39:15.744095Z","level":"error","event":"\rRDSP2408.parquet:  97%|█████████▋| 13.9M/14.3M [00:01<00:00, 7.72MB/s]\u001b[A\u001b[A\u001b[A","logger":"task.stderr"}
{"timestamp":"2026-08-29T03:39:15.744781Z","level":"error","event":"","logger":"task.stderr"}
{"timestamp":"2026-08-29T03:39:15.745376Z","level":"error","event":"","logger":"task.stderr"}
{"timestamp":"2026-08-29T03:39:15.745963Z","level":"error","event":"\rRDSP2408.parquet:  98%|█████████▊| 14.0M/14.3M [00:01<00:00, 7.75MB/s]\u001b[A\u001b[A\u001b[A","logger":"task.stderr"}
{"timestamp":"2026-08-29T03:39:15.746549Z","level":"error","event":"","logger":"task.stderr"}
{"timestamp":"2026-08-29T03:39:15.747183Z","level":"error","event":"","logger":"task.stderr"}
{"timestamp":"2026-08-29T03:39:15.747775Z","level":"error","event":"\rRDSP2408.parquet:  98%|█████████▊| 14.0M/14.3M [00:01<00:00, 7.78MB/s]\u001b[A\u001b[A\u001b[A","logger":"task.stderr"}
{"timestamp":"2026-08-29T03:39:15.748361Z","level":"error","event":"","logger":"task.stderr"}
{"timestamp":"2026-08-29T03:39:15.748905Z","level":"error","event":"","logger":"task.stderr"}
{"timestamp":"2026-08-29T03:39:15.749494Z","level":"error","event":"\rRDSP2408.parquet:  99%|█████████▉| 14.1M/14.3M [00:01<00:00, 7.80MB/s]\u001b[A\u001b[A\u001b[A","logger":"task.stderr"}
{"timestamp":"2026-08-29T03:39:15.750078Z","level":"error","event":"","logger":"task.stderr"}
{"timestamp":"2026-08-29T03:39:15.750803Z","level":"error","event":"","logger":"task.stderr"}
{"timestamp":"2026-08-29T03:39:15.751413Z","level":"error","event":"\rRDSP2408.parquet:  99%|█████████▉| 14.2M/14.3M [00:01<00:00, 7.83MB/s]\u001b[A\u001b[A\u001b[A","logger":"task.stderr"}
{"timestamp":"2026-08-29T03:39:15.751975Z","level":"error","event":"","logger":"task.stderr"}
{"timestamp":"2026-08-29T03:39:15.752544Z","level":"error","event":"","logger":"task.stderr"}
{"timestamp":"2026-08-29T03:39:15.753189Z","level":"error","event":"\rRDSP2408.parquet: 100%|█████████▉| 14.2M/14.3M [00:01<00:00, 7.85MB/s]\u001b[A\u001b[A\u001b[A","logger":"task.stderr"}
{"timestamp":"2026-08-29T03:39:15.753752Z","level":"error","event":"","logger":"task.stderr"}
{"timestamp":"2026-08-29T03:39:15.754304Z","level":"error","event":"","logger":"task.stderr"}
{"timestamp":"2026-08-29T03:39:15.772527Z","level":"error","event":"\rRDSP2408.parquet: 100%|██████████| 14.3M/14.3M [00:01<00:00, 7.87MB/s]\u001b[A\u001b[A\u001b[A\rRDSP2408.parquet: 100%|██████████| 14.3M/14.3M [00:01<00:00, 7.75MB/s]","logger":"task.stderr"}
{"timestamp":"2026-08-29T03:39:15.775599Z","level":"error","event":"\rDownloading sih: 100%|██████████| 3/3 [00:03<00:00,  1.05s/file]\rDownloading sih: 100%|██████████| 3/3 [00:03<00:00,  1.18s/file]","logger":"task.stderr"}
{"timestamp":"2026-08-29T03:39:16.445783Z","level":"info","event":"[SIH] Carregado: 246,085 registros","logger":"task.stdout"}
{"timestamp":"2026-08-29T03:39:19.441917Z","level":"info","event":"[SIH] Salvo localmente em: /opt/airflow/data/raw/sih_SP_2024_08.parquet","logger":"task.stdout"}
{"timestamp":"2026-08-29T03:39:19.442728Z","level":"info","event":"[CNES] Baixando dados: SP 2024/08","logger":"task.stdout"}
{"timestamp":"2026-08-29T03:39:29.383861Z","level":"error","event":"\rDownloading cnes:   0%|          | 0/1 [00:00<?, ?file/s]","logger":"task.stderr"}
{"timestamp":"2026-08-29T03:39:31.102873Z","level":"error","event":"\rLTSP2408.parquet: 0.00B [00:00, ?B/s]\u001b[A","logger":"task.stderr"}
{"timestamp":"2026-08-29T03:39:31.109959Z","level":"error","event":"\rLTSP2408.parquet:   0%|          | 0.00/98.6k [00:00<?, ?B/s]\u001b[A","logger":"task.stderr"}
{"timestamp":"2026-08-29T03:39:31.175036Z","level":"error","event":"\rLTSP2408.parquet:  66%|██████▋   | 65.5k/98.6k [00:00<00:00, 468MB/s]\u001b[A","logger":"task.stderr"}
{"timestamp":"2026-08-29T03:39:31.200854Z","level":"error","event":"\rLTSP2408.parquet: 100%|██████████| 98.6k/98.6k [00:00<00:00, 1.37MB/s]\u001b[A\rLTSP2408.parquet: 100%|██████████| 98.6k/98.6k [00:00<00:00, 1.01MB/s]","logger":"task.stderr"}
{"timestamp":"2026-08-29T03:39:31.218988Z","level":"error","event":"\rDownloading cnes: 100%|██████████| 1/1 [00:01<00:00,  1.84s/file]\rDownloading cnes: 100%|██████████| 1/1 [00:01<00:00,  1.84s/file]","logger":"task.stderr"}
{"timestamp":"2026-08-29T03:39:31.226511Z","level":"info","event":"[CNES] Carregado: 8,445 registros","logger":"task.stdout"}
{"timestamp":"2026-08-29T03:39:31.301107Z","level":"info","event":"[CNES] Salvo localmente em: /opt/airflow/data/raw/cnes_SP_2024_08.parquet","logger":"task.stdout"}
{"timestamp":"2026-08-29T03:39:31.301974Z","level":"info","event":"[IBGE] Carregando dados para SP","logger":"task.stdout"}
{"timestamp":"2026-08-29T03:39:31.532676Z","level":"info","event":"[IBGE] Carregado: 645 municípios","logger":"task.stdout"}
{"timestamp":"2026-08-29T03:39:31.558461Z","level":"info","event":"[IBGE] Salvo localmente em: /opt/airflow/data/reference/ibge_SP.parquet","logger":"task.stdout"}
{"timestamp":"2026-08-29T03:39:31.559105Z","level":"info","event":"==================================================","logger":"task.stdout"}
{"timestamp":"2026-08-29T03:39:31.559653Z","level":"info","event":"RESUMO DA INGESTÃO","logger":"task.stdout"}
{"timestamp":"2026-08-29T03:39:31.560194Z","level":"info","event":"SIH        | OK    |  246,085 registros","logger":"task.stdout"}
{"timestamp":"2026-08-29T03:39:31.560810Z","level":"info","event":"CNES       | OK    |    8,445 registros","logger":"task.stdout"}
{"timestamp":"2026-08-29T03:39:31.561412Z","level":"info","event":"IBGE       | OK    |      645 registros","logger":"task.stdout"}
{"timestamp":"2026-08-29T03:39:31.562060Z","level":"info","event":"==================================================","logger":"task.stdout"}
{"timestamp":"2026-08-29T03:39:31.562782Z","level":"info","event":"[INGESTAO] Concluída com sucesso.","logger":"task.stdout"}
{"timestamp":"2026-08-29T03:39:31.605112Z","level":"info","event":"Done. Returned value was: None","logger":"airflow.task.operators.airflow.providers.standard.operators.python.PythonOperator","filename":"python.py","lineno":229}
{"timestamp":"2026-08-29T17:20:07.250088Z","level":"info","event":"DAG bundles loaded: dags-folder","logger":"airflow.dag_processing.bundles.manager.DagBundlesManager","filename":"manager.py","lineno":209}
{"timestamp":"2026-08-29T17:20:07.251329Z","level":"info","event":"Filling up the DagBag from /opt/airflow/dags/meddata_pipeline.py","logger":"airflow.dag_processing.dagbag.BundleDagBag","filename":"dagbag.py","lineno":469}
{"timestamp":"2026-08-29T17:20:08.359057Z","level":"info","event":"Default Auth client Circuit breaker strategy enabled","logger":"oci.circuit_breaker","filename":"__init__.py","lineno":28}
{"timestamp":"2026-08-29T17:20:08.670771Z","level":"warning","event":"The `airflow.hooks.base.BaseHook` attribute is deprecated. Please use `'airflow.sdk.bases.hook.BaseHook'`.","category":"UserWarning","filename":"/opt/airflow/dags/meddata_pipeline.py","lineno":11,"logger":"py.warnings"}
{"timestamp":"2026-08-29T17:20:08.710971Z","level":"info","event":"[INGESTAO] Baixando dados para SP/2024/08","logger":"task.stdout"}
{"timestamp":"2026-08-29T17:20:08.711943Z","level":"info","event":"==================================================","logger":"task.stdout"}
{"timestamp":"2026-08-29T17:20:08.712454Z","level":"info","event":"INICIANDO INGESTÃO DE DADOS","logger":"task.stdout"}
{"timestamp":"2026-08-29T17:20:08.712923Z","level":"info","event":"UF: SP | Ano: 2024 | Mês: 08","logger":"task.stdout"}
{"timestamp":"2026-08-29T17:20:08.713373Z","level":"info","event":"Upload para OCI: NÃO","logger":"task.stdout"}
{"timestamp":"2026-08-29T17:20:08.713893Z","level":"info","event":"==================================================","logger":"task.stdout"}
{"timestamp":"2026-08-29T17:20:08.714358Z","level":"info","event":"[SIH] Baixando dados: SP 2024/08","logger":"task.stdout"}
{"timestamp":"2026-08-29T17:20:21.350236Z","level":"error","event":"\rDownloading sih:   0%|          | 0/3 [00:00<?, ?file/s]","logger":"task.stderr"}
{"timestamp":"2026-08-29T17:20:21.401575Z","level":"error","event":"\rERSP2408.parquet: 0.00B [00:00, ?B/s]\u001b[A","logger":"task.stderr"}
{"timestamp":"2026-08-29T17:20:21.402659Z","level":"error","event":"","logger":"task.stderr"}
{"timestamp":"2026-08-29T17:20:21.447819Z","level":"error","event":"\rRDSP2408.parquet: 0.00B [00:00, ?B/s]\u001b[A\u001b[A","logger":"task.stderr"}
{"timestamp":"2026-08-29T17:20:21.448702Z","level":"error","event":"","logger":"task.stderr"}
{"timestamp":"2026-08-29T17:20:21.449281Z","level":"error","event":"","logger":"task.stderr"}
{"timestamp":"2026-08-29T17:20:22.958875Z","level":"error","event":"\rRJSP2408.parquet: 0.00B [00:00, ?B/s]\u001b[A\u001b[A\u001b[A","logger":"task.stderr"}
{"timestamp":"2026-08-29T17:20:22.959598Z","level":"error","event":"","logger":"task.stderr"}
{"timestamp":"2026-08-29T17:20:22.960168Z","level":"error","event":"","logger":"task.stderr"}
{"timestamp":"2026-08-29T17:20:22.961021Z","level":"error","event":"\rRJSP2408.parquet:   0%|          | 0.00/595k [00:00<?, ?B/s]\u001b[A\u001b[A\u001b[A","logger":"task.stderr"}
{"timestamp":"2026-08-29T17:20:22.961552Z","level":"error","event":"","logger":"task.stderr"}
{"timestamp":"2026-08-29T17:20:22.962109Z","level":"error","event":"","logger":"task.stderr"}
{"timestamp":"2026-08-29T17:20:23.025048Z","level":"error","event":"\rRJSP2408.parquet:  11%|█         | 65.5k/595k [00:00<00:00, 355MB/s]\u001b[A\u001b[A\u001b[A","logger":"task.stderr"}
{"timestamp":"2026-08-29T17:20:23.026048Z","level":"error","event":"\rERSP2408.parquet:   0%|          | 0.00/255k [00:00<?, ?B/s]\u001b[A","logger":"task.stderr"}
{"timestamp":"2026-08-29T17:20:23.043870Z","level":"error","event":"\rERSP2408.parquet:  26%|██▌       | 65.5k/255k [00:00<00:00, 403MB/s]\u001b[A","logger":"task.stderr"}
{"timestamp":"2026-08-29T17:20:23.044784Z","level":"error","event":"","logger":"task.stderr"}
{"timestamp":"2026-08-29T17:20:23.045469Z","level":"error","event":"\rRDSP2408.parquet:   0%|          | 0.00/14.3M [00:00<?, ?B/s]\u001b[A\u001b[A","logger":"task.stderr"}
{"timestamp":"2026-08-29T17:20:23.046099Z","level":"error","event":"","logger":"task.stderr"}
{"timestamp":"2026-08-29T17:20:23.211756Z","level":"error","event":"\rRDSP2408.parquet:   0%|          | 65.5k/14.3M [00:00<00:00, 438MB/s]\u001b[A\u001b[A","logger":"task.stderr"}
{"timestamp":"2026-08-29T17:20:23.212592Z","level":"error","event":"","logger":"task.stderr"}
{"timestamp":"2026-08-29T17:20:23.213185Z","level":"error","event":"","logger":"task.stderr"}
{"timestamp":"2026-08-29T17:20:23.217224Z","level":"error","event":"\rRJSP2408.parquet:  22%|██▏       | 131k/595k [00:00<00:00, 518kB/s] \u001b[A\u001b[A\u001b[A","logger":"task.stderr"}
{"timestamp":"2026-08-29T17:20:23.235022Z","level":"error","event":"\rERSP2408.parquet:  51%|█████▏    | 131k/255k [00:00<00:00, 682kB/s] \u001b[A","logger":"task.stderr"}
{"timestamp":"2026-08-29T17:20:23.235985Z","level":"error","event":"","logger":"task.stderr"}
{"timestamp":"2026-08-29T17:20:23.320039Z","level":"error","event":"\rRDSP2408.parquet:   1%|          | 131k/14.3M [00:00<00:20, 686kB/s] \u001b[A\u001b[A","logger":"task.stderr"}
{"timestamp":"2026-08-29T17:20:23.320887Z","level":"error","event":"","logger":"task.stderr"}
{"timestamp":"2026-08-29T17:20:23.321509Z","level":"error","event":"","logger":"task.stderr"}
{"timestamp":"2026-08-29T17:20:23.323678Z","level":"error","event":"\rRJSP2408.parquet:  33%|███▎      | 197k/595k [00:00<00:00, 544kB/s]\u001b[A\u001b[A\u001b[A","logger":"task.stderr"}
{"timestamp":"2026-08-29T17:20:23.340420Z","level":"error","event":"\rERSP2408.parquet:  77%|███████▋  | 197k/255k [00:00<00:00, 658kB/s]\u001b[A","logger":"task.stderr"}
{"timestamp":"2026-08-29T17:20:23.341287Z","level":"error","event":"","logger":"task.stderr"}
{"timestamp":"2026-08-29T17:20:23.412305Z","level":"error","event":"\rRDSP2408.parquet:   1%|▏         | 197k/14.3M [00:00<00:21, 663kB/s]\u001b[A\u001b[A","logger":"task.stderr"}
{"timestamp":"2026-08-29T17:20:23.439424Z","level":"error","event":"\rERSP2408.parquet: 100%|██████████| 255k/255k [00:00<00:00, 659kB/s]\u001b[A\rERSP2408.parquet: 100%|██████████| 255k/255k [00:00<00:00, 616kB/s]","logger":"task.stderr"}
{"timestamp":"2026-08-29T17:20:23.441030Z","level":"error","event":"","logger":"task.stderr"}
{"timestamp":"2026-08-29T17:20:23.441683Z","level":"error","event":"","logger":"task.stderr"}
{"timestamp":"2026-08-29T17:20:23.442310Z","level":"error","event":"","logger":"task.stderr"}
{"timestamp":"2026-08-29T17:20:23.442965Z","level":"error","event":"\rRJSP2408.parquet:  44%|████▍     | 262k/595k [00:00<00:00, 543kB/s]\u001b[A\u001b[A\u001b[A","logger":"task.stderr"}
{"timestamp":"2026-08-29T17:20:23.443537Z","level":"error","event":"","logger":"task.stderr"}
{"timestamp":"2026-08-29T17:20:23.523255Z","level":"error","event":"\rRDSP2408.parquet:   2%|▏         | 262k/14.3M [00:00<00:21, 658kB/s]\u001b[A\u001b[A\rDownloading sih:  33%|███▎      | 1/3 [00:02<00:04,  2.09s/file]","logger":"task.stderr"}
{"timestamp":"2026-08-29T17:20:23.524100Z","level":"error","event":"","logger":"task.stderr"}
{"timestamp":"2026-08-29T17:20:23.537096Z","level":"error","event":"\rRDSP2408.parquet:   2%|▏         | 328k/14.3M [00:00<00:20, 683kB/s]\u001b[A\u001b[A","logger":"task.stderr"}
{"timestamp":"2026-08-29T17:20:23.537882Z","level":"error","event":"","logger":"task.stderr"}
{"timestamp":"2026-08-29T17:20:23.538456Z","level":"error","event":"","logger":"task.stderr"}
{"timestamp":"2026-08-29T17:20:23.573044Z","level":"error","event":"\rRJSP2408.parquet:  55%|█████▌    | 328k/595k [00:00<00:00, 567kB/s]\u001b[A\u001b[A\u001b[A","logger":"task.stderr"}
{"timestamp":"2026-08-29T17:20:23.573870Z","level":"error","event":"","logger":"task.stderr"}
{"timestamp":"2026-08-29T17:20:23.596383Z","level":"error","event":"\rRDSP2408.parquet:   3%|▎         | 393k/14.3M [00:00<00:18, 743kB/s]\u001b[A\u001b[A","logger":"task.stderr"}
{"timestamp":"2026-08-29T17:20:23.597170Z","level":"error","event":"","logger":"task.stderr"}
{"timestamp":"2026-08-29T17:20:23.597813Z","level":"error","event":"","logger":"task.stderr"}
{"timestamp":"2026-08-29T17:20:23.616596Z","level":"error","event":"\rRJSP2408.parquet:  66%|██████▌   | 393k/595k [00:00<00:00, 617kB/s]\u001b[A\u001b[A\u001b[A","logger":"task.stderr"}
{"timestamp":"2026-08-29T17:20:23.617451Z","level":"error","event":"","logger":"task.stderr"}
{"timestamp":"2026-08-29T17:20:23.635766Z","level":"error","event":"\rRDSP2408.parquet:   3%|▎         | 459k/14.3M [00:00<00:17, 801kB/s]\u001b[A\u001b[A","logger":"task.stderr"}
{"timestamp":"2026-08-29T17:20:23.636593Z","level":"error","event":"","logger":"task.stderr"}
{"timestamp":"2026-08-29T17:20:23.637196Z","level":"error","event":"","logger":"task.stderr"}
{"timestamp":"2026-08-29T17:20:23.672520Z","level":"error","event":"\rRJSP2408.parquet:  77%|███████▋  | 459k/595k [00:00<00:00, 678kB/s]\u001b[A\u001b[A\u001b[A","logger":"task.stderr"}
{"timestamp":"2026-08-29T17:20:23.673442Z","level":"error","event":"","logger":"task.stderr"}
{"timestamp":"2026-08-29T17:20:23.674051Z","level":"error","event":"","logger":"task.stderr"}
{"timestamp":"2026-08-29T17:20:23.674767Z","level":"error","event":"\rRJSP2408.parquet:  88%|████████▊ | 524k/595k [00:00<00:00, 735kB/s]\u001b[A\u001b[A\u001b[A","logger":"task.stderr"}
{"timestamp":"2026-08-29T17:20:23.675398Z","level":"error","event":"","logger":"task.stderr"}
{"timestamp":"2026-08-29T17:20:23.707680Z","level":"error","event":"\rRDSP2408.parquet:   4%|▎         | 524k/14.3M [00:00<00:16, 832kB/s]\u001b[A\u001b[A","logger":"task.stderr"}
{"timestamp":"2026-08-29T17:20:23.708505Z","level":"error","event":"","logger":"task.stderr"}
{"timestamp":"2026-08-29T17:20:23.739070Z","level":"error","event":"\rRDSP2408.parquet:   4%|▍         | 590k/14.3M [00:00<00:15, 888kB/s]\u001b[A\u001b[A","logger":"task.stderr"}
{"timestamp":"2026-08-29T17:20:23.739887Z","level":"error","event":"","logger":"task.stderr"}
{"timestamp":"2026-08-29T17:20:23.768373Z","level":"error","event":"\rRDSP2408.parquet:   5%|▍         | 655k/14.3M [00:00<00:14, 943kB/s]\u001b[A\u001b[A","logger":"task.stderr"}
{"timestamp":"2026-08-29T17:20:23.769182Z","level":"error","event":"","logger":"task.stderr"}
{"timestamp":"2026-08-29T17:20:23.769999Z","level":"error","event":"\rRDSP2408.parquet:   5%|▌         | 721k/14.3M [00:00<00:13, 995kB/s]\u001b[A\u001b[A","logger":"task.stderr"}
{"timestamp":"2026-08-29T17:20:23.770595Z","level":"error","event":"","logger":"task.stderr"}
{"timestamp":"2026-08-29T17:20:23.771199Z","level":"error","event":"","logger":"task.stderr"}
{"timestamp":"2026-08-29T17:20:23.772250Z","level":"error","event":"\rRJSP2408.parquet:  99%|█████████▉| 590k/595k [00:00<00:00, 727kB/s]\u001b[A\u001b[A\u001b[A","logger":"task.stderr"}
{"timestamp":"2026-08-29T17:20:23.772947Z","level":"error","event":"","logger":"task.stderr"}
{"timestamp":"2026-08-29T17:20:23.773552Z","level":"error","event":"","logger":"task.stderr"}
{"timestamp":"2026-08-29T17:20:23.811505Z","level":"error","event":"\rRJSP2408.parquet: 100%|██████████| 595k/595k [00:00<00:00, 731kB/s]\u001b[A\u001b[A\u001b[A\rRJSP2408.parquet: 100%|██████████| 595k/595k [00:00<00:00, 697kB/s]","logger":"task.stderr"}
{"timestamp":"2026-08-29T17:20:23.814143Z","level":"error","event":"","logger":"task.stderr"}
{"timestamp":"2026-08-29T17:20:23.814965Z","level":"error","event":"","logger":"task.stderr"}
{"timestamp":"2026-08-29T17:20:23.824282Z","level":"error","event":"\rRDSP2408.parquet:   6%|▌         | 786k/14.3M [00:00<00:13, 1.02MB/s]\u001b[A\u001b[A\rDownloading sih:  67%|██████▋   | 2/3 [00:02<00:01,  1.08s/file]","logger":"task.stderr"}
{"timestamp":"2026-08-29T17:20:23.825003Z","level":"error","event":"","logger":"task.stderr"}
{"timestamp":"2026-08-29T17:20:23.845647Z","level":"error","event":"\rRDSP2408.parquet:   6%|▌         | 852k/14.3M [00:00<00:12, 1.09MB/s]\u001b[A\u001b[A","logger":"task.stderr"}
{"timestamp":"2026-08-29T17:20:23.846342Z","level":"error","event":"","logger":"task.stderr"}
{"timestamp":"2026-08-29T17:20:23.866931Z","level":"error","event":"\rRDSP2408.parquet:   6%|▋         | 918k/14.3M [00:00<00:11, 1.14MB/s]\u001b[A\u001b[A","logger":"task.stderr"}
{"timestamp":"2026-08-29T17:20:23.867745Z","level":"error","event":"","logger":"task.stderr"}
{"timestamp":"2026-08-29T17:20:23.895021Z","level":"error","event":"\rRDSP2408.parquet:   7%|▋         | 983k/14.3M [00:00<00:11, 1.19MB/s]\u001b[A\u001b[A","logger":"task.stderr"}
{"timestamp":"2026-08-29T17:20:23.895836Z","level":"error","event":"","logger":"task.stderr"}
{"timestamp":"2026-08-29T17:20:23.913119Z","level":"error","event":"\rRDSP2408.parquet:   7%|▋         | 1.05M/14.3M [00:00<00:10, 1.23MB/s]\u001b[A\u001b[A","logger":"task.stderr"}
{"timestamp":"2026-08-29T17:20:23.913882Z","level":"error","event":"","logger":"task.stderr"}
{"timestamp":"2026-08-29T17:20:23.929527Z","level":"error","event":"\rRDSP2408.parquet:   8%|▊         | 1.11M/14.3M [00:00<00:10, 1.28MB/s]\u001b[A\u001b[A","logger":"task.stderr"}
{"timestamp":"2026-08-29T17:20:23.930370Z","level":"error","event":"","logger":"task.stderr"}
{"timestamp":"2026-08-29T17:20:23.943998Z","level":"error","event":"\rRDSP2408.parquet:   8%|▊         | 1.18M/14.3M [00:00<00:09, 1.33MB/s]\u001b[A\u001b[A","logger":"task.stderr"}
{"timestamp":"2026-08-29T17:20:23.944765Z","level":"error","event":"","logger":"task.stderr"}
{"timestamp":"2026-08-29T17:20:23.963410Z","level":"error","event":"\rRDSP2408.parquet:   9%|▊         | 1.25M/14.3M [00:00<00:09, 1.38MB/s]\u001b[A\u001b[A","logger":"task.stderr"}
{"timestamp":"2026-08-29T17:20:23.964233Z","level":"error","event":"","logger":"task.stderr"}
{"timestamp":"2026-08-29T17:20:23.977459Z","level":"error","event":"\rRDSP2408.parquet:   9%|▉         | 1.31M/14.3M [00:00<00:09, 1.43MB/s]\u001b[A\u001b[A","logger":"task.stderr"}
{"timestamp":"2026-08-29T17:20:23.978232Z","level":"error","event":"","logger":"task.stderr"}
{"timestamp":"2026-08-29T17:20:23.991759Z","level":"error","event":"\rRDSP2408.parquet:  10%|▉         | 1.38M/14.3M [00:00<00:08, 1.47MB/s]\u001b[A\u001b[A","logger":"task.stderr"}
{"timestamp":"2026-08-29T17:20:23.992623Z","level":"error","event":"","logger":"task.stderr"}
{"timestamp":"2026-08-29T17:20:24.008822Z","level":"error","event":"\rRDSP2408.parquet:  10%|█         | 1.44M/14.3M [00:00<00:08, 1.52MB/s]\u001b[A\u001b[A","logger":"task.stderr"}
{"timestamp":"2026-08-29T17:20:24.009647Z","level":"error","event":"","logger":"task.stderr"}
{"timestamp":"2026-08-29T17:20:24.020183Z","level":"error","event":"\rRDSP2408.parquet:  11%|█         | 1.51M/14.3M [00:00<00:08, 1.56MB/s]\u001b[A\u001b[A","logger":"task.stderr"}
{"timestamp":"2026-08-29T17:20:24.020982Z","level":"error","event":"","logger":"task.stderr"}
{"timestamp":"2026-08-29T17:20:24.032784Z","level":"error","event":"\rRDSP2408.parquet:  11%|█         | 1.57M/14.3M [00:00<00:07, 1.61MB/s]\u001b[A\u001b[A","logger":"task.stderr"}
{"timestamp":"2026-08-29T17:20:24.033668Z","level":"error","event":"","logger":"task.stderr"}
{"timestamp":"2026-08-29T17:20:24.045054Z","level":"error","event":"\rRDSP2408.parquet:  11%|█▏        | 1.64M/14.3M [00:00<00:07, 1.66MB/s]\u001b[A\u001b[A","logger":"task.stderr"}
{"timestamp":"2026-08-29T17:20:24.045912Z","level":"error","event":"","logger":"task.stderr"}
{"timestamp":"2026-08-29T17:20:24.058185Z","level":"error","event":"\rRDSP2408.parquet:  12%|█▏        | 1.70M/14.3M [00:01<00:07, 1.70MB/s]\u001b[A\u001b[A","logger":"task.stderr"}
{"timestamp":"2026-08-29T17:20:24.058989Z","level":"error","event":"","logger":"task.stderr"}
{"timestamp":"2026-08-29T17:20:24.069518Z","level":"error","event":"\rRDSP2408.parquet:  12%|█▏        | 1.77M/14.3M [00:01<00:07, 1.74MB/s]\u001b[A\u001b[A","logger":"task.stderr"}
{"timestamp":"2026-08-29T17:20:24.070459Z","level":"error","event":"","logger":"task.stderr"}
{"timestamp":"2026-08-29T17:20:24.080535Z","level":"error","event":"\rRDSP2408.parquet:  13%|█▎        | 1.84M/14.3M [00:01<00:06, 1.79MB/s]\u001b[A\u001b[A","logger":"task.stderr"}
{"timestamp":"2026-08-29T17:20:24.081367Z","level":"error","event":"","logger":"task.stderr"}
{"timestamp":"2026-08-29T17:20:24.092916Z","level":"error","event":"\rRDSP2408.parquet:  13%|█▎        | 1.90M/14.3M [00:01<00:06, 1.83MB/s]\u001b[A\u001b[A","logger":"task.stderr"}
{"timestamp":"2026-08-29T17:20:24.093676Z","level":"error","event":"","logger":"task.stderr"}
{"timestamp":"2026-08-29T17:20:24.103081Z","level":"error","event":"\rRDSP2408.parquet:  14%|█▍        | 1.97M/14.3M [00:01<00:06, 1.87MB/s]\u001b[A\u001b[A","logger":"task.stderr"}
{"timestamp":"2026-08-29T17:20:24.103931Z","level":"error","event":"","logger":"task.stderr"}
{"timestamp":"2026-08-29T17:20:24.116457Z","level":"error","event":"\rRDSP2408.parquet:  14%|█▍        | 2.03M/14.3M [00:01<00:06, 1.92MB/s]\u001b[A\u001b[A","logger":"task.stderr"}
{"timestamp":"2026-08-29T17:20:24.117263Z","level":"error","event":"","logger":"task.stderr"}
{"timestamp":"2026-08-29T17:20:24.126465Z","level":"error","event":"\rRDSP2408.parquet:  15%|█▍        | 2.10M/14.3M [00:01<00:06, 1.96MB/s]\u001b[A\u001b[A","logger":"task.stderr"}
{"timestamp":"2026-08-29T17:20:24.127335Z","level":"error","event":"","logger":"task.stderr"}
{"timestamp":"2026-08-29T17:20:24.137533Z","level":"error","event":"\rRDSP2408.parquet:  15%|█▌        | 2.16M/14.3M [00:01<00:06, 2.00MB/s]\u001b[A\u001b[A","logger":"task.stderr"}
{"timestamp":"2026-08-29T17:20:24.138283Z","level":"error","event":"","logger":"task.stderr"}
{"timestamp":"2026-08-29T17:20:24.145340Z","level":"error","event":"\rRDSP2408.parquet:  16%|█▌        | 2.23M/14.3M [00:01<00:05, 2.04MB/s]\u001b[A\u001b[A","logger":"task.stderr"}
{"timestamp":"2026-08-29T17:20:24.146224Z","level":"error","event":"","logger":"task.stderr"}
{"timestamp":"2026-08-29T17:20:24.153604Z","level":"error","event":"\rRDSP2408.parquet:  16%|█▌        | 2.29M/14.3M [00:01<00:05, 2.08MB/s]\u001b[A\u001b[A","logger":"task.stderr"}
{"timestamp":"2026-08-29T17:20:24.154935Z","level":"error","event":"","logger":"task.stderr"}
{"timestamp":"2026-08-29T17:20:24.162037Z","level":"error","event":"\rRDSP2408.parquet:  17%|█▋        | 2.36M/14.3M [00:01<00:05, 2.13MB/s]\u001b[A\u001b[A","logger":"task.stderr"}
{"timestamp":"2026-08-29T17:20:24.162860Z","level":"error","event":"","logger":"task.stderr"}
{"timestamp":"2026-08-29T17:20:24.172846Z","level":"error","event":"\rRDSP2408.parquet:  17%|█▋        | 2.42M/14.3M [00:01<00:05, 2.17MB/s]\u001b[A\u001b[A","logger":"task.stderr"}
{"timestamp":"2026-08-29T17:20:24.173639Z","level":"error","event":"","logger":"task.stderr"}
{"timestamp":"2026-08-29T17:20:24.179462Z","level":"error","event":"\rRDSP2408.parquet:  17%|█▋        | 2.49M/14.3M [00:01<00:05, 2.21MB/s]\u001b[A\u001b[A","logger":"task.stderr"}
{"timestamp":"2026-08-29T17:20:24.180262Z","level":"error","event":"","logger":"task.stderr"}
{"timestamp":"2026-08-29T17:20:24.187310Z","level":"error","event":"\rRDSP2408.parquet:  18%|█▊        | 2.56M/14.3M [00:01<00:05, 2.25MB/s]\u001b[A\u001b[A","logger":"task.stderr"}
{"timestamp":"2026-08-29T17:20:24.188053Z","level":"error","event":"","logger":"task.stderr"}
{"timestamp":"2026-08-29T17:20:24.195405Z","level":"error","event":"\rRDSP2408.parquet:  18%|█▊        | 2.62M/14.3M [00:01<00:05, 2.29MB/s]\u001b[A\u001b[A","logger":"task.stderr"}
{"timestamp":"2026-08-29T17:20:24.196174Z","level":"error","event":"","logger":"task.stderr"}
{"timestamp":"2026-08-29T17:20:24.203000Z","level":"error","event":"\rRDSP2408.parquet:  19%|█▉        | 2.69M/14.3M [00:01<00:04, 2.33MB/s]\u001b[A\u001b[A","logger":"task.stderr"}
{"timestamp":"2026-08-29T17:20:24.203748Z","level":"error","event":"","logger":"task.stderr"}
{"timestamp":"2026-08-29T17:20:24.209927Z","level":"error","event":"\rRDSP2408.parquet:  19%|█▉        | 2.75M/14.3M [00:01<00:04, 2.37MB/s]\u001b[A\u001b[A","logger":"task.stderr"}
{"timestamp":"2026-08-29T17:20:24.210687Z","level":"error","event":"","logger":"task.stderr"}
{"timestamp":"2026-08-29T17:20:24.216713Z","level":"error","event":"\rRDSP2408.parquet:  20%|█▉        | 2.82M/14.3M [00:01<00:04, 2.42MB/s]\u001b[A\u001b[A","logger":"task.stderr"}
{"timestamp":"2026-08-29T17:20:24.217492Z","level":"error","event":"","logger":"task.stderr"}
{"timestamp":"2026-08-29T17:20:24.224747Z","level":"error","event":"\rRDSP2408.parquet:  20%|██        | 2.88M/14.3M [00:01<00:04, 2.46MB/s]\u001b[A\u001b[A","logger":"task.stderr"}
{"timestamp":"2026-08-29T17:20:24.225734Z","level":"error","event":"","logger":"task.stderr"}
{"timestamp":"2026-08-29T17:20:24.232083Z","level":"error","event":"\rRDSP2408.parquet:  21%|██        | 2.95M/14.3M [00:01<00:04, 2.50MB/s]\u001b[A\u001b[A","logger":"task.stderr"}
{"timestamp":"2026-08-29T17:20:24.232916Z","level":"error","event":"","logger":"task.stderr"}
{"timestamp":"2026-08-29T17:20:24.238141Z","level":"error","event":"\rRDSP2408.parquet:  21%|██        | 3.01M/14.3M [00:01<00:04, 2.54MB/s]\u001b[A\u001b[A","logger":"task.stderr"}
{"timestamp":"2026-08-29T17:20:24.239030Z","level":"error","event":"","logger":"task.stderr"}
{"timestamp":"2026-08-29T17:20:24.245688Z","level":"error","event":"\rRDSP2408.parquet:  22%|██▏       | 3.08M/14.3M [00:01<00:04, 2.58MB/s]\u001b[A\u001b[A","logger":"task.stderr"}
{"timestamp":"2026-08-29T17:20:24.246501Z","level":"error","event":"","logger":"task.stderr"}
{"timestamp":"2026-08-29T17:20:24.251441Z","level":"error","event":"\rRDSP2408.parquet:  22%|██▏       | 3.15M/14.3M [00:01<00:04, 2.62MB/s]\u001b[A\u001b[A","logger":"task.stderr"}
{"timestamp":"2026-08-29T17:20:24.252290Z","level":"error","event":"","logger":"task.stderr"}
{"timestamp":"2026-08-29T17:20:24.257778Z","level":"error","event":"\rRDSP2408.parquet:  23%|██▎       | 3.21M/14.3M [00:01<00:04, 2.66MB/s]\u001b[A\u001b[A","logger":"task.stderr"}
{"timestamp":"2026-08-29T17:20:24.258620Z","level":"error","event":"","logger":"task.stderr"}
{"timestamp":"2026-08-29T17:20:24.263264Z","level":"error","event":"\rRDSP2408.parquet:  23%|██▎       | 3.28M/14.3M [00:01<00:04, 2.70MB/s]\u001b[A\u001b[A","logger":"task.stderr"}
{"timestamp":"2026-08-29T17:20:24.263957Z","level":"error","event":"","logger":"task.stderr"}
{"timestamp":"2026-08-29T17:20:24.270915Z","level":"error","event":"\rRDSP2408.parquet:  23%|██▎       | 3.34M/14.3M [00:01<00:03, 2.74MB/s]\u001b[A\u001b[A","logger":"task.stderr"}
{"timestamp":"2026-08-29T17:20:24.271859Z","level":"error","event":"","logger":"task.stderr"}
{"timestamp":"2026-08-29T17:20:24.278128Z","level":"error","event":"\rRDSP2408.parquet:  24%|██▍       | 3.41M/14.3M [00:01<00:03, 2.78MB/s]\u001b[A\u001b[A","logger":"task.stderr"}
{"timestamp":"2026-08-29T17:20:24.279349Z","level":"error","event":"","logger":"task.stderr"}
{"timestamp":"2026-08-29T17:20:24.281569Z","level":"error","event":"\rRDSP2408.parquet:  24%|██▍       | 3.47M/14.3M [00:01<00:03, 2.81MB/s]\u001b[A\u001b[A","logger":"task.stderr"}
{"timestamp":"2026-08-29T17:20:24.282288Z","level":"error","event":"","logger":"task.stderr"}
{"timestamp":"2026-08-29T17:20:24.289424Z","level":"error","event":"\rRDSP2408.parquet:  25%|██▍       | 3.54M/14.3M [00:01<00:03, 2.86MB/s]\u001b[A\u001b[A","logger":"task.stderr"}
{"timestamp":"2026-08-29T17:20:24.290259Z","level":"error","event":"","logger":"task.stderr"}
{"timestamp":"2026-08-29T17:20:24.292958Z","level":"error","event":"\rRDSP2408.parquet:  25%|██▌       | 3.60M/14.3M [00:01<00:03, 2.89MB/s]\u001b[A\u001b[A","logger":"task.stderr"}
{"timestamp":"2026-08-29T17:20:24.293713Z","level":"error","event":"","logger":"task.stderr"}
{"timestamp":"2026-08-29T17:20:24.298618Z","level":"error","event":"\rRDSP2408.parquet:  26%|██▌       | 3.67M/14.3M [00:01<00:03, 2.94MB/s]\u001b[A\u001b[A","logger":"task.stderr"}
{"timestamp":"2026-08-29T17:20:24.299436Z","level":"error","event":"","logger":"task.stderr"}
{"timestamp":"2026-08-29T17:20:24.303270Z","level":"error","event":"\rRDSP2408.parquet:  26%|██▌       | 3.74M/14.3M [00:01<00:03, 2.98MB/s]\u001b[A\u001b[A","logger":"task.stderr"}
{"timestamp":"2026-08-29T17:20:24.303954Z","level":"error","event":"","logger":"task.stderr"}
{"timestamp":"2026-08-29T17:20:24.309873Z","level":"error","event":"\rRDSP2408.parquet:  27%|██▋       | 3.80M/14.3M [00:01<00:03, 3.02MB/s]\u001b[A\u001b[A","logger":"task.stderr"}
{"timestamp":"2026-08-29T17:20:24.310711Z","level":"error","event":"","logger":"task.stderr"}
{"timestamp":"2026-08-29T17:20:24.315105Z","level":"error","event":"\rRDSP2408.parquet:  27%|██▋       | 3.87M/14.3M [00:01<00:03, 3.05MB/s]\u001b[A\u001b[A","logger":"task.stderr"}
{"timestamp":"2026-08-29T17:20:24.315824Z","level":"error","event":"","logger":"task.stderr"}
{"timestamp":"2026-08-29T17:20:24.320257Z","level":"error","event":"\rRDSP2408.parquet:  28%|██▊       | 3.93M/14.3M [00:01<00:03, 3.09MB/s]\u001b[A\u001b[A","logger":"task.stderr"}
{"timestamp":"2026-08-29T17:20:24.321217Z","level":"error","event":"","logger":"task.stderr"}
{"timestamp":"2026-08-29T17:20:24.327039Z","level":"error","event":"\rRDSP2408.parquet:  28%|██▊       | 4.00M/14.3M [00:01<00:03, 3.13MB/s]\u001b[A\u001b[A","logger":"task.stderr"}
{"timestamp":"2026-08-29T17:20:24.327972Z","level":"error","event":"","logger":"task.stderr"}
{"timestamp":"2026-08-29T17:20:24.331144Z","level":"error","event":"\rRDSP2408.parquet:  29%|██▊       | 4.06M/14.3M [00:01<00:03, 3.17MB/s]\u001b[A\u001b[A","logger":"task.stderr"}
{"timestamp":"2026-08-29T17:20:24.331814Z","level":"error","event":"","logger":"task.stderr"}
{"timestamp":"2026-08-29T17:20:24.342228Z","level":"error","event":"\rRDSP2408.parquet:  29%|██▉       | 4.13M/14.3M [00:01<00:03, 3.21MB/s]\u001b[A\u001b[A","logger":"task.stderr"}
{"timestamp":"2026-08-29T17:20:24.343128Z","level":"error","event":"","logger":"task.stderr"}
{"timestamp":"2026-08-29T17:20:24.347929Z","level":"error","event":"\rRDSP2408.parquet:  29%|██▉       | 4.19M/14.3M [00:01<00:03, 3.23MB/s]\u001b[A\u001b[A","logger":"task.stderr"}
{"timestamp":"2026-08-29T17:20:24.348809Z","level":"error","event":"","logger":"task.stderr"}
{"timestamp":"2026-08-29T17:20:24.352411Z","level":"error","event":"\rRDSP2408.parquet:  30%|██▉       | 4.26M/14.3M [00:01<00:03, 3.27MB/s]\u001b[A\u001b[A","logger":"task.stderr"}
{"timestamp":"2026-08-29T17:20:24.353045Z","level":"error","event":"","logger":"task.stderr"}
{"timestamp":"2026-08-29T17:20:24.356710Z","level":"error","event":"\rRDSP2408.parquet:  30%|███       | 4.33M/14.3M [00:01<00:03, 3.31MB/s]\u001b[A\u001b[A","logger":"task.stderr"}
{"timestamp":"2026-08-29T17:20:24.357427Z","level":"error","event":"","logger":"task.stderr"}
{"timestamp":"2026-08-29T17:20:24.361840Z","level":"error","event":"\rRDSP2408.parquet:  31%|███       | 4.39M/14.3M [00:01<00:02, 3.34MB/s]\u001b[A\u001b[A","logger":"task.stderr"}
{"timestamp":"2026-08-29T17:20:24.362679Z","level":"error","event":"","logger":"task.stderr"}
{"timestamp":"2026-08-29T17:20:24.365860Z","level":"error","event":"\rRDSP2408.parquet:  31%|███▏      | 4.46M/14.3M [00:01<00:02, 3.38MB/s]\u001b[A\u001b[A","logger":"task.stderr"}
{"timestamp":"2026-08-29T17:20:24.366540Z","level":"error","event":"","logger":"task.stderr"}
{"timestamp":"2026-08-29T17:20:24.372007Z","level":"error","event":"\rRDSP2408.parquet:  32%|███▏      | 4.52M/14.3M [00:01<00:02, 3.42MB/s]\u001b[A\u001b[A","logger":"task.stderr"}
{"timestamp":"2026-08-29T17:20:24.372829Z","level":"error","event":"","logger":"task.stderr"}
{"timestamp":"2026-08-29T17:20:24.375348Z","level":"error","event":"\rRDSP2408.parquet:  32%|███▏      | 4.59M/14.3M [00:01<00:02, 3.45MB/s]\u001b[A\u001b[A","logger":"task.stderr"}
{"timestamp":"2026-08-29T17:20:24.376128Z","level":"error","event":"","logger":"task.stderr"}
{"timestamp":"2026-08-29T17:20:24.380303Z","level":"error","event":"\rRDSP2408.parquet:  33%|███▎      | 4.65M/14.3M [00:01<00:02, 3.49MB/s]\u001b[A\u001b[A","logger":"task.stderr"}
{"timestamp":"2026-08-29T17:20:24.381276Z","level":"error","event":"","logger":"task.stderr"}
{"timestamp":"2026-08-29T17:20:24.386829Z","level":"error","event":"\rRDSP2408.parquet:  33%|███▎      | 4.72M/14.3M [00:01<00:02, 3.53MB/s]\u001b[A\u001b[A","logger":"task.stderr"}
{"timestamp":"2026-08-29T17:20:24.387684Z","level":"error","event":"","logger":"task.stderr"}
{"timestamp":"2026-08-29T17:20:24.392586Z","level":"error","event":"\rRDSP2408.parquet:  34%|███▎      | 4.78M/14.3M [00:01<00:02, 3.56MB/s]\u001b[A\u001b[A","logger":"task.stderr"}
{"timestamp":"2026-08-29T17:20:24.393429Z","level":"error","event":"","logger":"task.stderr"}
{"timestamp":"2026-08-29T17:20:24.397621Z","level":"error","event":"\rRDSP2408.parquet:  34%|███▍      | 4.85M/14.3M [00:01<00:02, 3.60MB/s]\u001b[A\u001b[A","logger":"task.stderr"}
{"timestamp":"2026-08-29T17:20:24.398470Z","level":"error","event":"","logger":"task.stderr"}
{"timestamp":"2026-08-29T17:20:24.402833Z","level":"error","event":"\rRDSP2408.parquet:  34%|███▍      | 4.92M/14.3M [00:01<00:02, 3.63MB/s]\u001b[A\u001b[A","logger":"task.stderr"}
{"timestamp":"2026-08-29T17:20:24.403824Z","level":"error","event":"","logger":"task.stderr"}
{"timestamp":"2026-08-29T17:20:24.409571Z","level":"error","event":"\rRDSP2408.parquet:  35%|███▍      | 4.98M/14.3M [00:01<00:02, 3.66MB/s]\u001b[A\u001b[A","logger":"task.stderr"}
{"timestamp":"2026-08-29T17:20:24.410421Z","level":"error","event":"","logger":"task.stderr"}
{"timestamp":"2026-08-29T17:20:24.415292Z","level":"error","event":"\rRDSP2408.parquet:  35%|███▌      | 5.05M/14.3M [00:01<00:02, 3.69MB/s]\u001b[A\u001b[A","logger":"task.stderr"}
{"timestamp":"2026-08-29T17:20:24.416144Z","level":"error","event":"","logger":"task.stderr"}
{"timestamp":"2026-08-29T17:20:24.421232Z","level":"error","event":"\rRDSP2408.parquet:  36%|███▌      | 5.11M/14.3M [00:01<00:02, 3.73MB/s]\u001b[A\u001b[A","logger":"task.stderr"}
{"timestamp":"2026-08-29T17:20:24.422141Z","level":"error","event":"","logger":"task.stderr"}
{"timestamp":"2026-08-29T17:20:24.423908Z","level":"error","event":"\rRDSP2408.parquet:  36%|███▋      | 5.18M/14.3M [00:01<00:02, 3.76MB/s]\u001b[A\u001b[A","logger":"task.stderr"}
{"timestamp":"2026-08-29T17:20:24.424707Z","level":"error","event":"","logger":"task.stderr"}
{"timestamp":"2026-08-29T17:20:24.426896Z","level":"error","event":"\rRDSP2408.parquet:  37%|███▋      | 5.24M/14.3M [00:01<00:02, 3.80MB/s]\u001b[A\u001b[A","logger":"task.stderr"}
{"timestamp":"2026-08-29T17:20:24.427696Z","level":"error","event":"","logger":"task.stderr"}
{"timestamp":"2026-08-29T17:20:24.432456Z","level":"error","event":"\rRDSP2408.parquet:  37%|███▋      | 5.31M/14.3M [00:01<00:02, 3.84MB/s]\u001b[A\u001b[A","logger":"task.stderr"}
{"timestamp":"2026-08-29T17:20:24.433302Z","level":"error","event":"","logger":"task.stderr"}
{"timestamp":"2026-08-29T17:20:24.436818Z","level":"error","event":"\rRDSP2408.parquet:  38%|███▊      | 5.37M/14.3M [00:01<00:02, 3.87MB/s]\u001b[A\u001b[A","logger":"task.stderr"}
{"timestamp":"2026-08-29T17:20:24.437650Z","level":"error","event":"","logger":"task.stderr"}
{"timestamp":"2026-08-29T17:20:24.439607Z","level":"error","event":"\rRDSP2408.parquet:  38%|███▊      | 5.44M/14.3M [00:01<00:02, 3.90MB/s]\u001b[A\u001b[A","logger":"task.stderr"}
{"timestamp":"2026-08-29T17:20:24.440335Z","level":"error","event":"","logger":"task.stderr"}
{"timestamp":"2026-08-29T17:20:24.441593Z","level":"error","event":"\rRDSP2408.parquet:  39%|███▊      | 5.51M/14.3M [00:01<00:02, 3.94MB/s]\u001b[A\u001b[A","logger":"task.stderr"}
{"timestamp":"2026-08-29T17:20:24.442270Z","level":"error","event":"","logger":"task.stderr"}
{"timestamp":"2026-08-29T17:20:24.443819Z","level":"error","event":"\rRDSP2408.parquet:  39%|███▉      | 5.57M/14.3M [00:01<00:02, 3.99MB/s]\u001b[A\u001b[A","logger":"task.stderr"}
{"timestamp":"2026-08-29T17:20:24.444650Z","level":"error","event":"","logger":"task.stderr"}
{"timestamp":"2026-08-29T17:20:24.446843Z","level":"error","event":"\rRDSP2408.parquet:  40%|███▉      | 5.64M/14.3M [00:01<00:02, 4.03MB/s]\u001b[A\u001b[A","logger":"task.stderr"}
{"timestamp":"2026-08-29T17:20:24.447768Z","level":"error","event":"","logger":"task.stderr"}
{"timestamp":"2026-08-29T17:20:24.448648Z","level":"error","event":"\rRDSP2408.parquet:  40%|████      | 5.70M/14.3M [00:01<00:02, 4.06MB/s]\u001b[A\u001b[A","logger":"task.stderr"}
{"timestamp":"2026-08-29T17:20:24.449327Z","level":"error","event":"","logger":"task.stderr"}
{"timestamp":"2026-08-29T17:20:24.450749Z","level":"error","event":"\rRDSP2408.parquet:  40%|████      | 5.77M/14.3M [00:01<00:02, 4.11MB/s]\u001b[A\u001b[A","logger":"task.stderr"}
{"timestamp":"2026-08-29T17:20:24.451471Z","level":"error","event":"","logger":"task.stderr"}
{"timestamp":"2026-08-29T17:20:24.452708Z","level":"error","event":"\rRDSP2408.parquet:  41%|████      | 5.83M/14.3M [00:01<00:02, 4.15MB/s]\u001b[A\u001b[A","logger":"task.stderr"}
{"timestamp":"2026-08-29T17:20:24.453426Z","level":"error","event":"","logger":"task.stderr"}
{"timestamp":"2026-08-29T17:20:24.455387Z","level":"error","event":"\rRDSP2408.parquet:  41%|████▏     | 5.90M/14.3M [00:01<00:01, 4.19MB/s]\u001b[A\u001b[A","logger":"task.stderr"}
{"timestamp":"2026-08-29T17:20:24.456291Z","level":"error","event":"","logger":"task.stderr"}
{"timestamp":"2026-08-29T17:20:24.456961Z","level":"error","event":"\rRDSP2408.parquet:  42%|████▏     | 5.96M/14.3M [00:01<00:01, 4.22MB/s]\u001b[A\u001b[A","logger":"task.stderr"}
{"timestamp":"2026-08-29T17:20:24.457546Z","level":"error","event":"","logger":"task.stderr"}
{"timestamp":"2026-08-29T17:20:24.462961Z","level":"error","event":"\rRDSP2408.parquet:  42%|████▏     | 6.03M/14.3M [00:01<00:01, 4.27MB/s]\u001b[A\u001b[A","logger":"task.stderr"}
{"timestamp":"2026-08-29T17:20:24.463905Z","level":"error","event":"","logger":"task.stderr"}
{"timestamp":"2026-08-29T17:20:24.467898Z","level":"error","event":"\rRDSP2408.parquet:  43%|████▎     | 6.09M/14.3M [00:01<00:01, 4.29MB/s]\u001b[A\u001b[A","logger":"task.stderr"}
{"timestamp":"2026-08-29T17:20:24.468794Z","level":"error","event":"","logger":"task.stderr"}
{"timestamp":"2026-08-29T17:20:24.474282Z","level":"error","event":"\rRDSP2408.parquet:  43%|████▎     | 6.16M/14.3M [00:01<00:01, 4.33MB/s]\u001b[A\u001b[A","logger":"task.stderr"}
{"timestamp":"2026-08-29T17:20:24.475243Z","level":"error","event":"","logger":"task.stderr"}
{"timestamp":"2026-08-29T17:20:24.480797Z","level":"error","event":"\rRDSP2408.parquet:  44%|████▎     | 6.23M/14.3M [00:01<00:01, 4.35MB/s]\u001b[A\u001b[A","logger":"task.stderr"}
{"timestamp":"2026-08-29T17:20:24.481712Z","level":"error","event":"","logger":"task.stderr"}
{"timestamp":"2026-08-29T17:20:24.483361Z","level":"error","event":"\rRDSP2408.parquet:  44%|████▍     | 6.29M/14.3M [00:01<00:01, 4.38MB/s]\u001b[A\u001b[A","logger":"task.stderr"}
{"timestamp":"2026-08-29T17:20:24.484115Z","level":"error","event":"","logger":"task.stderr"}
{"timestamp":"2026-08-29T17:20:24.490034Z","level":"error","event":"\rRDSP2408.parquet:  45%|████▍     | 6.36M/14.3M [00:01<00:01, 4.42MB/s]\u001b[A\u001b[A","logger":"task.stderr"}
{"timestamp":"2026-08-29T17:20:24.491019Z","level":"error","event":"","logger":"task.stderr"}
{"timestamp":"2026-08-29T17:20:24.492505Z","level":"error","event":"\rRDSP2408.parquet:  45%|████▌     | 6.42M/14.3M [00:01<00:01, 4.44MB/s]\u001b[A\u001b[A","logger":"task.stderr"}
{"timestamp":"2026-08-29T17:20:24.493278Z","level":"error","event":"","logger":"task.stderr"}
{"timestamp":"2026-08-29T17:20:24.494455Z","level":"error","event":"\rRDSP2408.parquet:  46%|████▌     | 6.49M/14.3M [00:01<00:01, 4.48MB/s]\u001b[A\u001b[A","logger":"task.stderr"}
{"timestamp":"2026-08-29T17:20:24.495343Z","level":"error","event":"","logger":"task.stderr"}
{"timestamp":"2026-08-29T17:20:24.496209Z","level":"error","event":"\rRDSP2408.parquet:  46%|████▌     | 6.55M/14.3M [00:01<00:01, 4.52MB/s]\u001b[A\u001b[A","logger":"task.stderr"}
{"timestamp":"2026-08-29T17:20:24.496888Z","level":"error","event":"","logger":"task.stderr"}
{"timestamp":"2026-08-29T17:20:24.498400Z","level":"error","event":"\rRDSP2408.parquet:  46%|████▋     | 6.62M/14.3M [00:01<00:01, 4.56MB/s]\u001b[A\u001b[A","logger":"task.stderr"}
{"timestamp":"2026-08-29T17:20:24.499229Z","level":"error","event":"","logger":"task.stderr"}
{"timestamp":"2026-08-29T17:20:24.500376Z","level":"error","event":"\rRDSP2408.parquet:  47%|████▋     | 6.68M/14.3M [00:01<00:01, 4.60MB/s]\u001b[A\u001b[A","logger":"task.stderr"}
{"timestamp":"2026-08-29T17:20:24.501131Z","level":"error","event":"","logger":"task.stderr"}
{"timestamp":"2026-08-29T17:20:24.503043Z","level":"error","event":"\rRDSP2408.parquet:  47%|████▋     | 6.75M/14.3M [00:01<00:01, 4.63MB/s]\u001b[A\u001b[A","logger":"task.stderr"}
{"timestamp":"2026-08-29T17:20:24.503935Z","level":"error","event":"","logger":"task.stderr"}
{"timestamp":"2026-08-29T17:20:24.506910Z","level":"error","event":"\rRDSP2408.parquet:  48%|████▊     | 6.82M/14.3M [00:01<00:01, 4.67MB/s]\u001b[A\u001b[A","logger":"task.stderr"}
{"timestamp":"2026-08-29T17:20:24.507664Z","level":"error","event":"","logger":"task.stderr"}
{"timestamp":"2026-08-29T17:20:24.508706Z","level":"error","event":"\rRDSP2408.parquet:  48%|████▊     | 6.88M/14.3M [00:01<00:01, 4.70MB/s]\u001b[A\u001b[A","logger":"task.stderr"}
{"timestamp":"2026-08-29T17:20:24.509367Z","level":"error","event":"","logger":"task.stderr"}
{"timestamp":"2026-08-29T17:20:24.510880Z","level":"error","event":"\rRDSP2408.parquet:  49%|████▊     | 6.95M/14.3M [00:01<00:01, 4.74MB/s]\u001b[A\u001b[A","logger":"task.stderr"}
{"timestamp":"2026-08-29T17:20:24.511557Z","level":"error","event":"","logger":"task.stderr"}
{"timestamp":"2026-08-29T17:20:24.512679Z","level":"error","event":"\rRDSP2408.parquet:  49%|████▉     | 7.01M/14.3M [00:01<00:01, 4.78MB/s]\u001b[A\u001b[A","logger":"task.stderr"}
{"timestamp":"2026-08-29T17:20:24.513316Z","level":"error","event":"","logger":"task.stderr"}
{"timestamp":"2026-08-29T17:20:24.515121Z","level":"error","event":"\rRDSP2408.parquet:  50%|████▉     | 7.08M/14.3M [00:01<00:01, 4.82MB/s]\u001b[A\u001b[A","logger":"task.stderr"}
{"timestamp":"2026-08-29T17:20:24.516055Z","level":"error","event":"","logger":"task.stderr"}
{"timestamp":"2026-08-29T17:20:24.516890Z","level":"error","event":"\rRDSP2408.parquet:  50%|█████     | 7.14M/14.3M [00:01<00:01, 4.86MB/s]\u001b[A\u001b[A","logger":"task.stderr"}
{"timestamp":"2026-08-29T17:20:24.517648Z","level":"error","event":"","logger":"task.stderr"}
{"timestamp":"2026-08-29T17:20:24.518560Z","level":"error","event":"\rRDSP2408.parquet:  51%|█████     | 7.21M/14.3M [00:01<00:01, 4.89MB/s]\u001b[A\u001b[A","logger":"task.stderr"}
{"timestamp":"2026-08-29T17:20:24.519333Z","level":"error","event":"","logger":"task.stderr"}
{"timestamp":"2026-08-29T17:20:24.521089Z","level":"error","event":"\rRDSP2408.parquet:  51%|█████     | 7.27M/14.3M [00:01<00:01, 4.93MB/s]\u001b[A\u001b[A","logger":"task.stderr"}
{"timestamp":"2026-08-29T17:20:24.522428Z","level":"error","event":"","logger":"task.stderr"}
{"timestamp":"2026-08-29T17:20:24.523361Z","level":"error","event":"\rRDSP2408.parquet:  52%|█████▏    | 7.34M/14.3M [00:01<00:01, 4.97MB/s]\u001b[A\u001b[A","logger":"task.stderr"}
{"timestamp":"2026-08-29T17:20:24.524087Z","level":"error","event":"","logger":"task.stderr"}
{"timestamp":"2026-08-29T17:20:24.525237Z","level":"error","event":"\rRDSP2408.parquet:  52%|█████▏    | 7.41M/14.3M [00:01<00:01, 5.01MB/s]\u001b[A\u001b[A","logger":"task.stderr"}
{"timestamp":"2026-08-29T17:20:24.525962Z","level":"error","event":"","logger":"task.stderr"}
{"timestamp":"2026-08-29T17:20:24.530286Z","level":"error","event":"\rRDSP2408.parquet:  52%|█████▏    | 7.47M/14.3M [00:01<00:01, 5.04MB/s]\u001b[A\u001b[A","logger":"task.stderr"}
{"timestamp":"2026-08-29T17:20:24.531171Z","level":"error","event":"","logger":"task.stderr"}
{"timestamp":"2026-08-29T17:20:24.537456Z","level":"error","event":"\rRDSP2408.parquet:  53%|█████▎    | 7.54M/14.3M [00:01<00:01, 5.07MB/s]\u001b[A\u001b[A","logger":"task.stderr"}
{"timestamp":"2026-08-29T17:20:24.538465Z","level":"error","event":"","logger":"task.stderr"}
{"timestamp":"2026-08-29T17:20:24.542897Z","level":"error","event":"\rRDSP2408.parquet:  53%|█████▎    | 7.60M/14.3M [00:01<00:01, 5.09MB/s]\u001b[A\u001b[A","logger":"task.stderr"}
{"timestamp":"2026-08-29T17:20:24.543746Z","level":"error","event":"","logger":"task.stderr"}
{"timestamp":"2026-08-29T17:20:24.547683Z","level":"error","event":"\rRDSP2408.parquet:  54%|█████▍    | 7.67M/14.3M [00:01<00:01, 5.11MB/s]\u001b[A\u001b[A","logger":"task.stderr"}
{"timestamp":"2026-08-29T17:20:24.548513Z","level":"error","event":"","logger":"task.stderr"}
{"timestamp":"2026-08-29T17:20:24.551185Z","level":"error","event":"\rRDSP2408.parquet:  54%|█████▍    | 7.73M/14.3M [00:01<00:01, 5.14MB/s]\u001b[A\u001b[A","logger":"task.stderr"}
{"timestamp":"2026-08-29T17:20:24.552245Z","level":"error","event":"","logger":"task.stderr"}
{"timestamp":"2026-08-29T17:20:24.554599Z","level":"error","event":"\rRDSP2408.parquet:  55%|█████▍    | 7.80M/14.3M [00:01<00:01, 5.17MB/s]\u001b[A\u001b[A","logger":"task.stderr"}
{"timestamp":"2026-08-29T17:20:24.555349Z","level":"error","event":"","logger":"task.stderr"}
{"timestamp":"2026-08-29T17:20:24.556883Z","level":"error","event":"\rRDSP2408.parquet:  55%|█████▌    | 7.86M/14.3M [00:01<00:01, 5.21MB/s]\u001b[A\u001b[A","logger":"task.stderr"}
{"timestamp":"2026-08-29T17:20:24.557644Z","level":"error","event":"","logger":"task.stderr"}
{"timestamp":"2026-08-29T17:20:24.559129Z","level":"error","event":"\rRDSP2408.parquet:  56%|█████▌    | 7.93M/14.3M [00:01<00:01, 5.24MB/s]\u001b[A\u001b[A","logger":"task.stderr"}
{"timestamp":"2026-08-29T17:20:24.559765Z","level":"error","event":"","logger":"task.stderr"}
{"timestamp":"2026-08-29T17:20:24.565800Z","level":"error","event":"\rRDSP2408.parquet:  56%|█████▌    | 8.00M/14.3M [00:01<00:01, 5.28MB/s]\u001b[A\u001b[A","logger":"task.stderr"}
{"timestamp":"2026-08-29T17:20:24.566614Z","level":"error","event":"","logger":"task.stderr"}
{"timestamp":"2026-08-29T17:20:24.571355Z","level":"error","event":"\rRDSP2408.parquet:  57%|█████▋    | 8.06M/14.3M [00:01<00:01, 5.30MB/s]\u001b[A\u001b[A","logger":"task.stderr"}
{"timestamp":"2026-08-29T17:20:24.572118Z","level":"error","event":"","logger":"task.stderr"}
{"timestamp":"2026-08-29T17:20:24.573264Z","level":"error","event":"\rRDSP2408.parquet:  57%|█████▋    | 8.13M/14.3M [00:01<00:01, 5.32MB/s]\u001b[A\u001b[A","logger":"task.stderr"}
{"timestamp":"2026-08-29T17:20:24.574009Z","level":"error","event":"","logger":"task.stderr"}
{"timestamp":"2026-08-29T17:20:24.579809Z","level":"error","event":"\rRDSP2408.parquet:  57%|█████▋    | 8.19M/14.3M [00:01<00:01, 5.36MB/s]\u001b[A\u001b[A","logger":"task.stderr"}
{"timestamp":"2026-08-29T17:20:24.580713Z","level":"error","event":"","logger":"task.stderr"}
{"timestamp":"2026-08-29T17:20:24.584323Z","level":"error","event":"\rRDSP2408.parquet:  58%|█████▊    | 8.26M/14.3M [00:01<00:01, 5.38MB/s]\u001b[A\u001b[A","logger":"task.stderr"}
{"timestamp":"2026-08-29T17:20:24.585230Z","level":"error","event":"","logger":"task.stderr"}
{"timestamp":"2026-08-29T17:20:24.588222Z","level":"error","event":"\rRDSP2408.parquet:  58%|█████▊    | 8.32M/14.3M [00:01<00:01, 5.40MB/s]\u001b[A\u001b[A","logger":"task.stderr"}
{"timestamp":"2026-08-29T17:20:24.588935Z","level":"error","event":"","logger":"task.stderr"}
{"timestamp":"2026-08-29T17:20:24.592098Z","level":"error","event":"\rRDSP2408.parquet:  59%|█████▉    | 8.39M/14.3M [00:01<00:01, 5.43MB/s]\u001b[A\u001b[A","logger":"task.stderr"}
{"timestamp":"2026-08-29T17:20:24.593071Z","level":"error","event":"","logger":"task.stderr"}
{"timestamp":"2026-08-29T17:20:24.594677Z","level":"error","event":"\rRDSP2408.parquet:  59%|█████▉    | 8.45M/14.3M [00:01<00:01, 5.46MB/s]\u001b[A\u001b[A","logger":"task.stderr"}
{"timestamp":"2026-08-29T17:20:24.595662Z","level":"error","event":"","logger":"task.stderr"}
{"timestamp":"2026-08-29T17:20:24.596606Z","level":"error","event":"\rRDSP2408.parquet:  60%|█████▉    | 8.52M/14.3M [00:01<00:01, 5.49MB/s]\u001b[A\u001b[A","logger":"task.stderr"}
{"timestamp":"2026-08-29T17:20:24.597251Z","level":"error","event":"","logger":"task.stderr"}
{"timestamp":"2026-08-29T17:20:24.599583Z","level":"error","event":"\rRDSP2408.parquet:  60%|██████    | 8.59M/14.3M [00:01<00:01, 5.53MB/s]\u001b[A\u001b[A","logger":"task.stderr"}
{"timestamp":"2026-08-29T17:20:24.601273Z","level":"error","event":"","logger":"task.stderr"}
{"timestamp":"2026-08-29T17:20:24.602284Z","level":"error","event":"\rRDSP2408.parquet:  61%|██████    | 8.65M/14.3M [00:01<00:01, 5.56MB/s]\u001b[A\u001b[A","logger":"task.stderr"}
{"timestamp":"2026-08-29T17:20:24.602962Z","level":"error","event":"","logger":"task.stderr"}
{"timestamp":"2026-08-29T17:20:24.603976Z","level":"error","event":"\rRDSP2408.parquet:  61%|██████    | 8.72M/14.3M [00:01<00:00, 5.59MB/s]\u001b[A\u001b[A","logger":"task.stderr"}
{"timestamp":"2026-08-29T17:20:24.604676Z","level":"error","event":"","logger":"task.stderr"}
{"timestamp":"2026-08-29T17:20:24.605696Z","level":"error","event":"\rRDSP2408.parquet:  62%|██████▏   | 8.78M/14.3M [00:01<00:00, 5.63MB/s]\u001b[A\u001b[A","logger":"task.stderr"}
{"timestamp":"2026-08-29T17:20:24.606485Z","level":"error","event":"","logger":"task.stderr"}
{"timestamp":"2026-08-29T17:20:24.607978Z","level":"error","event":"\rRDSP2408.parquet:  62%|██████▏   | 8.85M/14.3M [00:01<00:00, 5.66MB/s]\u001b[A\u001b[A","logger":"task.stderr"}
{"timestamp":"2026-08-29T17:20:24.608684Z","level":"error","event":"","logger":"task.stderr"}
{"timestamp":"2026-08-29T17:20:24.610002Z","level":"error","event":"\rRDSP2408.parquet:  63%|██████▎   | 8.91M/14.3M [00:01<00:00, 5.70MB/s]\u001b[A\u001b[A","logger":"task.stderr"}
{"timestamp":"2026-08-29T17:20:24.610746Z","level":"error","event":"","logger":"task.stderr"}
{"timestamp":"2026-08-29T17:20:24.612106Z","level":"error","event":"\rRDSP2408.parquet:  63%|██████▎   | 8.98M/14.3M [00:01<00:00, 5.73MB/s]\u001b[A\u001b[A","logger":"task.stderr"}
{"timestamp":"2026-08-29T17:20:24.612876Z","level":"error","event":"","logger":"task.stderr"}
{"timestamp":"2026-08-29T17:20:24.617374Z","level":"error","event":"\rRDSP2408.parquet:  63%|██████▎   | 9.04M/14.3M [00:01<00:00, 5.77MB/s]\u001b[A\u001b[A","logger":"task.stderr"}
{"timestamp":"2026-08-29T17:20:24.618215Z","level":"error","event":"","logger":"task.stderr"}
{"timestamp":"2026-08-29T17:20:24.622579Z","level":"error","event":"\rRDSP2408.parquet:  64%|██████▍   | 9.11M/14.3M [00:01<00:00, 5.79MB/s]\u001b[A\u001b[A","logger":"task.stderr"}
{"timestamp":"2026-08-29T17:20:24.623577Z","level":"error","event":"","logger":"task.stderr"}
{"timestamp":"2026-08-29T17:20:24.630027Z","level":"error","event":"\rRDSP2408.parquet:  64%|██████▍   | 9.18M/14.3M [00:01<00:00, 5.81MB/s]\u001b[A\u001b[A","logger":"task.stderr"}
{"timestamp":"2026-08-29T17:20:24.631023Z","level":"error","event":"","logger":"task.stderr"}
{"timestamp":"2026-08-29T17:20:24.634649Z","level":"error","event":"\rRDSP2408.parquet:  65%|██████▍   | 9.24M/14.3M [00:01<00:00, 5.83MB/s]\u001b[A\u001b[A","logger":"task.stderr"}
{"timestamp":"2026-08-29T17:20:24.635583Z","level":"error","event":"","logger":"task.stderr"}
{"timestamp":"2026-08-29T17:20:24.641245Z","level":"error","event":"\rRDSP2408.parquet:  65%|██████▌   | 9.31M/14.3M [00:01<00:00, 5.85MB/s]\u001b[A\u001b[A","logger":"task.stderr"}
{"timestamp":"2026-08-29T17:20:24.642140Z","level":"error","event":"","logger":"task.stderr"}
{"timestamp":"2026-08-29T17:20:24.647841Z","level":"error","event":"\rRDSP2408.parquet:  66%|██████▌   | 9.37M/14.3M [00:01<00:00, 5.87MB/s]\u001b[A\u001b[A","logger":"task.stderr"}
{"timestamp":"2026-08-29T17:20:24.648753Z","level":"error","event":"","logger":"task.stderr"}
{"timestamp":"2026-08-29T17:20:24.653280Z","level":"error","event":"\rRDSP2408.parquet:  66%|██████▌   | 9.44M/14.3M [00:01<00:00, 5.88MB/s]\u001b[A\u001b[A","logger":"task.stderr"}
{"timestamp":"2026-08-29T17:20:24.654119Z","level":"error","event":"","logger":"task.stderr"}
{"timestamp":"2026-08-29T17:20:24.658259Z","level":"error","event":"\rRDSP2408.parquet:  67%|██████▋   | 9.50M/14.3M [00:01<00:00, 5.90MB/s]\u001b[A\u001b[A","logger":"task.stderr"}
{"timestamp":"2026-08-29T17:20:24.659069Z","level":"error","event":"","logger":"task.stderr"}
{"timestamp":"2026-08-29T17:20:24.662962Z","level":"error","event":"\rRDSP2408.parquet:  67%|██████▋   | 9.57M/14.3M [00:01<00:00, 5.93MB/s]\u001b[A\u001b[A","logger":"task.stderr"}
{"timestamp":"2026-08-29T17:20:24.663887Z","level":"error","event":"","logger":"task.stderr"}
{"timestamp":"2026-08-29T17:20:24.665467Z","level":"error","event":"\rRDSP2408.parquet:  68%|██████▊   | 9.63M/14.3M [00:01<00:00, 5.95MB/s]\u001b[A\u001b[A","logger":"task.stderr"}
{"timestamp":"2026-08-29T17:20:24.666208Z","level":"error","event":"","logger":"task.stderr"}
{"timestamp":"2026-08-29T17:20:24.668010Z","level":"error","event":"\rRDSP2408.parquet:  68%|██████▊   | 9.70M/14.3M [00:01<00:00, 5.98MB/s]\u001b[A\u001b[A","logger":"task.stderr"}
{"timestamp":"2026-08-29T17:20:24.668956Z","level":"error","event":"","logger":"task.stderr"}
{"timestamp":"2026-08-29T17:20:24.670624Z","level":"error","event":"\rRDSP2408.parquet:  69%|██████▊   | 9.76M/14.3M [00:01<00:00, 6.01MB/s]\u001b[A\u001b[A","logger":"task.stderr"}
{"timestamp":"2026-08-29T17:20:24.671495Z","level":"error","event":"","logger":"task.stderr"}
{"timestamp":"2026-08-29T17:20:24.673239Z","level":"error","event":"\rRDSP2408.parquet:  69%|██████▉   | 9.83M/14.3M [00:01<00:00, 6.04MB/s]\u001b[A\u001b[A","logger":"task.stderr"}
{"timestamp":"2026-08-29T17:20:24.674148Z","level":"error","event":"","logger":"task.stderr"}
{"timestamp":"2026-08-29T17:20:24.675203Z","level":"error","event":"\rRDSP2408.parquet:  69%|██████▉   | 9.90M/14.3M [00:01<00:00, 6.07MB/s]\u001b[A\u001b[A","logger":"task.stderr"}
{"timestamp":"2026-08-29T17:20:24.675894Z","level":"error","event":"","logger":"task.stderr"}
{"timestamp":"2026-08-29T17:20:24.677031Z","level":"error","event":"\rRDSP2408.parquet:  70%|██████▉   | 9.96M/14.3M [00:01<00:00, 6.11MB/s]\u001b[A\u001b[A","logger":"task.stderr"}
{"timestamp":"2026-08-29T17:20:24.677772Z","level":"error","event":"","logger":"task.stderr"}
{"timestamp":"2026-08-29T17:20:24.678838Z","level":"error","event":"\rRDSP2408.parquet:  70%|███████   | 10.0M/14.3M [00:01<00:00, 6.14MB/s]\u001b[A\u001b[A","logger":"task.stderr"}
{"timestamp":"2026-08-29T17:20:24.679453Z","level":"error","event":"","logger":"task.stderr"}
{"timestamp":"2026-08-29T17:20:24.681218Z","level":"error","event":"\rRDSP2408.parquet:  71%|███████   | 10.1M/14.3M [00:01<00:00, 6.17MB/s]\u001b[A\u001b[A","logger":"task.stderr"}
{"timestamp":"2026-08-29T17:20:24.684895Z","level":"error","event":"","logger":"task.stderr"}
{"timestamp":"2026-08-29T17:20:24.686405Z","level":"error","event":"\rRDSP2408.parquet:  71%|███████▏  | 10.2M/14.3M [00:01<00:00, 6.20MB/s]\u001b[A\u001b[A","logger":"task.stderr"}
{"timestamp":"2026-08-29T17:20:24.687247Z","level":"error","event":"","logger":"task.stderr"}
{"timestamp":"2026-08-29T17:20:24.688166Z","level":"error","event":"\rRDSP2408.parquet:  72%|███████▏  | 10.2M/14.3M [00:01<00:00, 6.22MB/s]\u001b[A\u001b[A","logger":"task.stderr"}
{"timestamp":"2026-08-29T17:20:24.688856Z","level":"error","event":"","logger":"task.stderr"}
{"timestamp":"2026-08-29T17:20:24.691535Z","level":"error","event":"\rRDSP2408.parquet:  72%|███████▏  | 10.3M/14.3M [00:01<00:00, 6.26MB/s]\u001b[A\u001b[A","logger":"task.stderr"}
{"timestamp":"2026-08-29T17:20:24.692279Z","level":"error","event":"","logger":"task.stderr"}
{"timestamp":"2026-08-29T17:20:24.694940Z","level":"error","event":"\rRDSP2408.parquet:  73%|███████▎  | 10.4M/14.3M [00:01<00:00, 6.28MB/s]\u001b[A\u001b[A","logger":"task.stderr"}
{"timestamp":"2026-08-29T17:20:24.695786Z","level":"error","event":"","logger":"task.stderr"}
{"timestamp":"2026-08-29T17:20:24.698349Z","level":"error","event":"\rRDSP2408.parquet:  73%|███████▎  | 10.4M/14.3M [00:01<00:00, 6.31MB/s]\u001b[A\u001b[A","logger":"task.stderr"}
{"timestamp":"2026-08-29T17:20:24.699130Z","level":"error","event":"","logger":"task.stderr"}
{"timestamp":"2026-08-29T17:20:24.699936Z","level":"error","event":"\rRDSP2408.parquet:  74%|███████▎  | 10.5M/14.3M [00:01<00:00, 6.34MB/s]\u001b[A\u001b[A","logger":"task.stderr"}
{"timestamp":"2026-08-29T17:20:24.700659Z","level":"error","event":"","logger":"task.stderr"}
{"timestamp":"2026-08-29T17:20:24.702332Z","level":"error","event":"\rRDSP2408.parquet:  74%|███████▍  | 10.6M/14.3M [00:01<00:00, 6.37MB/s]\u001b[A\u001b[A","logger":"task.stderr"}
{"timestamp":"2026-08-29T17:20:24.703112Z","level":"error","event":"","logger":"task.stderr"}
{"timestamp":"2026-08-29T17:20:24.704592Z","level":"error","event":"\rRDSP2408.parquet:  75%|███████▍  | 10.6M/14.3M [00:01<00:00, 6.40MB/s]\u001b[A\u001b[A","logger":"task.stderr"}
{"timestamp":"2026-08-29T17:20:24.705385Z","level":"error","event":"","logger":"task.stderr"}
{"timestamp":"2026-08-29T17:20:24.706560Z","level":"error","event":"\rRDSP2408.parquet:  75%|███████▍  | 10.7M/14.3M [00:01<00:00, 6.43MB/s]\u001b[A\u001b[A","logger":"task.stderr"}
{"timestamp":"2026-08-29T17:20:24.707189Z","level":"error","event":"","logger":"task.stderr"}
{"timestamp":"2026-08-29T17:20:24.709564Z","level":"error","event":"\rRDSP2408.parquet:  75%|███████▌  | 10.7M/14.3M [00:01<00:00, 6.46MB/s]\u001b[A\u001b[A","logger":"task.stderr"}
{"timestamp":"2026-08-29T17:20:24.710349Z","level":"error","event":"","logger":"task.stderr"}
{"timestamp":"2026-08-29T17:20:24.711641Z","level":"error","event":"\rRDSP2408.parquet:  76%|███████▌  | 10.8M/14.3M [00:01<00:00, 6.49MB/s]\u001b[A\u001b[A","logger":"task.stderr"}
{"timestamp":"2026-08-29T17:20:24.712388Z","level":"error","event":"","logger":"task.stderr"}
{"timestamp":"2026-08-29T17:20:24.713486Z","level":"error","event":"\rRDSP2408.parquet:  76%|███████▋  | 10.9M/14.3M [00:01<00:00, 6.52MB/s]\u001b[A\u001b[A","logger":"task.stderr"}
{"timestamp":"2026-08-29T17:20:24.714100Z","level":"error","event":"","logger":"task.stderr"}
{"timestamp":"2026-08-29T17:20:24.715428Z","level":"error","event":"\rRDSP2408.parquet:  77%|███████▋  | 10.9M/14.3M [00:01<00:00, 6.55MB/s]\u001b[A\u001b[A","logger":"task.stderr"}
{"timestamp":"2026-08-29T17:20:24.716285Z","level":"error","event":"","logger":"task.stderr"}
{"timestamp":"2026-08-29T17:20:24.719447Z","level":"error","event":"\rRDSP2408.parquet:  77%|███████▋  | 11.0M/14.3M [00:01<00:00, 6.59MB/s]\u001b[A\u001b[A","logger":"task.stderr"}
{"timestamp":"2026-08-29T17:20:24.720128Z","level":"error","event":"","logger":"task.stderr"}
{"timestamp":"2026-08-29T17:20:24.721628Z","level":"error","event":"\rRDSP2408.parquet:  78%|███████▊  | 11.1M/14.3M [00:01<00:00, 6.61MB/s]\u001b[A\u001b[A","logger":"task.stderr"}
{"timestamp":"2026-08-29T17:20:24.722466Z","level":"error","event":"","logger":"task.stderr"}
{"timestamp":"2026-08-29T17:20:24.724012Z","level":"error","event":"\rRDSP2408.parquet:  78%|███████▊  | 11.1M/14.3M [00:01<00:00, 6.64MB/s]\u001b[A\u001b[A","logger":"task.stderr"}
{"timestamp":"2026-08-29T17:20:24.725013Z","level":"error","event":"","logger":"task.stderr"}
{"timestamp":"2026-08-29T17:20:24.726842Z","level":"error","event":"\rRDSP2408.parquet:  79%|███████▊  | 11.2M/14.3M [00:01<00:00, 6.67MB/s]\u001b[A\u001b[A","logger":"task.stderr"}
{"timestamp":"2026-08-29T17:20:24.727618Z","level":"error","event":"","logger":"task.stderr"}
{"timestamp":"2026-08-29T17:20:24.728434Z","level":"error","event":"\rRDSP2408.parquet:  79%|███████▉  | 11.3M/14.3M [00:01<00:00, 6.70MB/s]\u001b[A\u001b[A","logger":"task.stderr"}
{"timestamp":"2026-08-29T17:20:24.729115Z","level":"error","event":"","logger":"task.stderr"}
{"timestamp":"2026-08-29T17:20:24.730231Z","level":"error","event":"\rRDSP2408.parquet:  80%|███████▉  | 11.3M/14.3M [00:01<00:00, 6.73MB/s]\u001b[A\u001b[A","logger":"task.stderr"}
{"timestamp":"2026-08-29T17:20:24.731024Z","level":"error","event":"","logger":"task.stderr"}
{"timestamp":"2026-08-29T17:20:24.732043Z","level":"error","event":"\rRDSP2408.parquet:  80%|████████  | 11.4M/14.3M [00:01<00:00, 6.76MB/s]\u001b[A\u001b[A","logger":"task.stderr"}
{"timestamp":"2026-08-29T17:20:24.732826Z","level":"error","event":"","logger":"task.stderr"}
{"timestamp":"2026-08-29T17:20:24.736645Z","level":"error","event":"\rRDSP2408.parquet:  80%|████████  | 11.5M/14.3M [00:01<00:00, 6.79MB/s]\u001b[A\u001b[A","logger":"task.stderr"}
{"timestamp":"2026-08-29T17:20:24.737633Z","level":"error","event":"","logger":"task.stderr"}
{"timestamp":"2026-08-29T17:20:24.739274Z","level":"error","event":"\rRDSP2408.parquet:  81%|████████  | 11.5M/14.3M [00:01<00:00, 6.81MB/s]\u001b[A\u001b[A","logger":"task.stderr"}
{"timestamp":"2026-08-29T17:20:24.740009Z","level":"error","event":"","logger":"task.stderr"}
{"timestamp":"2026-08-29T17:20:24.742240Z","level":"error","event":"\rRDSP2408.parquet:  81%|████████▏ | 11.6M/14.3M [00:01<00:00, 6.84MB/s]\u001b[A\u001b[A","logger":"task.stderr"}
{"timestamp":"2026-08-29T17:20:24.742890Z","level":"error","event":"","logger":"task.stderr"}
{"timestamp":"2026-08-29T17:20:24.744745Z","level":"error","event":"\rRDSP2408.parquet:  82%|████████▏ | 11.7M/14.3M [00:01<00:00, 6.87MB/s]\u001b[A\u001b[A","logger":"task.stderr"}
{"timestamp":"2026-08-29T17:20:24.745525Z","level":"error","event":"","logger":"task.stderr"}
{"timestamp":"2026-08-29T17:20:24.746560Z","level":"error","event":"\rRDSP2408.parquet:  82%|████████▏ | 11.7M/14.3M [00:01<00:00, 6.90MB/s]\u001b[A\u001b[A","logger":"task.stderr"}
{"timestamp":"2026-08-29T17:20:24.747258Z","level":"error","event":"","logger":"task.stderr"}
{"timestamp":"2026-08-29T17:20:24.748748Z","level":"error","event":"\rRDSP2408.parquet:  83%|████████▎ | 11.8M/14.3M [00:01<00:00, 6.93MB/s]\u001b[A\u001b[A","logger":"task.stderr"}
{"timestamp":"2026-08-29T17:20:24.749366Z","level":"error","event":"","logger":"task.stderr"}
{"timestamp":"2026-08-29T17:20:24.750501Z","level":"error","event":"\rRDSP2408.parquet:  83%|████████▎ | 11.9M/14.3M [00:01<00:00, 6.96MB/s]\u001b[A\u001b[A","logger":"task.stderr"}
{"timestamp":"2026-08-29T17:20:24.751210Z","level":"error","event":"","logger":"task.stderr"}
{"timestamp":"2026-08-29T17:20:24.752987Z","level":"error","event":"\rRDSP2408.parquet:  84%|████████▎ | 11.9M/14.3M [00:01<00:00, 6.99MB/s]\u001b[A\u001b[A","logger":"task.stderr"}
{"timestamp":"2026-08-29T17:20:24.753730Z","level":"error","event":"","logger":"task.stderr"}
{"timestamp":"2026-08-29T17:20:24.754721Z","level":"error","event":"\rRDSP2408.parquet:  84%|████████▍ | 12.0M/14.3M [00:01<00:00, 7.02MB/s]\u001b[A\u001b[A","logger":"task.stderr"}
{"timestamp":"2026-08-29T17:20:24.755343Z","level":"error","event":"","logger":"task.stderr"}
{"timestamp":"2026-08-29T17:20:24.757673Z","level":"error","event":"\rRDSP2408.parquet:  85%|████████▍ | 12.1M/14.3M [00:01<00:00, 7.05MB/s]\u001b[A\u001b[A","logger":"task.stderr"}
{"timestamp":"2026-08-29T17:20:24.758474Z","level":"error","event":"","logger":"task.stderr"}
{"timestamp":"2026-08-29T17:20:24.760531Z","level":"error","event":"\rRDSP2408.parquet:  85%|████████▌ | 12.1M/14.3M [00:01<00:00, 7.07MB/s]\u001b[A\u001b[A","logger":"task.stderr"}
{"timestamp":"2026-08-29T17:20:24.761152Z","level":"error","event":"","logger":"task.stderr"}
{"timestamp":"2026-08-29T17:20:24.762450Z","level":"error","event":"\rRDSP2408.parquet:  86%|████████▌ | 12.2M/14.3M [00:01<00:00, 7.10MB/s]\u001b[A\u001b[A","logger":"task.stderr"}
{"timestamp":"2026-08-29T17:20:24.763119Z","level":"error","event":"","logger":"task.stderr"}
{"timestamp":"2026-08-29T17:20:24.765009Z","level":"error","event":"\rRDSP2408.parquet:  86%|████████▌ | 12.3M/14.3M [00:01<00:00, 7.13MB/s]\u001b[A\u001b[A","logger":"task.stderr"}
{"timestamp":"2026-08-29T17:20:24.765821Z","level":"error","event":"","logger":"task.stderr"}
{"timestamp":"2026-08-29T17:20:24.768369Z","level":"error","event":"\rRDSP2408.parquet:  86%|████████▋ | 12.3M/14.3M [00:01<00:00, 7.16MB/s]\u001b[A\u001b[A","logger":"task.stderr"}
{"timestamp":"2026-08-29T17:20:24.769152Z","level":"error","event":"","logger":"task.stderr"}
{"timestamp":"2026-08-29T17:20:24.770788Z","level":"error","event":"\rRDSP2408.parquet:  87%|████████▋ | 12.4M/14.3M [00:01<00:00, 7.18MB/s]\u001b[A\u001b[A","logger":"task.stderr"}
{"timestamp":"2026-08-29T17:20:24.771599Z","level":"error","event":"","logger":"task.stderr"}
{"timestamp":"2026-08-29T17:20:24.773411Z","level":"error","event":"\rRDSP2408.parquet:  87%|████████▋ | 12.5M/14.3M [00:01<00:00, 7.21MB/s]\u001b[A\u001b[A","logger":"task.stderr"}
{"timestamp":"2026-08-29T17:20:24.774248Z","level":"error","event":"","logger":"task.stderr"}
{"timestamp":"2026-08-29T17:20:24.775859Z","level":"error","event":"\rRDSP2408.parquet:  88%|████████▊ | 12.5M/14.3M [00:01<00:00, 7.24MB/s]\u001b[A\u001b[A","logger":"task.stderr"}
{"timestamp":"2026-08-29T17:20:24.776496Z","level":"error","event":"","logger":"task.stderr"}
{"timestamp":"2026-08-29T17:20:24.777905Z","level":"error","event":"\rRDSP2408.parquet:  88%|████████▊ | 12.6M/14.3M [00:01<00:00, 7.26MB/s]\u001b[A\u001b[A","logger":"task.stderr"}
{"timestamp":"2026-08-29T17:20:24.778604Z","level":"error","event":"","logger":"task.stderr"}
{"timestamp":"2026-08-29T17:20:24.782103Z","level":"error","event":"\rRDSP2408.parquet:  89%|████████▉ | 12.6M/14.3M [00:01<00:00, 7.29MB/s]\u001b[A\u001b[A","logger":"task.stderr"}
{"timestamp":"2026-08-29T17:20:24.782858Z","level":"error","event":"","logger":"task.stderr"}
{"timestamp":"2026-08-29T17:20:24.787119Z","level":"error","event":"\rRDSP2408.parquet:  89%|████████▉ | 12.7M/14.3M [00:01<00:00, 7.31MB/s]\u001b[A\u001b[A","logger":"task.stderr"}
{"timestamp":"2026-08-29T17:20:24.787918Z","level":"error","event":"","logger":"task.stderr"}
{"timestamp":"2026-08-29T17:20:24.793285Z","level":"error","event":"\rRDSP2408.parquet:  90%|████████▉ | 12.8M/14.3M [00:01<00:00, 7.33MB/s]\u001b[A\u001b[A","logger":"task.stderr"}
{"timestamp":"2026-08-29T17:20:24.794098Z","level":"error","event":"","logger":"task.stderr"}
{"timestamp":"2026-08-29T17:20:24.800589Z","level":"error","event":"\rRDSP2408.parquet:  90%|█████████ | 12.8M/14.3M [00:01<00:00, 7.34MB/s]\u001b[A\u001b[A","logger":"task.stderr"}
{"timestamp":"2026-08-29T17:20:24.801369Z","level":"error","event":"","logger":"task.stderr"}
{"timestamp":"2026-08-29T17:20:24.806094Z","level":"error","event":"\rRDSP2408.parquet:  91%|█████████ | 12.9M/14.3M [00:01<00:00, 7.35MB/s]\u001b[A\u001b[A","logger":"task.stderr"}
{"timestamp":"2026-08-29T17:20:24.806933Z","level":"error","event":"","logger":"task.stderr"}
{"timestamp":"2026-08-29T17:20:24.811533Z","level":"error","event":"\rRDSP2408.parquet:  91%|█████████ | 13.0M/14.3M [00:01<00:00, 7.36MB/s]\u001b[A\u001b[A","logger":"task.stderr"}
{"timestamp":"2026-08-29T17:20:24.812242Z","level":"error","event":"","logger":"task.stderr"}
{"timestamp":"2026-08-29T17:20:24.815058Z","level":"error","event":"\rRDSP2408.parquet:  92%|█████████▏| 13.0M/14.3M [00:01<00:00, 7.38MB/s]\u001b[A\u001b[A","logger":"task.stderr"}
{"timestamp":"2026-08-29T17:20:24.815817Z","level":"error","event":"","logger":"task.stderr"}
{"timestamp":"2026-08-29T17:20:24.821506Z","level":"error","event":"\rRDSP2408.parquet:  92%|█████████▏| 13.1M/14.3M [00:01<00:00, 7.40MB/s]\u001b[A\u001b[A","logger":"task.stderr"}
{"timestamp":"2026-08-29T17:20:24.822293Z","level":"error","event":"","logger":"task.stderr"}
{"timestamp":"2026-08-29T17:20:24.826341Z","level":"error","event":"\rRDSP2408.parquet:  92%|█████████▏| 13.2M/14.3M [00:01<00:00, 7.41MB/s]\u001b[A\u001b[A","logger":"task.stderr"}
{"timestamp":"2026-08-29T17:20:24.827167Z","level":"error","event":"","logger":"task.stderr"}
{"timestamp":"2026-08-29T17:20:24.830813Z","level":"error","event":"\rRDSP2408.parquet:  93%|█████████▎| 13.2M/14.3M [00:01<00:00, 7.43MB/s]\u001b[A\u001b[A","logger":"task.stderr"}
{"timestamp":"2026-08-29T17:20:24.831540Z","level":"error","event":"","logger":"task.stderr"}
{"timestamp":"2026-08-29T17:20:24.838129Z","level":"error","event":"\rRDSP2408.parquet:  93%|█████████▎| 13.3M/14.3M [00:01<00:00, 7.44MB/s]\u001b[A\u001b[A","logger":"task.stderr"}
{"timestamp":"2026-08-29T17:20:24.838910Z","level":"error","event":"","logger":"task.stderr"}
{"timestamp":"2026-08-29T17:20:24.842780Z","level":"error","event":"\rRDSP2408.parquet:  94%|█████████▍| 13.4M/14.3M [00:01<00:00, 7.45MB/s]\u001b[A\u001b[A","logger":"task.stderr"}
{"timestamp":"2026-08-29T17:20:24.843543Z","level":"error","event":"","logger":"task.stderr"}
{"timestamp":"2026-08-29T17:20:24.848667Z","level":"error","event":"\rRDSP2408.parquet:  94%|█████████▍| 13.4M/14.3M [00:01<00:00, 7.47MB/s]\u001b[A\u001b[A","logger":"task.stderr"}
{"timestamp":"2026-08-29T17:20:24.849486Z","level":"error","event":"","logger":"task.stderr"}
{"timestamp":"2026-08-29T17:20:24.855387Z","level":"error","event":"\rRDSP2408.parquet:  95%|█████████▍| 13.5M/14.3M [00:01<00:00, 7.48MB/s]\u001b[A\u001b[A","logger":"task.stderr"}
{"timestamp":"2026-08-29T17:20:24.856173Z","level":"error","event":"","logger":"task.stderr"}
{"timestamp":"2026-08-29T17:20:24.861986Z","level":"error","event":"\rRDSP2408.parquet:  95%|█████████▌| 13.6M/14.3M [00:01<00:00, 7.49MB/s]\u001b[A\u001b[A","logger":"task.stderr"}
{"timestamp":"2026-08-29T17:20:24.862846Z","level":"error","event":"","logger":"task.stderr"}
{"timestamp":"2026-08-29T17:20:24.867306Z","level":"error","event":"\rRDSP2408.parquet:  96%|█████████▌| 13.6M/14.3M [00:01<00:00, 7.50MB/s]\u001b[A\u001b[A","logger":"task.stderr"}
{"timestamp":"2026-08-29T17:20:24.868038Z","level":"error","event":"","logger":"task.stderr"}
{"timestamp":"2026-08-29T17:20:24.872610Z","level":"error","event":"\rRDSP2408.parquet:  96%|█████████▌| 13.7M/14.3M [00:01<00:00, 7.51MB/s]\u001b[A\u001b[A","logger":"task.stderr"}
{"timestamp":"2026-08-29T17:20:24.873535Z","level":"error","event":"","logger":"task.stderr"}
{"timestamp":"2026-08-29T17:20:24.879619Z","level":"error","event":"\rRDSP2408.parquet:  97%|█████████▋| 13.8M/14.3M [00:01<00:00, 7.53MB/s]\u001b[A\u001b[A","logger":"task.stderr"}
{"timestamp":"2026-08-29T17:20:24.880474Z","level":"error","event":"","logger":"task.stderr"}
{"timestamp":"2026-08-29T17:20:24.886758Z","level":"error","event":"\rRDSP2408.parquet:  97%|█████████▋| 13.8M/14.3M [00:01<00:00, 7.53MB/s]\u001b[A\u001b[A","logger":"task.stderr"}
{"timestamp":"2026-08-29T17:20:24.887692Z","level":"error","event":"","logger":"task.stderr"}
{"timestamp":"2026-08-29T17:20:24.889527Z","level":"error","event":"\rRDSP2408.parquet:  97%|█████████▋| 13.9M/14.3M [00:01<00:00, 7.54MB/s]\u001b[A\u001b[A","logger":"task.stderr"}
{"timestamp":"2026-08-29T17:20:24.890288Z","level":"error","event":"","logger":"task.stderr"}
{"timestamp":"2026-08-29T17:20:24.891377Z","level":"error","event":"\rRDSP2408.parquet:  98%|█████████▊| 14.0M/14.3M [00:01<00:00, 7.56MB/s]\u001b[A\u001b[A","logger":"task.stderr"}
{"timestamp":"2026-08-29T17:20:24.892057Z","level":"error","event":"","logger":"task.stderr"}
{"timestamp":"2026-08-29T17:20:24.894108Z","level":"error","event":"\rRDSP2408.parquet:  98%|█████████▊| 14.0M/14.3M [00:01<00:00, 7.59MB/s]\u001b[A\u001b[A","logger":"task.stderr"}
{"timestamp":"2026-08-29T17:20:24.894912Z","level":"error","event":"","logger":"task.stderr"}
{"timestamp":"2026-08-29T17:20:24.896208Z","level":"error","event":"\rRDSP2408.parquet:  99%|█████████▉| 14.1M/14.3M [00:01<00:00, 7.62MB/s]\u001b[A\u001b[A","logger":"task.stderr"}
{"timestamp":"2026-08-29T17:20:24.896952Z","level":"error","event":"","logger":"task.stderr"}
{"timestamp":"2026-08-29T17:20:24.898257Z","level":"error","event":"\rRDSP2408.parquet:  99%|█████████▉| 14.2M/14.3M [00:01<00:00, 7.64MB/s]\u001b[A\u001b[A","logger":"task.stderr"}
{"timestamp":"2026-08-29T17:20:24.898912Z","level":"error","event":"","logger":"task.stderr"}
{"timestamp":"2026-08-29T17:20:24.899529Z","level":"error","event":"\rRDSP2408.parquet: 100%|█████████▉| 14.2M/14.3M [00:01<00:00, 7.67MB/s]\u001b[A\u001b[A","logger":"task.stderr"}
{"timestamp":"2026-08-29T17:20:24.900117Z","level":"error","event":"","logger":"task.stderr"}
{"timestamp":"2026-08-29T17:20:24.924482Z","level":"error","event":"\rRDSP2408.parquet: 100%|██████████| 14.3M/14.3M [00:01<00:00, 7.68MB/s]\u001b[A\u001b[A\rRDSP2408.parquet: 100%|██████████| 14.3M/14.3M [00:01<00:00, 7.58MB/s]","logger":"task.stderr"}
{"timestamp":"2026-08-29T17:20:24.927971Z","level":"error","event":"\rDownloading sih: 100%|██████████| 3/3 [00:03<00:00,  1.10s/file]\rDownloading sih: 100%|██████████| 3/3 [00:03<00:00,  1.19s/file]","logger":"task.stderr"}
{"timestamp":"2026-08-29T17:20:25.688891Z","level":"info","event":"[SIH] Carregado: 246,085 registros","logger":"task.stdout"}
{"timestamp":"2026-08-29T17:20:28.450974Z","level":"info","event":"[SIH] Salvo localmente em: /opt/airflow/data/raw/sih_SP_2024_08.parquet","logger":"task.stdout"}
{"timestamp":"2026-08-29T17:20:28.451800Z","level":"info","event":"[CNES] Baixando dados: SP 2024/08","logger":"task.stdout"}
{"timestamp":"2026-08-29T17:20:37.592538Z","level":"error","event":"\rDownloading cnes:   0%|          | 0/1 [00:00<?, ?file/s]","logger":"task.stderr"}
{"timestamp":"2026-08-29T17:20:40.274061Z","level":"error","event":"\rLTSP2408.parquet: 0.00B [00:00, ?B/s]\u001b[A","logger":"task.stderr"}
{"timestamp":"2026-08-29T17:20:40.282460Z","level":"error","event":"\rLTSP2408.parquet:   0%|          | 0.00/98.6k [00:00<?, ?B/s]\u001b[A","logger":"task.stderr"}
{"timestamp":"2026-08-29T17:20:40.351683Z","level":"error","event":"\rLTSP2408.parquet:  66%|██████▋   | 65.5k/98.6k [00:00<00:00, 443MB/s]\u001b[A","logger":"task.stderr"}
{"timestamp":"2026-08-29T17:20:40.390945Z","level":"error","event":"\rLTSP2408.parquet: 100%|██████████| 98.6k/98.6k [00:00<00:00, 1.27MB/s]\u001b[A\rLTSP2408.parquet: 100%|██████████| 98.6k/98.6k [00:00<00:00, 845kB/s]","logger":"task.stderr"}
{"timestamp":"2026-08-29T17:20:40.414626Z","level":"error","event":"\rDownloading cnes: 100%|██████████| 1/1 [00:02<00:00,  2.82s/file]\rDownloading cnes: 100%|██████████| 1/1 [00:02<00:00,  2.82s/file]","logger":"task.stderr"}
{"timestamp":"2026-08-29T17:20:40.426440Z","level":"info","event":"[CNES] Carregado: 8,445 registros","logger":"task.stdout"}
{"timestamp":"2026-08-29T17:20:40.522177Z","level":"info","event":"[CNES] Salvo localmente em: /opt/airflow/data/raw/cnes_SP_2024_08.parquet","logger":"task.stdout"}
{"timestamp":"2026-08-29T17:20:40.523161Z","level":"info","event":"[IBGE] Carregando dados para SP","logger":"task.stdout"}
{"timestamp":"2026-08-29T17:20:40.773405Z","level":"info","event":"[IBGE] Carregado: 645 municípios","logger":"task.stdout"}
{"timestamp":"2026-08-29T17:20:40.814525Z","level":"info","event":"[IBGE] Salvo localmente em: /opt/airflow/data/reference/ibge_SP.parquet","logger":"task.stdout"}
{"timestamp":"2026-08-29T17:20:40.815308Z","level":"info","event":"==================================================","logger":"task.stdout"}
{"timestamp":"2026-08-29T17:20:40.815968Z","level":"info","event":"RESUMO DA INGESTÃO","logger":"task.stdout"}
{"timestamp":"2026-08-29T17:20:40.816615Z","level":"info","event":"SIH        | OK    |  246,085 registros","logger":"task.stdout"}
{"timestamp":"2026-08-29T17:20:40.817223Z","level":"info","event":"CNES       | OK    |    8,445 registros","logger":"task.stdout"}
{"timestamp":"2026-08-29T17:20:40.817948Z","level":"info","event":"IBGE       | OK    |      645 registros","logger":"task.stdout"}
{"timestamp":"2026-08-29T17:20:40.818586Z","level":"info","event":"==================================================","logger":"task.stdout"}
{"timestamp":"2026-08-29T17:20:40.819156Z","level":"info","event":"[INGESTAO] Concluída com sucesso.","logger":"task.stdout"}
{"timestamp":"2026-08-29T17:20:40.869887Z","level":"info","event":"Done. Returned value was: None","logger":"airflow.task.operators.airflow.providers.standard.operators.python.PythonOperator","filename":"python.py","lineno":229}
